"component","sam_setting","sam_value","tam_status","tam_mapping","notes"
"age range","minAge/maxAge","1, 6","supported","ages = minAge:maxAge","Conversion rejects source ages outside this range rather than aggregating silently."
"plus groups","maxAgePlusGroup","1, 0, 0","supported","tinyAM terminal plus group","tinyAM always has a terminal plus group; lower-age survey plus groups cannot be translated as ordinary age observations."
"catch fleets","fleetTypes (catch)","0","supported","one type-0 catch table","Multiple catch fleets cannot share tinyAM's single F surface without changing assumptions."
"survey fleets","fleetTypes (survey)","2, 2","supported","index$survey and index$samp_time","Type 2 only; timing is the mean of source endpoints, with row effort normalization."
"F states","keyLogFsta","0, -1, -1, 1, -1, -1, 2, -1, -1, 3, -1, -1, 4, -1, -1, 5, -1, -1","supported","one independent latent log_f column per modeled age","Repeated keys share the SAME state in SAM; mu_form shares only expected/mean structure and cannot enforce this equality."
"F innovation correlation","corFlag","2","unsupported","F_settings = list(process = ""rw"", mu_form = NULL)","SAM 0=independent, 1=compound symmetry, 2=AR1 across innovations, 3=separable, 4=0.99 correlation. tinyAM rw has independent increments; stationary ar1 is not equivalent."
"catchability","keyLogFpar","-1, 0, 5, -1, 1, 6, -1, 2, 7, -1, 3, 8, -1, 4, -1, -1, -1, -1","supported","index_settings$q_form = ~ 0 + q_block","q_block uses original global keys, including sharing across surveys. Fixed q=1 cells (-1) use zero rows in numeric indicator columns, without an intercept."
"F process variance","keyVarF","0, -1, -1, 1, -1, -1, 1, -1, -1, 1, -1, -1, 1, -1, -1, 1, -1, -1","unsupported","one tinyAM log_sd_f","SAM selects variance for each unique F state from its first fleet-age occurrence; different active keys need different process SDs."
"N process variance","keyVarLogN","0, 1, 1, 1, 1, 1","supported","N_settings = list(process = ""iid"", init = ""free""); separate sd_r and sd_n","Exact variance grouping needs one survival SD and a separate recruitment SD; tinyAM cannot tie those two parameters or fit age-specific survival SDs."
"observation variance","keyVarObs","0, 3, 5, 1, 4, 6, 2, 4, 6, 2, 4, 6, 2, 4, -1, 2, -1, -1","supported","catch_settings$sd_form = ~ 0 + sd_block; index_settings$sd_form = ~ 0 + sd_block","sd_block retains source keys. Sharing is exact within each table, but shared catch/index keys cannot be enforced by separate SD parameter vectors."
"observation covariance","obsCorStruct","ID, ID, ID","supported","independent observation errors","AR and US covariance cannot be represented by sd_form."
"observation correlations","keyCorObs","NA, NA, NA, NA, NA, NA, NA, NA, NA, NA, NA, -1, NA, -1, -1","supported","inactive when obsCorStruct=ID","Correlation keys matter only for enabled AR observation covariance."
"observation likelihood","obsLikelihoodFlag","LN, LN, LN","supported","independent lognormal likelihood","ALN models proportions plus totals; Gaussian-mixture and observation-weight options are audited separately."
"recruitment","stockRecruitmentModelCode","0","supported","random walk on log recruitment","tinyAM's recruitment is always a log random walk; N_settings$process controls survival residuals."
"natural mortality","nm.dat","1.21536529, 1.21536529, 1.21536529, 1.21536529, 1.21536529, 1.21536529, 1.21536529, 1.21536529, 1.21536529, 1.21536529, 1.21536529, 1.207730002, 1.233236947, 1.259720694, 1.286299933, 1.311146884, 1.332207108, 1.348733722, 1.359575331, 1.362402431, 1.356830745, 1.343619115, 1.324538683, 1.300664432, ... (318 values)","supported","M_settings = list(process = ""off"", mu_form = NULL, mu_supplied = ~ M_assumption)","Supplied year-age natural mortality, with no estimated mean intercept. tinyAM's supplied log-M surface requires positive M; zero-M cases need separate treatment."
"maturity","mo.dat","0.01, 0.01, 0.01, 0.01, 0.01, 0.01, 0.01, 0.01, 0.01, 0.01, 0.00887589874382489, 0.00807595087067863, 0.00727730792433095, 0.00648259391402185, 0.00569616756695947, 0.00492420839770646, 0.00417471567293344, 0.00345741404306919, 0.00278350262619204, 0.00216518209972416, 0.00161495777131827, 0.00114482242746996, 0.000765521838816306, 0.000486143875127449, ... (318 values)","supported","maturity$obs","Unchanged proportions; modeled maturity is a separate option."
"stock weight","sw.dat","0.314, 0.357, 0.312, 0.313, 0.326, 0.327, 0.417, 0.449, 0.314, 0.3, 0.335, 0.304, 0.304, 0.198, 0.294, 0.432, 0.291, 0.257, 0.33, 0.358, 0.403, 0.305, 0.314, 0.293, ... (318 values)","supported","weight$obs","Unchanged stock mean weight, with original source units."
"catch weight","cw.dat","0.314, 0.357, 0.312, 0.313, 0.326, 0.327, 0.417, 0.449, 0.314, 0.3, 0.335, 0.304, 0.304, 0.198, 0.294, 0.432, 0.291, 0.257, 0.33, 0.358, 0.403, 0.305, 0.314, 0.293, ... (312 values)","partially_supported","weight$catch_weight metadata","Catch numbers use the same Baranov equation, but tinyAM yield uses stock weight; compare catch biomass using retained catch weight separately."
"spawning timing","propF/propM","0, 0, 0, 0, 0, 0, 0, 0, 0, 0, 0, 0, 0, 0, 0, 0, 0, 0, 0, 0, 0, 0, 0, 0, ... (636 values)","supported","weight$propF and weight$propM metadata","SAM SSB includes exp(-F*propF-M*propM); tinyAM SSB is at the beginning of the year."
"Fbar","fbarRange","2, 4","partially_supported","F_settings$mean_ages = seq(min(fbarRange), max(fbarRange)); compare rowMeans(F[, ages])","The age range maps exactly; SAM's arithmetic Fbar differs from tinyAM's abundance-weighted reported F_bar."
"catch scaling","noScaledYears","13","unsupported","no estimated catch scaling","SAM subtracts logScale[keyParScaledYA] from catch predictions in keyScaledYears; tinyAM has no matching parameter."
"catch scaling years","keyScaledYears","1993, 1994, 1995, 1996, 1997, 1998, 1999, 2000, 2001, 2002, 2003, 2004, 2005","unsupported","inactive only when catch scaling is off","Scaling years must not be replaced by fixed data adjustments to unknown fitted scales."
"catch scaling keys","keyParScaledYA","0, 1, 2, 3, 4, 5, 6, 7, 8, 9, 10, 11, 12, 0, 1, 2, 3, 4, 5, 6, 7, 8, 9, 10, ... (78 values)","unsupported","inactive only when catch scaling is off","Keys share estimated scaling parameters across years/ages."
"observation weights","fixVarToWeight","0, 0, 0","supported","supplied SD = sqrt(weight) when flag=1; otherwise SD offset = 1/sqrt(weight)","Inactive when no observation-weight attributes are supplied. Otherwise exact only with known positive weights, compatible SD groups and independent LN errors. Custom attributes are rejected by the minimal reader."
"observation attributes","supplied observation attributes","none","supported","no supplied covariance/weight/partition attributes","Any supplied attributes require separate validation; they must not be confused with keyVarObs."
"initial abundance","initState","0","partially_supported","N_settings$init = ""free""; no starting-state density","Both omit the initial-state density, but SAM integrates all initial logN states while tinyAM estimates log_r0 and free log_n0 as fixed parameters. Conditional equations agree; marginal likelihoods differ."
"additional model option","fracMixF","0","supported","zero/off option","Only the zero/off option is matched; nonzero values require a separate mathematical mapping."
"additional model option","fracMixN","0, 0, 0, 0, 0, 0","supported","zero/off option","Only the zero/off option is matched; nonzero values require a separate mathematical mapping."
"additional model option","fracMixObs","0, 0, 0","supported","zero/off option","Only the zero/off option is matched; nonzero values require a separate mathematical mapping."
"additional model option","stockWeightModel","0","supported","zero/off option","Only the zero/off option is matched; nonzero values require a separate mathematical mapping."
"additional model option","catchWeightModel","0","supported","zero/off option","Only the zero/off option is matched; nonzero values require a separate mathematical mapping."
"additional model option","matureModel","0","supported","zero/off option","Only the zero/off option is matched; nonzero values require a separate mathematical mapping."
"additional model option","mortalityModel","0","supported","zero/off option","Only the zero/off option is matched; nonzero values require a separate mathematical mapping."
"additional model option","logNMeanAssumption","0, 0","supported","zero/off option","Only the zero/off option is matched; nonzero values require a separate mathematical mapping."
"density-dependent q","keyQpow","-1, -1, -1, -1, -1, -1, -1, -1, -1, -1, -1, -1, -1, -1, -1, -1, -1, -1","supported","fixed linear q*N relationship","Nonnegative keys estimate powers of predicted abundance; ordinary q_form does not do this."
"prediction-dependent observation SD","predVarObsLink","-1, -1, -1, -1, -1, -1, -1, -1, -1, -1, -1, -1, -1, -1, NA, -1, NA, NA","supported","inactive links","sd_form can use known covariates, not an estimated power of the model prediction."
"extra observation SD","keyXtraSd","","supported","no extra year-fleet-age SD keys","Nonempty keys require inspection of the specific sharing and supplied-weight interactions."
"additional model option","keyVarLogP","","supported","inactive for the selected fleets/recruitment model","Active configurations require a separate mapping."
"additional model option","keyBiomassTreat","-1, -1, -1","supported","inactive for the selected fleets/recruitment model","Active configurations require a separate mapping."
"additional model option","constRecBreaks","","supported","inactive for the selected fleets/recruitment model","Active configurations require a separate mapping."
"biological process keys","keyStockWeightMean","NA, NA, NA, NA, NA, NA","supported","inactive when stockWeightModel = 0","Keys do not estimate biology when the corresponding process model is off."
"biological process keys","keyStockWeightObsVar","NA, NA, NA, NA, NA, NA","supported","inactive when stockWeightModel = 0","Keys do not estimate biology when the corresponding process model is off."
"biological process keys","keyCatchWeightMean","NA, NA, NA, NA, NA, NA","supported","inactive when catchWeightModel = 0","Keys do not estimate biology when the corresponding process model is off."
"biological process keys","keyCatchWeightObsVar","NA, NA, NA, NA, NA, NA","supported","inactive when catchWeightModel = 0","Keys do not estimate biology when the corresponding process model is off."
"biological process keys","keyMatureMean","NA, NA, NA, NA, NA, NA","supported","inactive when matureModel = 0","Keys do not estimate biology when the corresponding process model is off."
"biological process keys","keyMortalityMean","NA, NA, NA, NA, NA, NA","supported","inactive when mortalityModel = 0","Keys do not estimate biology when the corresponding process model is off."
"biological process keys","keyMortalityObsVar","NA, NA, NA, NA, NA, NA","supported","inactive when mortalityModel = 0","Keys do not estimate biology when the corresponding process model is off."
