"component","sam_setting","sam_value","tam_status","tam_mapping","notes","tam_setting"
"age range","minAge/maxAge","1, 7","supported","ages = minAge:maxAge","Conversion rejects source ages outside this range rather than aggregating silently.","1:7"
"plus groups","maxAgePlusGroup","1, 1, 1, 0","supported","tinyAM terminal plus group","tinyAM always has a terminal plus group; lower-age survey plus groups cannot be translated as ordinary age observations.","See mapping"
"catch fleets","fleetTypes (catch)","0","supported","one type-0 catch table","Multiple catch fleets cannot share tinyAM's single F surface without changing assumptions.","See mapping"
"survey fleets","fleetTypes (survey)","2, 2, 2","supported","index$survey and index$samp_time","Type 2 only; stored timing and already normalized observations are retained.","See mapping"
"F states","keyLogFsta","0, -1, -1, -1, 1, -1, -1, -1, 2, -1, -1, -1, 3, -1, -1, -1, 4, -1, -1, -1, 5, -1, -1, -1, ... (28 values)","supported","one independent latent log_f column per modeled age","Repeated keys share the SAME state in SAM; mu_form shares only expected/mean structure and cannot enforce this equality.","See mapping"
"F innovation correlation","corFlag","2","unsupported","F_settings = list(process = ""rw"", mu_form = NULL)","SAM 0=independent, 1=compound symmetry, 2=AR1 across innovations, 3=separable, 4=0.99 correlation. tinyAM rw has independent increments; stationary ar1 is not equivalent. The applied F model is shown in tam_setting; no correlated innovations are introduced.","list(process = ""rw"", mu_form = NULL, mean_ages = 2:4)"
"catchability","keyLogFpar","-1, 0, 6, 12, -1, 1, 7, -1, -1, 2, 8, -1, -1, 3, 9, -1, -1, 4, 10, -1, -1, 5, 11, -1, ... (28 values)","supported","index_settings$q_form = ~ 0 + q_block","q_block uses original global keys, including sharing across surveys. Fixed q=1 cells (-1) use zero rows in numeric indicator columns, without an intercept.","~0 + q_block"
"F process variance","keyVarF","0, -1, -1, -1, 0, -1, -1, -1, 0, -1, -1, -1, 0, -1, -1, -1, 0, -1, -1, -1, 0, -1, -1, -1, ... (28 values)","supported","one tinyAM log_sd_f","SAM selects variance for each unique F state from its first fleet-age occurrence; different active keys need different process SDs.","""rw"""
"N process variance","keyVarLogN","0, 1, 1, 1, 1, 1, 1","supported","N_settings = list(process = ""iid"", init = ""free""); separate sd_r and sd_n","Exact variance grouping needs one survival SD and a separate recruitment SD; tinyAM cannot tie those two parameters or fit age-specific survival SDs.","list(process = ""iid"", init = ""free"")"
"observation variance","keyVarObs","0, 1, 2, 3, 0, 1, 2, -1, 0, 1, 2, -1, 0, 1, 2, -1, 0, 1, 2, -1, 0, 1, 2, -1, ... (28 values)","supported","catch_settings$sd_form = ~ 1; index_settings$sd_form = ~ 0 + sd_block","sd_block retains source keys. Sharing is exact within each table, but shared catch/index keys cannot be enforced by separate SD parameter vectors.","list(catch = ~1, index = ~0 + sd_block)"
"observation covariance","obsCorStruct","ID, ID, ID, ID","supported","independent observation errors","AR and US covariance cannot be represented by sd_form.","See mapping"
"observation correlations","keyCorObs","NA, NA, NA, -1, NA, NA, NA, -1, NA, NA, NA, -1, NA, NA, NA, -1, NA, NA, NA, -1, NA, NA, NA, -1","supported","inactive when obsCorStruct=ID","Correlation keys matter only for enabled AR observation covariance.","See mapping"
"observation likelihood","obsLikelihoodFlag","LN, LN, LN, LN","supported","independent lognormal likelihood","ALN models proportions plus totals; Gaussian-mixture and observation-weight options are audited separately.","See mapping"
"recruitment","stockRecruitmentModelCode","0","supported","random walk on log recruitment","tinyAM's recruitment is always a log random walk; N_settings$process controls survival residuals.","See mapping"
"natural mortality","nm.dat","1.176056, 1.176056, 1.176056, 1.176056, 1.176056, 1.176056, 1.176056, 1.176056, 1.176056, 1.176056, 1.176056, 1.176056, 1.185261, 1.194793, 1.204294, 1.213073, 1.220412, 1.225706, 1.228425, 1.227668, 1.223411, 1.216267, 1.207096, 1.196652, ... (420 values)","supported","M_settings = list(process = ""off"", mu_form = NULL, mu_supplied = ~ M_assumption)","Supplied year-age natural mortality, with no estimated mean intercept. tinyAM's supplied log-M surface requires positive M; zero-M cases need separate treatment.","list(process = ""off"", mu_form = NULL, mu_supplied = ~M_assumption, age_breaks = NULL,      first_dev_year = NULL)"
"maturity","mo.dat","NA, NA, NA, NA, NA, NA, NA, NA, NA, NA, NA, NA, NA, NA, NA, NA, NA, NA, NA, NA, 0.001634195, 0.0009677538, 0.002261897, 0.001087926, ... (420 values)","supported","maturity$obs","Unchanged proportions; modeled maturity is a separate option.","See mapping"
"stock weight","sw.dat","0.05853918, 0.06234708, 0.06098848, 0.06025226, 0.06029462, 0.06078155, 0.06307604, 0.06801432, 0.06802232, 0.06717119, 0.06741354, 0.06317854, 0.05788349, 0.05365605, 0.0533064, 0.05683859, 0.05632507, 0.05454061, 0.05936996, 0.06179054, 0.05933611, 0.06364066, 0.06414209, 0.06407929, ... (420 values)","supported","weight$obs","Unchanged stock mean weight, with original source units.","See mapping"
"catch weight","cw.dat","0.3166981, 0.3578996, 0.3152487, 0.3140169, 0.3271117, 0.3298695, 0.4199658, 0.4488298, 0.3142331, 0.3040885, 0.3364252, 0.3054086, 0.3055984, 0.1998803, 0.2946305, 0.4319712, 0.2915179, 0.2573285, 0.3305149, 0.3601074, 0.406212, 0.3065102, 0.3104388, 0.2934588, ... (413 values)","partially_supported","weight$catch_weight metadata","Catch numbers use the same Baranov equation, but tinyAM yield uses stock weight; compare catch biomass using retained catch weight separately.","See mapping"
"spawning timing","propF/propM","0, 0, 0, 0, 0, 0, 0, 0, 0, 0, 0, 0, 0, 0, 0, 0, 0, 0, 0, 0, 0, 0, 0, 0, ... (840 values)","supported","weight$propF and weight$propM metadata","SAM SSB includes exp(-F*propF-M*propM); tinyAM SSB is at the beginning of the year.","See mapping"
"Fbar","fbarRange","2, 4","partially_supported","F_settings$mean_ages = seq(min(fbarRange), max(fbarRange)); compare rowMeans(F[, ages])","The age range maps exactly; SAM's arithmetic Fbar differs from tinyAM's abundance-weighted reported F_bar.","2:4"
"catch scaling","noScaledYears","0","supported","no estimated catch scaling","SAM subtracts logScale[keyParScaledYA] from catch predictions in keyScaledYears; tinyAM has no matching parameter.","See mapping"
"catch scaling years","keyScaledYears","","supported","inactive only when catch scaling is off","Scaling years must not be replaced by fixed data adjustments to unknown fitted scales.","See mapping"
"catch scaling keys","keyParScaledYA","","supported","inactive only when catch scaling is off","Keys share estimated scaling parameters across years/ages.","See mapping"
"observation weights","fixVarToWeight","0","supported","supplied SD = sqrt(weight) when flag=1; otherwise SD offset = 1/sqrt(weight)","Inactive when no observation-weight attributes are supplied. Otherwise exact only with known positive weights, compatible SD groups and independent LN errors. Supplied observation weights are retained for audit; the baseline omits their likelihood effects.","See mapping"
"observation attributes","supplied observation attributes","none","supported","no supplied covariance/weight/partition attributes","Any supplied weights require separate validation; they must not be confused with keyVarObs.","See mapping"
"initial abundance","initState","missing","not_checked","N_settings$init = ""free""; no starting-state density","Both omit the initial-state density, but SAM integrates all initial logN states while tinyAM estimates log_r0 and free log_n0 as fixed parameters. Conditional equations agree; marginal likelihoods differ.","""free"""
"additional model option","fracMixF","0","supported","zero/off option","Only the zero/off option is matched; nonzero values require a separate mathematical mapping.","See mapping"
"additional model option","fracMixN","0, 0, 0, 0, 0, 0, 0","supported","zero/off option","Only the zero/off option is matched; nonzero values require a separate mathematical mapping.","See mapping"
"additional model option","fracMixObs","0, 0, 0, 0","supported","zero/off option","Only the zero/off option is matched; nonzero values require a separate mathematical mapping.","See mapping"
"additional model option","stockWeightModel","0","supported","zero/off option","Only the zero/off option is matched; nonzero values require a separate mathematical mapping.","See mapping"
"additional model option","catchWeightModel","0","supported","zero/off option","Only the zero/off option is matched; nonzero values require a separate mathematical mapping.","See mapping"
"additional model option","matureModel","1","unsupported","zero/off option","Only the zero/off option is matched; nonzero values require a separate mathematical mapping.","See mapping"
"additional model option","mortalityModel","0","supported","zero/off option","Only the zero/off option is matched; nonzero values require a separate mathematical mapping.","See mapping"
"additional model option","logNMeanAssumption","missing","not_checked","zero/off option","Only the zero/off option is matched; nonzero values require a separate mathematical mapping.","See mapping"
"density-dependent q","keyQpow","-1, -1, -1, -1, -1, -1, -1, -1, -1, -1, -1, -1, -1, -1, -1, -1, -1, -1, -1, -1, -1, -1, -1, -1, ... (28 values)","supported","fixed linear q*N relationship","Nonnegative keys estimate powers of predicted abundance; ordinary q_form does not do this.","See mapping"
"prediction-dependent observation SD","predVarObsLink","-1, -1, -1, NA, -1, -1, -1, NA, -1, -1, -1, NA, -1, -1, -1, NA, -1, -1, -1, NA, -1, -1, -1, NA, ... (28 values)","supported","inactive links","sd_form can use known covariates, not an estimated power of the model prediction.","See mapping"
"extra observation SD","keyXtraSd","","supported","no extra year-fleet-age SD keys","Nonempty keys require inspection of the specific sharing and supplied-weight interactions.","See mapping"
"additional model option","keyVarLogP","missing","not_checked","inactive for the selected fleets/recruitment model","Active configurations require a separate mapping.","See mapping"
"additional model option","keyBiomassTreat","-1, -1, -1, -1","supported","inactive for the selected fleets/recruitment model","Active configurations require a separate mapping.","See mapping"
"additional model option","constRecBreaks","","supported","inactive for the selected fleets/recruitment model","Active configurations require a separate mapping.","See mapping"
"biological process keys","keyStockWeightMean","NA, NA, NA, NA, NA, NA, NA","supported","inactive when stockWeightModel = 0","Keys do not estimate biology when the corresponding process model is off.","See mapping"
"biological process keys","keyStockWeightObsVar","NA, NA, NA, NA, NA, NA, NA","supported","inactive when stockWeightModel = 0","Keys do not estimate biology when the corresponding process model is off.","See mapping"
"biological process keys","keyCatchWeightMean","NA, NA, NA, NA, NA, NA, NA","supported","inactive when catchWeightModel = 0","Keys do not estimate biology when the corresponding process model is off.","See mapping"
"biological process keys","keyCatchWeightObsVar","NA, NA, NA, NA, NA, NA, NA","supported","inactive when catchWeightModel = 0","Keys do not estimate biology when the corresponding process model is off.","See mapping"
"biological process keys","keyMatureMean","0, 1, 2, 3, 4, 5, 6","not_checked","inactive when matureModel = 0","Keys do not estimate biology when the corresponding process model is off.","See mapping"
"biological process keys","keyMortalityMean","NA, NA, NA, NA, NA, NA, NA","supported","inactive when mortalityModel = 0","Keys do not estimate biology when the corresponding process model is off.","See mapping"
"biological process keys","keyMortalityObsVar","NA, NA, NA, NA, NA, NA, NA","supported","inactive when mortalityModel = 0","Keys do not estimate biology when the corresponding process model is off.","See mapping"
"unreviewed configuration","hockeyStickCurve","20","not_checked","","Retained without inferring compatibility; inspect if active.","See mapping"
"input period","selected years","1963:2022","partially_supported","Original biological inputs; no automatic imputation","Comparison must use the common fitted period.","1983:2022"
