"year","age","pred_SAM","pred_tinyAM","relative_difference"
1983,1,110476.714987758,114195.220754761,0.0336587286055257
1983,2,149921.643217497,156949.439636522,0.0468764633858034
1983,3,20770.8521739075,21195.1826204908,0.0204291303520194
1983,4,12494.9365221337,11175.3428271165,-0.105610276024984
1983,5,3116.74680701607,2909.76738381721,-0.0664088025157917
1983,6,1480.46912398041,1532.07924598048,0.034860654075179
1983,7,928.553552927106,922.87315327479,-0.00611747123729189
1984,1,432955.579134164,391131.802755165,-0.0966006176953281
1984,2,78309.7966840487,74608.0480070669,-0.0472705693761017
1984,3,33497.9207331903,33122.5815769453,-0.0112048493766103
1984,4,4858.27374062348,4813.35979216859,-0.00924483692208211
1984,5,3714.20505907032,3327.01906496271,-0.104244646687472
1984,6,1123.62151585191,1024.98008157583,-0.0877888442722589
1984,7,811.985792273884,842.111514224411,0.0371012919649294
1985,1,61235.7408628291,59090.1600283852,-0.0350380481106622
1985,2,180227.031864587,173393.406746368,-0.037916760030503
1985,3,20310.9176153571,20226.361458248,-0.00416308897069129
1985,4,8827.76515383181,8945.99077842754,0.0133924750529206
1985,5,1556.24475353577,1543.05138488347,-0.00847769518408226
1985,6,1376.01881855488,1291.80938057648,-0.0611978825019577
1985,7,593.462346538012,582.623264174599,-0.0182641450239316
1986,1,446537.652491916,395208.179632261,-0.114949932157365
1986,2,39964.2396885035,36302.0556978493,-0.0916365235320048
1986,3,38326.0634617872,37186.6110210986,-0.0297304846302497
1986,4,6233.30619073564,6149.65363458128,-0.0134202546120213
1986,5,2989.08324458133,2763.85919587614,-0.0753488713014208
1986,6,702.486982174706,680.418831009794,-0.0314143204427716
1986,7,771.001470579931,748.876276977519,-0.0286966944249399
1987,1,98865.5318225357,107608.539027479,0.0884333199222274
1987,2,193471.214097802,193936.395400419,0.00240439542795334
1987,3,9886.11083042246,9894.63644379643,0.00086238294514529
1987,4,8708.96912025817,9038.59282835713,0.0378487629875985
1987,5,1714.41940564722,1707.14259218572,-0.00424447684010498
1987,6,1034.98664277681,1006.56914848298,-0.0274568705713768
1987,7,495.91809041674,490.132273833982,-0.0116668794596626
1988,1,52416.7926038781,57526.4161057997,0.097480659309618
1988,2,73948.7451492125,77732.7101138614,0.0511701037930208
1988,3,41981.5289713485,42018.7701222144,0.000887084195796861
1988,4,3006.51946843229,2986.35472780814,-0.006707004839276
1988,5,2571.43744222349,2517.2856307266,-0.0210589651561055
1988,6,714.029888860378,719.494341423383,0.00765297454386138
1988,7,509.859630391212,533.989564010034,0.0473266212512402
1989,1,176011.771160046,162499.805068374,-0.0767674002858941
1989,2,45382.7293423684,44986.4757591257,-0.00873137400470969
1989,3,22821.4171524503,21539.9504740962,-0.0561519326251189
1989,4,10504.4214842531,9969.41185625793,-0.0509318508208328
1989,5,1043.89729108404,954.516385711668,-0.0856223175745144
1989,6,1074.02615745503,1009.98738325031,-0.0596249670086882
1989,7,475.69753973076,463.585795617081,-0.0254610190343511
1990,1,47956.3920506889,47388.6627893443,-0.011838448162332
1990,2,103093.731995256,103662.85766669,0.00552046822264707
1990,3,11751.3698206946,11640.8476733233,-0.00940504375725359
1990,4,5183.27598047783,5249.95362276477,0.0128639961557264
1990,5,2686.33772533518,2684.6228661546,-0.000638363212642656
1990,6,355.153401682968,354.949737966308,-0.000573452811363007
1990,7,522.65262230943,549.293009706977,0.0509714985831931
1991,1,62024.8697969628,61271.1794104471,-0.0121514223082267
1991,2,34084.1377640391,33954.4918384816,-0.00380370266236574
1991,3,21089.1012214975,20625.1808235838,-0.0219981113960761
1991,4,3437.67693883916,3375.39534885602,-0.0181173481659872
1991,5,1572.98203557491,1496.57975639524,-0.0485716158555753
1991,6,1051.26817767593,999.290465525735,-0.0494428664863684
1991,7,377.010349560894,350.125695958543,-0.0713101208857105
1992,1,135730.639141884,136632.816469329,0.00664682147780571
1992,2,44136.5741931799,44885.4732663243,0.0169677662309402
1992,3,9055.83420977053,8753.24568432573,-0.0334136555987663
1992,4,5102.64112586329,5145.83473277076,0.00846495096206801
1992,5,1055.68787483978,1023.37337634219,-0.0306098983115635
1992,6,515.826962704743,495.868907408579,-0.0386913766421088
1992,7,472.928107112382,464.346047178618,-0.0181466480944948
1993,1,48954.197380192,52915.5876275172,0.0809203389968782
1993,2,95687.4816872246,98883.7024371612,0.0334027052815982
1993,3,12291.6442477882,11956.7471127725,-0.0272459183055139
1993,4,2877.33097385686,2779.5200264326,-0.0339936379627368
1993,5,1555.72622254016,1494.50750758849,-0.0393505708554038
1993,6,408.569251780878,390.128542360821,-0.0451348439454935
1993,7,336.61415725959,312.834528868132,-0.0706435777539816
1994,1,197742.524123133,176255.199244954,-0.10866314655111
1994,2,45813.5679436963,45678.528413973,-0.00294758814439555
1994,3,24019.0801778771,23385.0071959372,-0.0263987204024526
1994,4,3487.38704896812,3385.51235273315,-0.0292123285441193
1994,5,925.447736730153,882.953474500947,-0.0459175170489352
1994,6,542.122733697957,520.80426020689,-0.0393240721444151
1994,7,258.699173544458,240.55620330474,-0.0701315353703691
1995,1,67887.5349251422,72520.2585833013,0.0682411530079488
1995,2,112596.641199306,123500.072687016,0.0968362055170844
1995,3,14140.0405669713,15396.4867129665,0.0888573225829381
1995,4,5882.44885155849,6208.96040622797,0.0555060592805614
1995,5,973.836273702649,1049.2022276393,0.0773907852601294
1995,6,295.310172759581,310.533220782388,0.0515493519256451
1995,7,246.167694696259,252.238894005795,0.0246628596698195
1996,1,28978.1737791901,31646.1221715636,0.0920675130428459
1996,2,60867.3049725864,67066.2040333258,0.101842837686526
1996,3,26170.0313456357,27591.5055802246,0.054316871684829
1996,4,3782.04685648571,3760.84267302684,-0.00560653642418663
1996,5,1987.22618138958,1925.74466301313,-0.0309383596855874
1996,6,397.946738601497,386.13502758047,-0.0296816379562189
1996,7,243.703743365946,219.587552853069,-0.0989569966377762
1997,1,131100.877667557,131487.853094234,0.00295173787972924
1997,2,41193.5958032879,43093.1545662389,0.0461129630931456
1997,3,18296.1449457204,18279.3152003179,-0.000919851993543941
1997,4,6454.76448325771,6136.86347659723,-0.0492505973664962
1997,5,1291.23753334789,1257.54736590788,-0.0260913786734921
1997,6,697.360499954792,669.802098637754,-0.0395181564181283
1997,7,225.154413781503,207.294974754652,-0.079320847976723
1998,1,14931.2461693064,13301.163634792,-0.109172571132424
1998,2,166550.16558016,150962.298115597,-0.0935926266435373
1998,3,16338.3959726113,14294.1211534572,-0.125120900642938
1998,4,5316.20344679965,4547.19760292918,-0.144653200647053
1998,5,2094.85813987726,1815.79629941408,-0.133212762788575
1998,6,497.873325109168,440.203577894865,-0.115832169160011
1998,7,321.418218174046,285.704640629416,-0.11111248686374
1999,1,33483.7211329304,29588.1180160064,-0.116343195592225
1999,2,16544.7516039785,14976.9418849474,-0.0947617562692245
1999,3,40501.4069925551,37508.9663444073,-0.0738848566099901
1999,4,3714.31117465874,3271.71327222269,-0.11916015692377
1999,5,1400.99927095158,1258.54021699006,-0.101683888718054
1999,6,528.340509681712,467.107601926738,-0.11589667389287
1999,7,291.578208926281,258.968116146993,-0.111839951618376
2000,1,47452.9456018855,43013.36246511,-0.0935575880583291
2000,2,30608.9791491306,29728.548087467,-0.0287638165707521
2000,3,5381.4169467278,5019.5254931801,-0.0672483580310104
2000,4,6648.59146027781,6497.04819631427,-0.0227932886039007
2000,5,869.776739516907,836.508081180878,-0.0382496528413799
2000,6,381.640609387229,361.138755332234,-0.0537203157911118
2000,7,240.213346346321,229.997590873477,-0.0425278429705394
2001,1,11460.0489173431,12622.6167862739,0.101445279799064
2001,2,47299.551814706,51988.843610244,0.0991403008195098
2001,3,7448.69051330505,8127.68817712902,0.0911566486231539
2001,4,1189.96642250915,1303.55343180383,0.0954539616800032
2001,5,1068.55655342797,1212.5629738949,0.134767242786497
2001,6,167.205171828,182.159322544571,0.0894359340269313
2001,7,150.382769759363,165.122113595926,0.0980121849075464
2002,1,29823.3257346865,26905.3272749489,-0.0978428256357676
2002,2,18667.4056639524,17909.924426411,-0.0405777455730795
2002,3,17308.0294531507,15495.6321155965,-0.104714250831387
2002,4,2537.56657285422,2341.09701684299,-0.0774243947382406
2002,5,419.724463011978,382.952900324225,-0.0876088146587334
2002,6,334.672996998143,307.048347920889,-0.082542210829776
2002,7,108.237821914051,103.520406579136,-0.0435837977103931
2003,1,6425.84754069468,7124.06329208396,0.108657378963243
2003,2,19831.9953064149,24036.9910114187,0.21203089452344
2003,3,4382.69004728843,4961.68733318184,0.132110023671793
2003,4,3013.03729202289,3604.79972988059,0.196400635141292
2003,5,506.281597220236,599.748802216836,0.184615055158603
2003,6,99.7618834268111,119.03389670055,0.193180126635017
2003,7,100.754821690842,119.981654065931,0.190827913269357
2004,1,21101.0988987641,20441.8162722525,-0.0312439949063571
2004,2,11393.377539438,11147.6586503906,-0.0215668170563814
2004,3,7483.1547683514,7346.6562906642,-0.0182407663495737
2004,4,1503.90159253123,1485.81257704914,-0.0120280579340598
2004,5,1018.59762060933,1007.01273702642,-0.0113733660363146
2004,6,181.615483301637,191.211664403194,0.0528379019624634
2004,7,70.6089738945657,74.5039247672564,0.0551622641975615
2005,1,12878.5487334382,12225.2618702125,-0.0507267454390626
2005,2,19635.7268374287,20382.157162655,0.0380138882255954
2005,3,4340.30840229375,3979.02155924419,-0.083239901307158
2005,4,1872.58559538381,1827.28181950283,-0.0241931669199328
2005,5,490.790192911047,455.258718529864,-0.0723964636914062
2005,6,360.556157989059,356.683359401672,-0.0107411799842431
2005,7,90.7692153980328,90.1845691690501,-0.00644101886767501
2006,1,31610.8073584776,28715.4483515042,-0.0915939594373215
2006,2,20539.6552434182,18595.1016441733,-0.0946731372167515
2006,3,6869.0495564946,6234.35423214856,-0.0923992932538892
2006,4,1227.91764121636,1154.21261520538,-0.0600244051693668
2006,5,507.948346800732,489.146728613786,-0.03701482307279
2006,6,176.129321571869,167.846008276949,-0.0470297235065426
2006,7,158.301038130673,152.998720997441,-0.0334951507320824
2007,1,14798.5570628147,13970.3279913587,-0.0559668802803196
2007,2,32218.8983164276,34074.061263666,0.0575799622016426
2007,3,5394.72048016164,5288.40180413728,-0.0197079119141264
2007,4,1801.35452205981,1826.27522887742,0.013834426545372
2007,5,452.244699989867,467.312786373602,0.0333184366429782
2007,6,178.111293948308,190.625594896257,0.0702611309509691
2007,7,110.855060347416,116.430279537583,0.0502928704625105
2008,1,12221.8813874741,11960.7900150407,-0.0213626171090948
2008,2,13348.2838671209,13412.3374768125,0.00479864005959718
2008,3,11817.3056732272,11486.3410058107,-0.0280067789196916
2008,4,1621.70318183783,1578.01143982972,-0.0269418858502817
2008,5,728.537796037617,703.752941201886,-0.0340199986473328
2008,6,199.424144852661,196.956792198834,-0.0123723867821983
2008,7,107.550336889822,104.097796565697,-0.0321016225887018
2009,1,11088.4987266678,10510.9138707486,-0.0520886433913904
2009,2,13739.7676669893,13086.0597601614,-0.0475777991791312
2009,3,5261.30620741044,4957.5090966011,-0.0577417657960001
2009,4,3475.46665936203,3171.08404338116,-0.0875803584997539
2009,5,646.0186229459,608.368711475667,-0.0582799166044871
2009,6,249.605058490239,242.927704546883,-0.0267516771644947
2009,7,123.854790580073,114.621573324544,-0.0745487293005384
2010,1,13144.559773066,13467.7003885116,0.0245836012026588
2010,2,14283.878738938,13888.1746160354,-0.0277028480943264
2010,3,5576.35924569362,5529.22337844848,-0.00845280319440411
2010,4,1623.63389673449,1571.09381888043,-0.0323595596025282
2010,5,1255.91729865256,1221.17955190878,-0.027659262899748
2010,6,213.798823423628,221.642078238357,0.036685210372686
2010,7,90.0306467858126,90.7226288826391,0.00768607270447297
2011,1,5160.95390752309,5612.77170602267,0.0875454047053144
2011,2,15087.5076136016,16334.5998187684,0.0826572709757969
2011,3,6276.81432581209,6710.55884201375,0.0691026520281115
2011,4,1665.00498949955,1786.6718495591,0.0730729702474435
2011,5,651.275484693025,697.442239962107,0.0708866775337669
2011,6,450.926833446122,490.328170655737,0.0873785596401484
2011,7,89.4841726941833,96.1252243746282,0.0742148190064971
2012,1,10676.6617481936,10853.1199321072,0.0165274678617
2012,2,7398.33411577786,7340.45498155365,-0.00782326579449466
2012,3,8647.40005816603,9130.21140682143,0.0558331227198707
2012,4,2441.75836193971,2549.89253179008,0.044285368911142
2012,5,728.263616134727,782.748375511753,0.0748146113164421
2012,6,243.698722813331,260.940052948095,0.0707485453174528
2012,7,173.438153759649,178.389878196203,0.0285503756192935
2013,1,8818.57681128365,9500.03198506801,0.0772749603895739
2013,2,10014.9859691805,10359.5610044928,0.0344059428912535
2013,3,4203.70292244963,4434.60186326012,0.0549275115464003
2013,4,3393.89236429537,3696.49246039058,0.0891601923734051
2013,5,1089.6287462419,1208.37884141649,0.108982160744343
2013,6,260.676367995024,290.95917560298,0.116170130191985
2013,7,147.204724105255,153.558941123055,0.0431658498490632
2014,1,10704.9620339008,11328.8868237171,0.0582836994508207
2014,2,11463.0006246419,11826.44144199,0.0317055567952029
2014,3,5788.10729623342,6099.43044711406,0.0537866931187034
2014,4,1831.95249417027,1956.27051037404,0.0678609388613394
2014,5,1525.06067634414,1711.11085173715,0.121995261092823
2014,6,381.459700967737,424.670163115714,0.113276610971893
2014,7,132.659988649513,143.279250269225,0.0800487149728912
2015,1,5378.71806880235,5865.70441987291,0.0905394826130019
2015,2,15192.354136162,15857.1499686032,0.0437585792486785
2015,3,7859.65056398386,8566.65660117022,0.0899538766298533
2015,4,2369.21612367776,2606.92628939097,0.100332833014917
2015,5,904.437468430232,1027.20200965603,0.135735797676397
2015,6,636.177207264321,694.57941471867,0.0918017916823664
2015,7,189.161416119537,198.767344540828,0.0507816478558236
2016,1,3908.08229080761,4088.23307104321,0.0460969771950162
2016,2,7268.96860323273,7864.31526701549,0.0819024948763696
2016,3,9640.51009604992,10714.0664850782,0.111358878143616
2016,4,3898.42856444271,4421.13516219664,0.134081358453378
2016,5,1130.34145445231,1342.21194590585,0.187439371190897
2016,6,359.328905997801,410.258097459488,0.141734190073753
2016,7,301.533714230412,338.450850561431,0.122431206159618
2017,1,11859.0773123139,12046.0248060189,0.0157640842353648
2017,2,5253.26462712092,5193.94867202285,-0.0112912558776961
2017,3,5783.06536674773,6056.48887958218,0.0472800315221433
2017,4,4420.54448471222,4634.86287794545,0.0484823518854793
2017,5,2331.26678513753,2586.14332620161,0.109329632579584
2017,6,489.751970787404,511.221301808375,0.0438371508468942
2017,7,296.574089634623,316.734752785493,0.0679785047159982
2018,1,3028.92072453808,2617.36271923945,-0.135876123123491
2018,2,15835.5186650361,13282.9290529691,-0.161193937884898
2018,3,4177.93152401148,3615.91427046136,-0.134520455952925
2018,4,2900.90320962473,2457.40501239343,-0.15288279724737
2018,5,2162.98401020333,1939.87538087418,-0.103148533820269
2018,6,1005.41938176739,851.743617485852,-0.152847425729351
2018,7,394.512876463463,337.133071159059,-0.145444695794914
2019,1,5901.84082380603,5214.26855102979,-0.116501324468597
2019,2,3595.63890336581,3061.65533420457,-0.148508674956596
2019,3,7175.08128222568,6707.46526721277,-0.0651722254591455
2019,4,1287.10227782999,1134.63337257608,-0.118459043916048
2019,5,1065.31770771223,961.342754514528,-0.0975999483017999
2019,6,556.471501928531,492.034240321595,-0.115796157365866
2019,7,392.326824409621,344.26219694002,-0.122511703200335
2020,1,10128.8115533978,9889.20544137692,-0.0236558959318873
2020,2,6478.23427648066,6167.71584988389,-0.0479325713372413
2020,3,1983.66635915844,2084.02283822831,0.050591410499317
2020,4,1801.36233282199,1950.81677266523,0.0829674503125126
2020,5,478.237932866946,512.392873545168,0.0714183010817835
2020,6,264.526893738591,261.351772437652,-0.012003018884258
2020,7,227.728265581819,241.818320934949,0.0618722288036218
2021,1,3144.13716825419,4262.29987269978,0.355634199339482
2021,2,6425.71082457557,8555.49712747194,0.331447580048397
2021,3,3018.88784758269,4230.91229516809,0.40148044868772
2021,4,748.695239914845,1003.92885355109,0.340904549714073
2021,5,647.237858907221,877.675314768945,0.356032102712268
2021,6,143.322721288004,181.192390366085,0.264226556248418
2021,7,160.564703334839,192.39501244566,0.198239765338975
2022,1,NA,5590.81968160798,NA
2022,2,NA,5018.3907879521,NA
2022,3,NA,8086.11067266874,NA
2022,4,NA,2492.48287054089,NA
2022,5,NA,629.37425768302,NA
2022,6,NA,365.837309746412,NA
2022,7,NA,156.583434661721,NA
