"model","year","metric","est"
"SAM",1983,"SSB_original_biology",113901.274517818
"SAM",1984,"SSB_original_biology",94050.7109583611
"SAM",1985,"SSB_original_biology",90827.7017369233
"SAM",1986,"SSB_original_biology",70619.8319543414
"SAM",1987,"SSB_original_biology",80202.1449571512
"SAM",1988,"SSB_original_biology",64224.4809158361
"SAM",1989,"SSB_original_biology",90723.8385710501
"SAM",1990,"SSB_original_biology",62761.6693251255
"SAM",1991,"SSB_original_biology",68493.0637078334
"SAM",1992,"SSB_original_biology",77811.6142666919
"SAM",1993,"SSB_original_biology",56608.4750337014
"SAM",1994,"SSB_original_biology",80753.0156671434
"SAM",1995,"SSB_original_biology",67122.7395630536
"SAM",1996,"SSB_original_biology",99407.2792913575
"SAM",1997,"SSB_original_biology",96438.9108193121
"SAM",1998,"SSB_original_biology",90182.9376839754
"SAM",1999,"SSB_original_biology",78982.7729041743
"SAM",2000,"SSB_original_biology",59111.2739043347
"SAM",2001,"SSB_original_biology",38417.1770483438
"SAM",2002,"SSB_original_biology",45210.3735907121
"SAM",2003,"SSB_original_biology",33748.6628744937
"SAM",2004,"SSB_original_biology",40423.7646258181
"SAM",2005,"SSB_original_biology",33113.732208243
"SAM",2006,"SSB_original_biology",27831.3412161657
"SAM",2007,"SSB_original_biology",38983.9636443374
"SAM",2008,"SSB_original_biology",57796.7549439742
"SAM",2009,"SSB_original_biology",53027.8977183339
"SAM",2010,"SSB_original_biology",48677.2953876864
"SAM",2011,"SSB_original_biology",68580.8792986352
"SAM",2012,"SSB_original_biology",70146.3673158671
"SAM",2013,"SSB_original_biology",78526.0499571599
"SAM",2014,"SSB_original_biology",72101.3669232219
"SAM",2015,"SSB_original_biology",88058.0328666182
"SAM",2016,"SSB_original_biology",81015.2773268989
"SAM",2017,"SSB_original_biology",99944.5777282212
"SAM",2018,"SSB_original_biology",72266.0982012024
"SAM",2019,"SSB_original_biology",50014.2229526528
"SAM",2020,"SSB_original_biology",38130.8661669709
"SAM",2021,"SSB_original_biology",35358.3310192238
"SAM",2022,"SSB_original_biology",49624.0205938098
"SAM",1983,"biomass_original_weight",443808.823443753
"SAM",1984,"biomass_original_weight",433590.093492599
"SAM",1985,"biomass_original_weight",392462.99788797
"SAM",1986,"biomass_original_weight",403266.418036183
"SAM",1987,"biomass_original_weight",383357.709289885
"SAM",1988,"biomass_original_weight",287672.8403168
"SAM",1989,"biomass_original_weight",277454.55152841
"SAM",1990,"biomass_original_weight",234062.556641821
"SAM",1991,"biomass_original_weight",185259.238729914
"SAM",1992,"biomass_original_weight",201442.513446971
"SAM",1993,"biomass_original_weight",218191.165633306
"SAM",1994,"biomass_original_weight",249598.211931822
"SAM",1995,"biomass_original_weight",271534.579113222
"SAM",1996,"biomass_original_weight",213836.052734672
"SAM",1997,"biomass_original_weight",214405.065475176
"SAM",1998,"biomass_original_weight",238720.560297283
"SAM",1999,"biomass_original_weight",150957.937314738
"SAM",2000,"biomass_original_weight",119361.477361257
"SAM",2001,"biomass_original_weight",105289.928694583
"SAM",2002,"biomass_original_weight",108463.268766485
"SAM",2003,"biomass_original_weight",78052.1412389627
"SAM",2004,"biomass_original_weight",80893.4012825661
"SAM",2005,"biomass_original_weight",72669.8539470756
"SAM",2006,"biomass_original_weight",89524.8585366367
"SAM",2007,"biomass_original_weight",103680.68510988
"SAM",2008,"biomass_original_weight",100529.8479963
"SAM",2009,"biomass_original_weight",98380.7764571054
"SAM",2010,"biomass_original_weight",111794.842901204
"SAM",2011,"biomass_original_weight",124555.11853127
"SAM",2012,"biomass_original_weight",135636.344451055
"SAM",2013,"biomass_original_weight",138357.608192091
"SAM",2014,"biomass_original_weight",147541.591312212
"SAM",2015,"biomass_original_weight",167678.207879403
"SAM",2016,"biomass_original_weight",161983.782022227
"SAM",2017,"biomass_original_weight",155736.627230818
"SAM",2018,"biomass_original_weight",126150.50502996
"SAM",2019,"biomass_original_weight",76725.8469489791
"SAM",2020,"biomass_original_weight",80539.6559147438
"SAM",2021,"biomass_original_weight",93012.1057831535
"SAM",2022,"biomass_original_weight",118233.198754501
"SAM",1983,"abundance",990535.365802514
"SAM",1984,"abundance",2464792.79495133
"SAM",1985,"abundance",765336.68581025
"SAM",1986,"abundance",2589842.63658274
"SAM",1987,"abundance",1119116.15635205
"SAM",1988,"abundance",622806.800822917
"SAM",1989,"abundance",1292325.93833153
"SAM",1990,"abundance",596628.512433072
"SAM",1991,"abundance",566815.223944504
"SAM",1992,"abundance",1183388.16384898
"SAM",1993,"abundance",665642.028485583
"SAM",1994,"abundance",1752574.00212592
"SAM",1995,"abundance",1017981.98750172
"SAM",1996,"abundance",524918.518569984
"SAM",1997,"abundance",1531116.31610754
"SAM",1998,"abundance",555992.220991046
"SAM",1999,"abundance",414983.627919168
"SAM",2000,"abundance",578763.134270411
"SAM",2001,"abundance",309247.503184834
"SAM",2002,"abundance",432594.034376195
"SAM",2003,"abundance",182814.949539459
"SAM",2004,"abundance",348008.621609008
"SAM",2005,"abundance",252925.64989752
"SAM",2006,"abundance",505158.791674164
"SAM",2007,"abundance",367266.331335526
"SAM",2008,"abundance",292044.555726968
"SAM",2009,"abundance",272066.804511427
"SAM",2010,"abundance",358861.484351162
"SAM",2011,"abundance",236053.734216456
"SAM",2012,"abundance",343672.317476127
"SAM",2013,"abundance",328127.328178585
"SAM",2014,"abundance",403908.075177022
"SAM",2015,"abundance",299195.606149726
"SAM",2016,"abundance",215498.540624502
"SAM",2017,"abundance",402520.332907696
"SAM",2018,"abundance",168098.628860118
"SAM",2019,"abundance",178206.938406505
"SAM",2020,"abundance",361066.604967476
"SAM",2021,"abundance",246146.674558844
"SAM",2022,"abundance",262855.451220644
"SAM",1983,"recruitment_age1",606068.861262048
"SAM",1984,"recruitment_age1",2229849.65170581
"SAM",1985,"recruitment_age1",328580.941311361
"SAM",1986,"recruitment_age1",2424740.29698877
"SAM",1987,"recruitment_age1",641996.854885968
"SAM",1988,"recruitment_age1",364874.979489405
"SAM",1989,"recruitment_age1",1132651.93211973
"SAM",1990,"recruitment_age1",327823.137959269
"SAM",1991,"recruitment_age1",441822.499768944
"SAM",1992,"recruitment_age1",1049880.02413596
"SAM",1993,"recruitment_age1",402245.830915282
"SAM",1994,"recruitment_age1",1594171.27392417
"SAM",1995,"recruitment_age1",677946.614223656
"SAM",1996,"recruitment_age1",306691.232247104
"SAM",1997,"recruitment_age1",1378458.65429138
"SAM",1998,"recruitment_age1",134598.62779598
"SAM",1999,"recruitment_age1",306938.830538716
"SAM",2000,"recruitment_age1",482845.90809287
"SAM",2001,"recruitment_age1",151097.639841293
"SAM",2002,"recruitment_age1",347361.384782408
"SAM",2003,"recruitment_age1",98559.563378421
"SAM",2004,"recruitment_age1",292867.892770232
"SAM",2005,"recruitment_age1",178807.99032332
"SAM",2006,"recruitment_age1",426338.419081443
"SAM",2007,"recruitment_age1",236430.031036315
"SAM",2008,"recruitment_age1",211319.058972297
"SAM",2009,"recruitment_age1",198458.976544568
"SAM",2010,"recruitment_age1",274423.134524191
"SAM",2011,"recruitment_age1",128820.57804156
"SAM",2012,"recruitment_age1",268458.734164775
"SAM",2013,"recruitment_age1",240968.824690073
"SAM",2014,"recruitment_age1",303484.870324633
"SAM",2015,"recruitment_age1",161885.619595013
"SAM",2016,"recruitment_age1",119349.130636692
"SAM",2017,"recruitment_age1",334481.217018346
"SAM",2018,"recruitment_age1",67396.227188583
"SAM",2019,"recruitment_age1",137009.763321443
"SAM",2020,"recruitment_age1",304337.006903299
"SAM",2021,"recruitment_age1",154774.877353828
"SAM",2022,"recruitment_age1",178215.75294211
"SAM",1983,"Fbar_arithmetic",0.99384424927207
"SAM",1984,"Fbar_arithmetic",1.02670203466476
"SAM",1985,"Fbar_arithmetic",0.987850894767806
"SAM",1986,"Fbar_arithmetic",1.03081233761599
"SAM",1987,"Fbar_arithmetic",0.942001418863364
"SAM",1988,"Fbar_arithmetic",0.925008821540253
"SAM",1989,"Fbar_arithmetic",1.01793312900379
"SAM",1990,"Fbar_arithmetic",0.969999034615769
"SAM",1991,"Fbar_arithmetic",0.983762469802151
"SAM",1992,"Fbar_arithmetic",0.951393503052231
"SAM",1993,"Fbar_arithmetic",0.946175593347068
"SAM",1994,"Fbar_arithmetic",0.982945691895277
"SAM",1995,"Fbar_arithmetic",0.857828035468442
"SAM",1996,"Fbar_arithmetic",0.916996431908585
"SAM",1997,"Fbar_arithmetic",0.971402261151494
"SAM",1998,"Fbar_arithmetic",1.17525721348491
"SAM",1999,"Fbar_arithmetic",1.21414482294522
"SAM",2000,"Fbar_arithmetic",1.13429463510396
"SAM",2001,"Fbar_arithmetic",0.872747653447631
"SAM",2002,"Fbar_arithmetic",0.9944792683201
"SAM",2003,"Fbar_arithmetic",0.726535852146851
"SAM",2004,"Fbar_arithmetic",0.823906424736074
"SAM",2005,"Fbar_arithmetic",0.845568443438921
"SAM",2006,"Fbar_arithmetic",0.852895170763404
"SAM",2007,"Fbar_arithmetic",0.713480228103425
"SAM",2008,"Fbar_arithmetic",0.694005325501989
"SAM",2009,"Fbar_arithmetic",0.695887667457898
"SAM",2010,"Fbar_arithmetic",0.597048310082315
"SAM",2011,"Fbar_arithmetic",0.47816105568344
"SAM",2012,"Fbar_arithmetic",0.461644612300548
"SAM",2013,"Fbar_arithmetic",0.427106258427949
"SAM",2014,"Fbar_arithmetic",0.41598301443352
"SAM",2015,"Fbar_arithmetic",0.397051194755194
"SAM",2016,"Fbar_arithmetic",0.389990857569953
"SAM",2017,"Fbar_arithmetic",0.44764386556454
"SAM",2018,"Fbar_arithmetic",0.606725630538252
"SAM",2019,"Fbar_arithmetic",0.595649650425404
"SAM",2020,"Fbar_arithmetic",0.438043371768572
"SAM",2021,"Fbar_arithmetic",0.263173480337283
"SAM",2022,"Fbar_arithmetic",0.26313411774412
"SAM",1983,"predicted_catch_original_weight",309818.754248837
"SAM",1984,"predicted_catch_original_weight",342300.228055612
"SAM",1985,"predicted_catch_original_weight",274999.482629541
"SAM",1986,"predicted_catch_original_weight",289878.867827536
"SAM",1987,"predicted_catch_original_weight",268399.676609816
"SAM",1988,"predicted_catch_original_weight",205144.23671549
"SAM",1989,"predicted_catch_original_weight",208659.056971014
"SAM",1990,"predicted_catch_original_weight",161436.854315292
"SAM",1991,"predicted_catch_original_weight",134141.201463902
"SAM",1992,"predicted_catch_original_weight",156779.522028072
"SAM",1993,"predicted_catch_original_weight",159836.211689935
"SAM",1994,"predicted_catch_original_weight",180328.205244301
"SAM",1995,"predicted_catch_original_weight",185700.503800616
"SAM",1996,"predicted_catch_original_weight",154424.889047984
"SAM",1997,"predicted_catch_original_weight",164469.655974796
"SAM",1998,"predicted_catch_original_weight",175952.568923898
"SAM",1999,"predicted_catch_original_weight",107855.55541233
"SAM",2000,"predicted_catch_original_weight",85313.9027893738
"SAM",2001,"predicted_catch_original_weight",62407.8547481057
"SAM",2002,"predicted_catch_original_weight",63145.7145197214
"SAM",2003,"predicted_catch_original_weight",39326.4936052052
"SAM",2004,"predicted_catch_original_weight",36218.0390791336
"SAM",2005,"predicted_catch_original_weight",40650.3831454756
"SAM",2006,"predicted_catch_original_weight",35690.5494353032
"SAM",2007,"predicted_catch_original_weight",57052.4706854762
"SAM",2008,"predicted_catch_original_weight",54092.0628503804
"SAM",2009,"predicted_catch_original_weight",53591.532542301
"SAM",2010,"predicted_catch_original_weight",48973.9281521768
"SAM",2011,"predicted_catch_original_weight",47068.5134271141
"SAM",2012,"predicted_catch_original_weight",46612.2607369061
"SAM",2013,"predicted_catch_original_weight",45410.2748330706
"SAM",2014,"predicted_catch_original_weight",47798.5747504952
"SAM",2015,"predicted_catch_original_weight",53820.9802959893
"SAM",2016,"predicted_catch_original_weight",55990.5270327342
"SAM",2017,"predicted_catch_original_weight",55904.3666797722
"SAM",2018,"predicted_catch_original_weight",54488.0840279303
"SAM",2019,"predicted_catch_original_weight",37927.4312833337
"SAM",2020,"predicted_catch_original_weight",24801.9845285416
"SAM",2021,"predicted_catch_original_weight",24097.1418033943
"SAM",2022,"predicted_catch_original_weight",NA
"tinyAM",1983,"SSB_original_biology",107058.847645681
"tinyAM",1984,"SSB_original_biology",90533.6356055567
"tinyAM",1985,"SSB_original_biology",88794.5608807629
"tinyAM",1986,"SSB_original_biology",68102.4733568838
"tinyAM",1987,"SSB_original_biology",78886.5025106634
"tinyAM",1988,"SSB_original_biology",61877.7517285552
"tinyAM",1989,"SSB_original_biology",86509.7831674283
"tinyAM",1990,"SSB_original_biology",61569.9635882713
"tinyAM",1991,"SSB_original_biology",65864.6278230839
"tinyAM",1992,"SSB_original_biology",75920.3850957663
"tinyAM",1993,"SSB_original_biology",54442.1405343484
"tinyAM",1994,"SSB_original_biology",79418.3166074176
"tinyAM",1995,"SSB_original_biology",67049.6264479222
"tinyAM",1996,"SSB_original_biology",96715.7441161945
"tinyAM",1997,"SSB_original_biology",91696.1486216363
"tinyAM",1998,"SSB_original_biology",82770.301020304
"tinyAM",1999,"SSB_original_biology",75673.0216240591
"tinyAM",2000,"SSB_original_biology",58970.0466768878
"tinyAM",2001,"SSB_original_biology",39097.8882822507
"tinyAM",2002,"SSB_original_biology",42676.4717726794
"tinyAM",2003,"SSB_original_biology",34400.5471868708
"tinyAM",2004,"SSB_original_biology",38525.6887760936
"tinyAM",2005,"SSB_original_biology",31686.643165707
"tinyAM",2006,"SSB_original_biology",26790.1852480907
"tinyAM",2007,"SSB_original_biology",38436.3055376449
"tinyAM",2008,"SSB_original_biology",55877.6631956738
"tinyAM",2009,"SSB_original_biology",51245.2263892467
"tinyAM",2010,"SSB_original_biology",47610.1899680458
"tinyAM",2011,"SSB_original_biology",66996.0610803902
"tinyAM",2012,"SSB_original_biology",68018.7045896918
"tinyAM",2013,"SSB_original_biology",75586.3789834014
"tinyAM",2014,"SSB_original_biology",68450.4226420824
"tinyAM",2015,"SSB_original_biology",83086.1328520353
"tinyAM",2016,"SSB_original_biology",76737.4569733664
"tinyAM",2017,"SSB_original_biology",94474.813724408
"tinyAM",2018,"SSB_original_biology",67830.972919231
"tinyAM",2019,"SSB_original_biology",49842.6355523927
"tinyAM",2020,"SSB_original_biology",38967.0237248321
"tinyAM",2021,"SSB_original_biology",34067.1923316239
"tinyAM",2022,"SSB_original_biology",43138.5886642956
"tinyAM",1983,"biomass_original_weight",441184.603602239
"tinyAM",1984,"biomass_original_weight",417377.030016348
"tinyAM",1985,"biomass_original_weight",386653.52194841
"tinyAM",1986,"biomass_original_weight",381844.282968823
"tinyAM",1987,"biomass_original_weight",376639.14424858
"tinyAM",1988,"biomass_original_weight",281937.305152794
"tinyAM",1989,"biomass_original_weight",266457.160421423
"tinyAM",1990,"biomass_original_weight",229880.52300167
"tinyAM",1991,"biomass_original_weight",181125.583166341
"tinyAM",1992,"biomass_original_weight",197488.681544958
"tinyAM",1993,"biomass_original_weight",216417.99523619
"tinyAM",1994,"biomass_original_weight",238997.148891058
"tinyAM",1995,"biomass_original_weight",268886.566363164
"tinyAM",1996,"biomass_original_weight",211417.479911195
"tinyAM",1997,"biomass_original_weight",207243.578470551
"tinyAM",1998,"biomass_original_weight",223378.530610147
"tinyAM",1999,"biomass_original_weight",145620.9596403
"tinyAM",2000,"biomass_original_weight",119647.854521271
"tinyAM",2001,"biomass_original_weight",106520.569243887
"tinyAM",2002,"biomass_original_weight",103936.734677516
"tinyAM",2003,"biomass_original_weight",80156.5718601243
"tinyAM",2004,"biomass_original_weight",77573.177752438
"tinyAM",2005,"biomass_original_weight",71547.9112073743
"tinyAM",2006,"biomass_original_weight",87015.4334660425
"tinyAM",2007,"biomass_original_weight",102464.07857099
"tinyAM",2008,"biomass_original_weight",97987.6066131653
"tinyAM",2009,"biomass_original_weight",96536.0271619416
"tinyAM",2010,"biomass_original_weight",110661.414212986
"tinyAM",2011,"biomass_original_weight",123148.172568288
"tinyAM",2012,"biomass_original_weight",131220.584125243
"tinyAM",2013,"biomass_original_weight",133631.134029994
"tinyAM",2014,"biomass_original_weight",141363.493890358
"tinyAM",2015,"biomass_original_weight",159376.412202989
"tinyAM",2016,"biomass_original_weight",154071.711469336
"tinyAM",2017,"biomass_original_weight",148269.927177554
"tinyAM",2018,"biomass_original_weight",121098.131322147
"tinyAM",2019,"biomass_original_weight",77458.1788669616
"tinyAM",2020,"biomass_original_weight",79958.1262553906
"tinyAM",2021,"biomass_original_weight",89337.226001506
"tinyAM",2022,"biomass_original_weight",106329.252474806
"tinyAM",1983,"abundance",1046528.40913802
"tinyAM",1984,"abundance",2273557.50165667
"tinyAM",1985,"abundance",741502.831750815
"tinyAM",1986,"abundance",2328173.26941285
"tinyAM",1987,"abundance",1148200.45526102
"tinyAM",1988,"abundance",647214.260362595
"tinyAM",1989,"abundance",1232667.49859083
"tinyAM",1990,"abundance",586141.0328884
"tinyAM",1991,"abundance",558484.261133968
"tinyAM",1992,"abundance",1156770.31587395
"tinyAM",1993,"abundance",684742.52010695
"tinyAM",1994,"abundance",1555977.26952363
"tinyAM",1995,"abundance",1001568.64412922
"tinyAM",1996,"abundance",545736.10010896
"tinyAM",1997,"abundance",1515555.01850665
"tinyAM",1998,"abundance",532740.415158898
"tinyAM",1999,"abundance",409902.358622398
"tinyAM",2000,"abundance",581869.119681187
"tinyAM",2001,"abundance",316757.322602842
"tinyAM",2002,"abundance",425404.298065386
"tinyAM",2003,"abundance",185076.079816086
"tinyAM",2004,"abundance",338142.262895369
"tinyAM",2005,"abundance",255765.883544138
"tinyAM",2006,"abundance",513503.161386935
"tinyAM",2007,"abundance",355599.122593604
"tinyAM",2008,"abundance",291510.484606534
"tinyAM",2009,"abundance",276741.047128879
"tinyAM",2010,"abundance",368324.551172812
"tinyAM",2011,"abundance",232515.639544066
"tinyAM",2012,"abundance",320412.56198938
"tinyAM",2013,"abundance",317123.592711992
"tinyAM",2014,"abundance",390338.350213956
"tinyAM",2015,"abundance",288857.568686177
"tinyAM",2016,"abundance",202396.347333731
"tinyAM",2017,"abundance",395562.624984313
"tinyAM",2018,"abundance",170357.389420538
"tinyAM",2019,"abundance",186919.157328539
"tinyAM",2020,"abundance",339311.242925298
"tinyAM",2021,"abundance",222503.826570595
"tinyAM",2022,"abundance",250061.74139014
"tinyAM",1983,"recruitment_age1",648524.406324398
"tinyAM",1984,"recruitment_age1",2037921.59393491
"tinyAM",1985,"recruitment_age1",311108.642607232
"tinyAM",1986,"recruitment_age1",2167284.81209606
"tinyAM",1987,"recruitment_age1",689433.474739429
"tinyAM",1988,"recruitment_age1",392642.745115312
"tinyAM",1989,"recruitment_age1",1074848.0966488
"tinyAM",1990,"recruitment_age1",322613.106232229
"tinyAM",1991,"recruitment_age1",434744.176455428
"tinyAM",1992,"recruitment_age1",1024293.66733286
"tinyAM",1993,"recruitment_age1",421287.158900522
"tinyAM",1994,"recruitment_age1",1395632.8298924
"tinyAM",1995,"recruitment_age1",667612.428404839
"tinyAM",1996,"recruitment_age1",328474.312387874
"tinyAM",1997,"recruitment_age1",1366443.40804318
"tinyAM",1998,"recruitment_age1",132975.592143388
"tinyAM",1999,"recruitment_age1",305042.538578318
"tinyAM",2000,"recruitment_age1",484729.918631419
"tinyAM",2001,"recruitment_age1",159896.645472352
"tinyAM",2002,"recruitment_age1",343202.162305431
"tinyAM",2003,"recruitment_age1",96760.3775669381
"tinyAM",2004,"recruitment_age1",285432.555142739
"tinyAM",2005,"recruitment_age1",180687.662557347
"tinyAM",2006,"recruitment_age1",440995.549562513
"tinyAM",2007,"recruitment_age1",224195.503577071
"tinyAM",2008,"recruitment_age1",212410.801011129
"tinyAM",2009,"recruitment_age1",203932.432886488
"tinyAM",2010,"recruitment_age1",285274.669346114
"tinyAM",2011,"recruitment_age1",124356.487409494
"tinyAM",2012,"recruitment_age1",247159.184883646
"tinyAM",2013,"recruitment_age1",232314.854021042
"tinyAM",2014,"recruitment_age1",293094.569050119
"tinyAM",2015,"recruitment_age1",158324.070624501
"tinyAM",2016,"recruitment_age1",110125.760874789
"tinyAM",2017,"recruitment_age1",331171.288660881
"tinyAM",2018,"recruitment_age1",70981.3680405961
"tinyAM",2019,"recruitment_age1",144773.025591863
"tinyAM",2020,"recruitment_age1",282768.365794139
"tinyAM",2021,"recruitment_age1",132777.96421668
"tinyAM",2022,"recruitment_age1",174156.731422616
"tinyAM",1983,"Fbar_arithmetic",1.00369316363032
"tinyAM",1984,"Fbar_arithmetic",0.974052621132793
"tinyAM",1985,"Fbar_arithmetic",0.970135652403363
"tinyAM",1986,"Fbar_arithmetic",0.980598096682336
"tinyAM",1987,"Fbar_arithmetic",0.989036390009676
"tinyAM",1988,"Fbar_arithmetic",0.993327182252477
"tinyAM",1989,"Fbar_arithmetic",0.998325673188366
"tinyAM",1990,"Fbar_arithmetic",0.994078650288048
"tinyAM",1991,"Fbar_arithmetic",0.976509028121305
"tinyAM",1992,"Fbar_arithmetic",0.962313200602768
"tinyAM",1993,"Fbar_arithmetic",0.953837889131596
"tinyAM",1994,"Fbar_arithmetic",0.94682647942103
"tinyAM",1995,"Fbar_arithmetic",0.963877959590645
"tinyAM",1996,"Fbar_arithmetic",0.999798698850456
"tinyAM",1997,"Fbar_arithmetic",1.03054238484607
"tinyAM",1998,"Fbar_arithmetic",1.08127596820621
"tinyAM",1999,"Fbar_arithmetic",1.09243087635864
"tinyAM",2000,"Fbar_arithmetic",1.05721803078818
"tinyAM",2001,"Fbar_arithmetic",0.96860936442083
"tinyAM",2002,"Fbar_arithmetic",0.940025444307222
"tinyAM",2003,"Fbar_arithmetic",0.882588677039681
"tinyAM",2004,"Fbar_arithmetic",0.863102477581676
"tinyAM",2005,"Fbar_arithmetic",0.835613457525079
"tinyAM",2006,"Fbar_arithmetic",0.791449496600394
"tinyAM",2007,"Fbar_arithmetic",0.738369200007346
"tinyAM",2008,"Fbar_arithmetic",0.696186254313806
"tinyAM",2009,"Fbar_arithmetic",0.656387978733228
"tinyAM",2010,"Fbar_arithmetic",0.594194345368045
"tinyAM",2011,"Fbar_arithmetic",0.53239202609915
"tinyAM",2012,"Fbar_arithmetic",0.497074439807605
"tinyAM",2013,"Fbar_arithmetic",0.478951863343328
"tinyAM",2014,"Fbar_arithmetic",0.470156285622417
"tinyAM",2015,"Fbar_arithmetic",0.461735191215556
"tinyAM",2016,"Fbar_arithmetic",0.47089876776348
"tinyAM",2017,"Fbar_arithmetic",0.503892727959656
"tinyAM",2018,"Fbar_arithmetic",0.527040961527442
"tinyAM",2019,"Fbar_arithmetic",0.505722906200852
"tinyAM",2020,"Fbar_arithmetic",0.450713144183301
"tinyAM",2021,"Fbar_arithmetic",0.399808128346298
"tinyAM",2022,"Fbar_arithmetic",0.39907898529766
"tinyAM",1983,"predicted_catch_original_weight",312255.766056977
"tinyAM",1984,"predicted_catch_original_weight",322083.032129367
"tinyAM",1985,"predicted_catch_original_weight",268189.677340482
"tinyAM",1986,"predicted_catch_original_weight",267631.920514097
"tinyAM",1987,"predicted_catch_original_weight",273103.609001259
"tinyAM",1988,"predicted_catch_original_weight",210553.509887755
"tinyAM",1989,"predicted_catch_original_weight",197798.204349139
"tinyAM",1990,"predicted_catch_original_weight",161936.458256503
"tinyAM",1991,"predicted_catch_original_weight",131358.470575297
"tinyAM",1992,"predicted_catch_original_weight",156817.874489532
"tinyAM",1993,"predicted_catch_original_weight",161828.351708221
"tinyAM",1994,"predicted_catch_original_weight",171113.930352595
"tinyAM",1995,"predicted_catch_original_weight",201105.045941248
"tinyAM",1996,"predicted_catch_original_weight",162996.551361035
"tinyAM",1997,"predicted_catch_original_weight",164256.324367508
"tinyAM",1998,"predicted_catch_original_weight",157012.079364975
"tinyAM",1999,"predicted_catch_original_weight",98122.6850514933
"tinyAM",2000,"predicted_catch_original_weight",81386.2470341968
"tinyAM",2001,"predicted_catch_original_weight",68673.216578256
"tinyAM",2002,"predicted_catch_original_weight",57720.5038918308
"tinyAM",2003,"predicted_catch_original_weight",46623.4358709197
"tinyAM",2004,"predicted_catch_original_weight",35676.316177179
"tinyAM",2005,"predicted_catch_original_weight",40138.1843390226
"tinyAM",2006,"predicted_catch_original_weight",32847.0826824054
"tinyAM",2007,"predicted_catch_original_weight",58599.6976868091
"tinyAM",2008,"predicted_catch_original_weight",53006.3473595545
"tinyAM",2009,"predicted_catch_original_weight",50297.1345486298
"tinyAM",2010,"predicted_catch_original_weight",48221.9201581877
"tinyAM",2011,"predicted_catch_original_weight",50653.4937188189
"tinyAM",2012,"predicted_catch_original_weight",48679.89646574
"tinyAM",2013,"predicted_catch_original_weight",48709.559623574
"tinyAM",2014,"predicted_catch_original_weight",51025.9077513278
"tinyAM",2015,"predicted_catch_original_weight",58273.2450754397
"tinyAM",2016,"predicted_catch_original_weight",62847.9618721279
"tinyAM",2017,"predicted_catch_original_weight",58996.7739594611
"tinyAM",2018,"predicted_catch_original_weight",46839.9539755464
"tinyAM",2019,"predicted_catch_original_weight",34250.170983779
"tinyAM",2020,"predicted_catch_original_weight",25532.2116188439
"tinyAM",2021,"predicted_catch_original_weight",32483.3624782294
"tinyAM",2022,"predicted_catch_original_weight",NA
