"year","age","survey","pred_SAM","pred_tinyAM","relative_difference"
1983,1,"NScodindicesQ1",3946.42527141642,4293.24007037989,0.0878807465265867
1983,2,"NScodindicesQ1",12675.9995165681,13553.5576449247,0.0692298960101352
1983,3,"NScodindicesQ1",2351.51029663041,2427.85568098856,0.032466532027329
1983,4,"NScodindicesQ1",1780.8657971645,1621.64905503658,-0.0894041215129313
1983,5,"NScodindicesQ1",529.216266126146,516.858946907164,-0.0233502256259764
1983,6,"NScodindicesQ1",287.547467428059,328.233426703552,0.141493019011449
1983,7,"NScodindicesQ1",152.630065252351,134.195448185858,-0.120779723418278
1984,1,"NScodindicesQ1",14484.6015705234,13443.3538888265,-0.0718865256063284
1984,2,"NScodindicesQ1",6391.69201312807,6580.55497908692,0.0295481956219008
1984,3,"NScodindicesQ1",3726.03859160983,3898.99552252979,0.0464184486197818
1984,4,"NScodindicesQ1",680.306553975097,711.649811781092,0.0460722561363744
1984,5,"NScodindicesQ1",622.274636020333,603.252578736521,-0.0305685885021197
1984,6,"NScodindicesQ1",213.865838506735,217.975893369851,0.0192179119947973
1984,7,"NScodindicesQ1",130.881260960348,123.346083901566,-0.0575726196668097
1985,1,"NScodindicesQ1",2142.09848709747,2056.19774738953,-0.0401012092699513
1985,2,"NScodindicesQ1",15140.7555613868,15176.6299353448,0.0023693912640339
1985,3,"NScodindicesQ1",2327.81878772728,2427.11534655391,0.0426564814023078
1985,4,"NScodindicesQ1",1271.18767876716,1318.26547952591,0.0370345005266386
1985,5,"NScodindicesQ1",271.089980724222,288.341321201148,0.0636369534235026
1985,6,"NScodindicesQ1",271.635336390314,281.328266575297,0.0356836128678593
1985,7,"NScodindicesQ1",98.8990495697036,86.6163635191589,-0.124194176829657
1986,1,"NScodindicesQ1",15841.4394072912,14377.1836401337,-0.0924319898912422
1986,2,"NScodindicesQ1",3299.58524917442,3227.78274521272,-0.0217610695100754
1986,3,"NScodindicesQ1",4251.63339004118,4379.48755070517,0.0300717745239911
1986,4,"NScodindicesQ1",861.016991664977,891.548294729147,0.0354595825166357
1986,5,"NScodindicesQ1",504.257789401247,510.36018242388,0.0121017327860795
1986,6,"NScodindicesQ1",136.08518668743,151.100156090069,0.110335075904527
1986,7,"NScodindicesQ1",128.261629029807,115.788884561411,-0.0972445505545373
1987,1,"NScodindicesQ1",4235.99937781493,4613.96960734989,0.0892281126183578
1987,2,"NScodindicesQ1",17634.1467006471,17054.098370635,-0.0328934730927917
1987,3,"NScodindicesQ1",1166.33011051283,1171.75674970614,0.00465274723201592
1987,4,"NScodindicesQ1",1256.32015929218,1293.61076148848,0.0296824037411838
1987,5,"NScodindicesQ1",302.327694928346,319.379045495794,0.0564002268184145
1987,6,"NScodindicesQ1",209.298000054498,222.236137370703,0.061816822486769
1987,7,"NScodindicesQ1",87.3111187113927,79.4481439973818,-0.0900569690327983
1988,1,"NScodindicesQ1",2417.54872292048,2638.18299790696,0.0912636311709785
1988,2,"NScodindicesQ1",6944.18488064327,7013.54332434167,0.00998798921551347
1988,3,"NScodindicesQ1",4996.64118807029,4841.96502078417,-0.0309560285528242
1988,4,"NScodindicesQ1",436.716587950635,427.495942211736,-0.0211135688300017
1988,5,"NScodindicesQ1",460.630006778914,463.525246663074,0.00628539140210549
1988,6,"NScodindicesQ1",149.468596580472,160.880584753909,0.0763504069384415
1988,7,"NScodindicesQ1",95.405646602032,92.5343580548935,-0.0300955829073261
1989,1,"NScodindicesQ1",7490.93510299321,7222.37878923029,-0.0358508397243514
1989,2,"NScodindicesQ1",3953.05246721393,4065.04564998384,0.028330811113376
1989,3,"NScodindicesQ1",2540.88134990042,2500.85196415636,-0.0157541341887643
1989,4,"NScodindicesQ1",1424.07336394442,1401.02734476227,-0.0161831684839009
1989,5,"NScodindicesQ1",175.246973708889,171.871633612552,-0.0192604758011083
1989,6,"NScodindicesQ1",213.907605221957,223.900883717001,0.0467177335030908
1989,7,"NScodindicesQ1",87.3819337344864,84.4662590752756,-0.0333670191835104
1990,1,"NScodindicesQ1",2175.92261699496,2172.80776612117,-0.00143150811038473
1990,2,"NScodindicesQ1",9320.38246502793,9231.7352605043,-0.0095111123235827
1990,3,"NScodindicesQ1",1356.71223513569,1382.1207855945,0.0187280322243599
1990,4,"NScodindicesQ1",728.304718957879,738.117963686374,0.0134740919192942
1990,5,"NScodindicesQ1",468.049161486436,476.044809601406,0.0170829237030929
1990,6,"NScodindicesQ1",73.9540494412977,78.0443991335617,0.0553093403696681
1990,7,"NScodindicesQ1",102.660741704851,105.413389533053,0.026813052219272
1991,1,"NScodindicesQ1",2940.21934124893,2935.67350483331,-0.00154608751525587
1991,2,"NScodindicesQ1",3123.64893331345,3149.95177923871,0.0084205512484905
1991,3,"NScodindicesQ1",2412.13247393327,2456.97658810455,0.0185910660612063
1991,4,"NScodindicesQ1",468.777961760042,475.583092768212,0.0145167468680056
1991,5,"NScodindicesQ1",260.042490900691,257.936175227152,-0.00809989039192471
1991,6,"NScodindicesQ1",205.506167253534,211.653987112933,0.0299155005495022
1991,7,"NScodindicesQ1",70.6875752033083,67.2985277135901,-0.0479440337282868
1992,1,"NScodindicesQ1",7012.98074032983,6936.4355925689,-0.0109147808321697
1992,1,"NScodindicesQ3&Q4",9534.0632093346,9376.79199277725,-0.0164957178386822
1992,2,"NScodindicesQ1",4238.82877554701,4275.08422154193,0.00855317539695788
1992,2,"NScodindicesQ3&Q4",1767.51898591741,1764.96607921289,-0.00144434471417898
1992,3,"NScodindicesQ1",1061.51651240252,1067.39824093908,0.00554087333342013
1992,3,"NScodindicesQ3&Q4",488.361138037796,503.934489417347,0.0318890062426422
1992,4,"NScodindicesQ1",702.475507615926,716.127710894791,0.0194344188955402
1992,4,"NScodindicesQ3&Q4",350.824008767893,354.090652881454,0.00931134709119319
1992,5,"NScodindicesQ1",174.453095463452,175.442630498548,0.00567221253637218
1992,5,"NScodindicesQ3&Q4",77.091778329803,78.8966902695381,0.0234125088153185
1992,6,"NScodindicesQ1",100.341591524336,102.352768983571,0.0200433083498326
1992,6,"NScodindicesQ3&Q4",44.0306766597272,45.479565464577,0.0329063488178245
1992,7,"NScodindicesQ1",89.8143607851184,91.0344941957959,0.0135850592267379
1992,7,"NScodindicesQ3&Q4",38.6824674420706,38.7837783346032,0.00261903904357585
1993,1,"NScodindicesQ1",2694.04588331993,2860.68436950143,0.0618543608381856
1993,1,"NScodindicesQ3&Q4",3711.35658661272,3920.00952084558,0.05622012581208
1993,1,"NScodrecruitmentindex",2667.91912694314,2834.52219163451,0.0624468196988637
1993,2,"NScodindicesQ1",9400.49933419909,9548.39274959427,0.0157325063422042
1993,2,"NScodindicesQ3&Q4",3954.50843155804,3955.05799185973,0.000138970572750807
1993,3,"NScodindicesQ1",1442.0212762239,1449.686205474,0.00531540648981732
1993,3,"NScodindicesQ3&Q4",661.699475668135,678.710488354439,0.0257080643280361
1993,4,"NScodindicesQ1",394.470901662717,393.167729336586,-0.00330359557736115
1993,4,"NScodindicesQ3&Q4",196.182130695113,196.990377375935,0.00411987920591117
1993,5,"NScodindicesQ1",252.764506169209,251.774926240319,-0.00391502724764226
1993,5,"NScodindicesQ3&Q4",110.272895177679,111.723840513167,0.0131577694876908
1993,6,"NScodindicesQ1",77.8946676279303,78.9259576676618,0.0132395460579859
1993,6,"NScodindicesQ3&Q4",33.6522286459405,34.5148640905193,0.0256338281085244
1993,7,"NScodindicesQ1",63.7968111316714,62.568429450917,-0.0192545937479403
1993,7,"NScodindicesQ3&Q4",27.4324490115737,27.1070132321517,-0.0118631690260201
1994,1,"NScodindicesQ1",10677.1305838911,9480.89616382129,-0.112037069385909
1994,1,"NScodindicesQ3&Q4",14710.0091407351,13019.6415781996,-0.114912747256873
1994,1,"NScodrecruitmentindex",10573.4347168942,9390.15620136142,-0.111910514153187
1994,2,"NScodindicesQ1",4374.32082458299,4558.23417904857,0.0420438650571804
1994,2,"NScodindicesQ3&Q4",1794.44143457168,1917.63620036796,0.0686535450100574
1994,3,"NScodindicesQ1",2728.47677426708,2789.7946172558,0.022473287501299
1994,3,"NScodindicesQ3&Q4",1209.72253421913,1281.55774819037,0.0593815622502343
1994,4,"NScodindicesQ1",468.487369852029,483.861645242375,0.0328168407084322
1994,4,"NScodindicesQ3&Q4",228.754034206527,244.296465761475,0.0679438577284963
1994,5,"NScodindicesQ1",147.761181174167,149.343560475653,0.0107090325680415
1994,5,"NScodindicesQ3&Q4",63.5921472088521,66.4750605575084,0.0453344237487074
1994,6,"NScodindicesQ1",101.884555897028,104.738684687972,0.0280133604727044
1994,6,"NScodindicesQ3&Q4",43.5152482691798,45.5823772850755,0.0475035556067336
1994,7,"NScodindicesQ1",49.15787534641,48.8049275151446,-0.00717988376792511
1994,7,"NScodindicesQ3&Q4",21.1815491951771,21.3917378379334,0.0099231949853873
1995,1,"NScodindicesQ1",4569.71446553662,4557.49792748906,-0.00267337010653457
1995,1,"NScodindicesQ3&Q4",6500.06079094487,6413.50424320098,-0.0133162674208327
1995,1,"NScodrecruitmentindex",4496.52078436226,4491.85835301323,-0.00103689754203906
1995,2,"NScodindicesQ1",12237.8828068333,11973.775933256,-0.0215810919050341
1995,2,"NScodindicesQ3&Q4",5399.47559236081,4907.07199610779,-0.0911947073063296
1995,3,"NScodindicesQ1",1762.55308432888,1810.14238898945,0.0270002107078
1995,3,"NScodindicesQ3&Q4",843.141920366605,815.562775101212,-0.0327099680364625
1995,4,"NScodindicesQ1",868.970267887378,891.838330247568,0.0263162770986245
1995,4,"NScodindicesQ3&Q4",457.37998202205,451.579299924981,-0.0126824135840504
1995,5,"NScodindicesQ1",170.996618868238,179.43621662538,0.049355348737304
1995,5,"NScodindicesQ3&Q4",78.8929370323285,80.5457236426615,0.0209497411619461
1995,6,"NScodindicesQ1",60.9737177857597,62.7787674544101,0.0296037331197798
1995,6,"NScodindicesQ3&Q4",27.936934606447,27.4378689580189,-0.0178640088992795
1995,7,"NScodindicesQ1",51.9147952772086,52.225517156489,0.00598522786464462
1995,7,"NScodindicesQ3&Q4",24.1300389623033,23.2617185454744,-0.0359850399821331
1996,1,"NScodindicesQ1",2070.98632002714,2250.03229112791,0.0864544441309614
1996,1,"NScodindicesQ3&Q4",2972.46733752209,3220.95024987014,0.0835948335618002
1996,1,"NScodrecruitmentindex",2034.14763234709,2210.05484780315,0.086477113390776
1996,2,"NScodindicesQ1",6553.98129831432,6567.72193446085,0.00209653270601562
1996,2,"NScodindicesQ3&Q4",2853.42576662072,2687.51294287618,-0.058145134064948
1996,3,"NScodindicesQ1",3091.28307463334,3077.44544841199,-0.00447633745835063
1996,3,"NScodindicesQ3&Q4",1402.17714579959,1306.62571908876,-0.0681450464351561
1996,4,"NScodindicesQ1",520.359867258783,528.733841573138,0.0160926597942082
1996,4,"NScodindicesQ3&Q4",258.612728001594,262.573271947618,0.0153145747180696
1996,5,"NScodindicesQ1",319.626126280261,318.318372087063,-0.00409151219400672
1996,5,"NScodindicesQ3&Q4",138.354412206118,139.154829511789,0.00578526765361143
1996,6,"NScodindicesQ1",75.2016067779368,76.6293356894889,0.0189853511477225
1996,6,"NScodindicesQ3&Q4",32.2614067627733,32.9845702158508,0.0224157445580442
1996,7,"NScodindicesQ1",47.4813172675367,44.0392456929004,-0.0724931777954194
1996,7,"NScodindicesQ3&Q4",20.8601349785272,19.1225903701287,-0.0832949839580206
1997,1,"NScodindicesQ1",9310.77831844691,9364.22940699811,0.00574077555313512
1997,1,"NScodindicesQ3&Q4",13381.5897237818,13434.8428451894,0.00397958108915364
1997,1,"NScodrecruitmentindex",9142.70808255764,9193.76269103344,0.00558418884369694
1997,2,"NScodindicesQ1",4331.61721917737,4310.16385301728,-0.00495273822098385
1997,2,"NScodindicesQ3&Q4",1842.63033917807,1771.41849337623,-0.0386468432043793
1997,3,"NScodindicesQ1",2075.1772917147,2010.84537699654,-0.0310006836403863
1997,3,"NScodindicesQ3&Q4",898.400051387755,833.870857561216,-0.071826792225647
1997,4,"NScodindicesQ1",842.928696332989,814.284561486022,-0.0339816819282325
1997,4,"NScodindicesQ3&Q4",399.537962035051,383.270333419796,-0.0407161025009893
1997,5,"NScodindicesQ1",197.758181412823,199.688260422765,0.00975979348188072
1997,5,"NScodindicesQ3&Q4",82.2490929985602,84.4380973373573,0.0266143280003763
1997,6,"NScodindicesQ1",127.934383399389,130.674799430743,0.0214204810195469
1997,6,"NScodindicesQ3&Q4",53.5638914004142,55.4393863198449,0.0350141647739977
1997,7,"NScodindicesQ1",43.730772921901,42.2872101922602,-0.0330102267393912
1997,7,"NScodindicesQ3&Q4",19.166832832501,18.6162351689634,-0.028726585573592
1998,1,"NScodindicesQ1",905.980972384238,910.757912980924,0.00527267210051252
1998,1,"NScodindicesQ3&Q4",1279.59286671503,1302.91662957884,0.0182274874067485
1998,1,"NScodrecruitmentindex",892.733313705435,894.692038228428,0.00219407575915676
1998,2,"NScodindicesQ1",15196.5373847412,14835.7210643984,-0.0237433246276973
1998,2,"NScodindicesQ3&Q4",5821.37204014966,5959.58446826853,0.0237422427506144
1998,3,"NScodindicesQ1",1626.20047937999,1530.95189782331,-0.0585712418391309
1998,3,"NScodindicesQ3&Q4",603.989953290117,610.178278735392,0.0102457423531064
1998,4,"NScodindicesQ1",607.068583546751,574.654018960134,-0.053395226610538
1998,4,"NScodindicesQ3&Q4",249.777882862173,257.306142054298,0.0301398150463077
1998,5,"NScodindicesQ1",282.073772843476,269.271315512555,-0.0453869113808901
1998,5,"NScodindicesQ3&Q4",103.700946669583,106.969375962624,0.0315178346775802
1998,6,"NScodindicesQ1",82.8371296158256,85.063198082546,0.0268728344046238
1998,6,"NScodindicesQ3&Q4",31.6998998738205,35.7895691853375,0.129012057697208
1998,7,"NScodindicesQ1",58.4060523893355,59.5497707706827,0.0195821894231636
1998,7,"NScodindicesQ3&Q4",24.2561910455705,26.6608234070927,0.0991347881868421
1999,1,"NScodindicesQ1",2067.33124490104,2091.17651651663,0.0115343255583282
1999,1,"NScodindicesQ3&Q4",2929.28584365614,3005.38904650064,0.0259801217451379
1999,1,"NScodrecruitmentindex",2035.78984257582,2052.40019004932,0.00815916610158762
1999,2,"NScodindicesQ1",1506.14123990738,1528.94661477515,0.0151415911492989
1999,2,"NScodindicesQ3&Q4",568.643362138177,621.819233430605,0.0935135707774362
1999,3,"NScodindicesQ1",3947.98413515112,3950.99047722591,0.000761487881377754
1999,3,"NScodindicesQ3&Q4",1411.66119395881,1527.51636777617,0.0820700989112424
1999,4,"NScodindicesQ1",411.178488504775,405.599457877734,-0.0135683913021044
1999,4,"NScodindicesQ3&Q4",162.655995611514,177.70152121785,0.0924990532920176
1999,5,"NScodindicesQ1",182.293203814173,184.868427024328,0.014126819630534
1999,5,"NScodindicesQ3&Q4",64.5131349908946,72.7598498754214,0.127830012999534
1999,6,"NScodindicesQ1",85.6195463053085,89.0158264517456,0.039667112160656
1999,6,"NScodindicesQ3&Q4",31.8874571021302,36.9935307123816,0.160127964857703
1999,7,"NScodindicesQ1",52.5756165048687,55.0458724982401,0.0469848221968572
1999,7,"NScodindicesQ3&Q4",21.6896212659839,25.0122334319926,0.15318903568038
2000,1,"NScodindicesQ1",3260.30129477577,3329.19529109029,0.0211311747245295
2000,1,"NScodindicesQ3&Q4",4678.04241007237,4829.42105866943,0.0323594006482542
2000,1,"NScodrecruitmentindex",3202.50387837707,3261.38046765005,0.0183845489370085
2000,2,"NScodindicesQ1",2976.32200716231,3103.67018397924,0.042787096460156
2000,2,"NScodindicesQ3&Q4",1160.86346753636,1262.70758027681,0.0877313444591292
2000,3,"NScodindicesQ1",551.043918073784,560.741248840105,0.0175981086956174
2000,3,"NScodindicesQ3&Q4",206.874359211096,228.625738547307,0.105142944824864
2000,4,"NScodindicesQ1",766.966379512237,800.751849213891,0.0440507831948773
2000,4,"NScodindicesQ3&Q4",318.467770782859,348.21471919656,0.0934064641473027
2000,5,"NScodindicesQ1",119.315249429599,122.258002146099,0.0246636765255772
2000,5,"NScodindicesQ3&Q4",44.7365159480499,47.87790975849,0.0702199030002248
2000,6,"NScodindicesQ1",67.5147183360609,72.1389693498807,0.0684924876795328
2000,6,"NScodindicesQ3&Q4",27.3870766955217,31.2209832422154,0.139989623183134
2000,7,"NScodindicesQ1",48.8812859749621,53.2722171915784,0.0898284717563571
2000,7,"NScodindicesQ3&Q4",22.1702076015046,25.6897669665366,0.158751754980998
2001,1,"NScodindicesQ1",1025.10009753958,1100.11850495089,0.0731815435305943
2001,1,"NScodindicesQ3&Q4",1506.15531324042,1609.89899389184,0.0688798025936799
2001,1,"NScodrecruitmentindex",1002.16398129295,1075.82341494134,0.07350038020061
2001,2,"NScodindicesQ1",5674.26029477833,5610.1403140777,-0.0113001479258257
2001,2,"NScodindicesQ3&Q4",2463.92467213829,2294.46332129047,-0.0687770014903758
2001,3,"NScodindicesQ1",920.27156018469,972.923207130012,0.0572131631827844
2001,3,"NScodindicesQ3&Q4",412.231975217673,419.903746238434,0.0186103249674179
2001,4,"NScodindicesQ1",166.23835748719,174.675907180793,0.0507557330398487
2001,4,"NScodindicesQ3&Q4",83.1272825705733,82.5685667410187,-0.00672120887724459
2001,5,"NScodindicesQ1",179.087788014876,188.556220302101,0.0528703402514463
2001,5,"NScodindicesQ3&Q4",79.9680024538254,78.2847793190194,-0.0210487080226607
2001,6,"NScodindicesQ1",36.6239954491717,38.8660693443028,0.0612187137867786
2001,6,"NScodindicesQ3&Q4",17.4446145880693,17.7098036899318,0.0152017747668625
2001,7,"NScodindicesQ1",38.4151874834735,40.9137042518269,0.0650398171147359
2001,7,"NScodindicesQ3&Q4",19.9337395725518,20.5606585696545,0.0314501448572098
2002,1,"NScodindicesQ1",2348.67575017684,2359.16143723675,0.00446451029228778
2002,1,"NScodindicesQ3&Q4",3393.05740903896,3436.80157878789,0.01289225747622
2002,1,"NScodrecruitmentindex",2303.89481057822,2309.14739440564,0.00227987137403129
2002,2,"NScodindicesQ1",2006.62040147524,2010.16637226266,0.00176713581941912
2002,2,"NScodindicesQ3&Q4",808.420150790201,828.096151375319,0.0243388299585121
2002,3,"NScodindicesQ1",1941.39207548771,1882.54410605134,-0.0303122538612324
2002,3,"NScodindicesQ3&Q4",787.295481166682,815.219116490977,0.0354677957542899
2002,4,"NScodindicesQ1",325.969029738561,321.725543500801,-0.0130180656768639
2002,4,"NScodindicesQ3&Q4",151.351537700385,155.568222836829,0.0278602067776217
2002,5,"NScodindicesQ1",65.9526513969698,65.524313201312,-0.00649463193040867
2002,5,"NScodindicesQ3&Q4",28.0222354994796,29.4232404995698,0.0499961896371974
2002,6,"NScodindicesQ1",68.9352157079851,67.7949846910517,-0.0165406172334832
2002,6,"NScodindicesQ3&Q4",31.5323387051193,31.6601967063039,0.00405482138132052
2002,7,"NScodindicesQ1",26.2790072299183,26.4156322316523,0.00519901686310442
2002,7,"NScodindicesQ3&Q4",13.2850100682538,13.4978300669584,0.0160195587064857
2003,1,"NScodindicesQ1",668.663896904879,664.910105281998,-0.00561386915049
2003,1,"NScodindicesQ3&Q4",982.457807235803,967.048823747587,-0.0156841172971792
2003,1,"NScodrecruitmentindex",653.702099738691,651.027290269682,-0.00409178656467224
2003,2,"NScodindicesQ1",2759.05630665005,2917.10784936743,0.0572846383513193
2003,2,"NScodindicesQ3&Q4",1243.60926320532,1234.04262996755,-0.00769263587913871
2003,3,"NScodindicesQ1",619.144035108094,634.878256616629,0.0254128613316729
2003,3,"NScodindicesQ3&Q4",301.64799061308,285.261465308346,-0.054323336520261
2003,4,"NScodindicesQ1",493.471151432927,510.111730085305,0.0337214822063203
2003,4,"NScodindicesQ3&Q4",276.523836221855,253.062787598682,-0.0848427713998224
2003,5,"NScodindicesQ1",104.372970782055,109.370078034772,0.0478774074865833
2003,5,"NScodindicesQ3&Q4",52.9854473640934,51.4029823771639,-0.0298660304980611
2003,6,"NScodindicesQ1",27.8821484221151,29.250508460435,0.0490765638861079
2003,6,"NScodindicesQ3&Q4",15.082821789109,14.628549918176,-0.0301184935607358
2003,7,"NScodindicesQ1",33.8848042322113,33.6662707720184,-0.00644930567387436
2003,7,"NScodindicesQ3&Q4",19.6698796025937,18.0659977636842,-0.0815399926849626
2004,1,"NScodindicesQ1",1980.41551281852,1959.00886587268,-0.0108091694936141
2004,1,"NScodindicesQ3&Q4",2862.46126032924,2831.77964021973,-0.0107186149677282
2004,1,"NScodrecruitmentindex",1942.46352040824,1920.45946493726,-0.0113279118190874
2004,2,"NScodindicesQ1",1434.45545864934,1385.39639010793,-0.0342004823123594
2004,2,"NScodindicesQ3&Q4",610.002615298357,584.780976763489,-0.0413467711487309
2004,3,"NScodindicesQ1",961.003021546362,950.822664133846,-0.0105934707636353
2004,3,"NScodindicesQ3&Q4",433.962450697032,428.879506053039,-0.0117128674055311
2004,4,"NScodindicesQ1",223.948332766324,215.059779520195,-0.0396901961105627
2004,4,"NScodindicesQ3&Q4",117.748464281322,108.800474138986,-0.0759924148221357
2004,5,"NScodindicesQ1",188.251611763951,183.348303081519,-0.0260465694635308
2004,5,"NScodindicesQ3&Q4",89.7833662798834,86.0795179066692,-0.0412531688962084
2004,6,"NScodindicesQ1",45.670314348217,46.5391409621608,0.0190238807493071
2004,6,"NScodindicesQ3&Q4",23.5130425645603,23.1433452730786,-0.0157230732886512
2004,7,"NScodindicesQ1",21.9282790594005,21.9234687321642,-0.00021936638179576
2004,7,"NScodindicesQ3&Q4",12.3757943083939,12.0266205740193,-0.0282142483685125
2005,1,"NScodindicesQ1",1207.00073252175,1239.07600445929,0.0265743599595996
2005,1,"NScodindicesQ3&Q4",1729.30303745554,1783.62583240695,0.0314131148646646
2005,1,"NScodrecruitmentindex",1185.9545103261,1215.71042091578,0.0250902630164955
2005,2,"NScodindicesQ1",2442.43551382209,2546.86624341203,0.0427568011515356
2005,2,"NScodindicesQ3&Q4",1020.44550292059,1065.18701543918,0.0438450778513337
2005,3,"NScodindicesQ1",547.495916012224,533.025927401201,-0.0264294000883467
2005,3,"NScodindicesQ3&Q4",243.096624715207,246.557158626663,0.0142352199069382
2005,4,"NScodindicesQ1",272.174420938854,272.454711538894,0.00102981977171912
2005,4,"NScodindicesQ3&Q4",140.737953918266,141.320409965766,0.00413858544396772
2005,5,"NScodindicesQ1",85.7531098073811,82.1404014191325,-0.0421291822111579
2005,5,"NScodindicesQ3&Q4",39.4316096714404,38.3245584694866,-0.0280752221676525
2005,6,"NScodindicesQ1",84.2469435149929,84.6345435990538,0.00460076137945586
2005,6,"NScodindicesQ3&Q4",41.7023579903068,41.442118451384,-0.0062404034559207
2005,7,"NScodindicesQ1",26.409825733379,26.8351568941271,0.0161050347337381
2005,7,"NScodindicesQ3&Q4",14.5301904205924,14.7940575721198,0.0181599238474868
2006,1,"NScodindicesQ1",2871.69333536649,3020.96925682437,0.0519818462575585
2006,1,"NScodindicesQ3&Q4",4070.20723452476,4325.78940833985,0.0627934056151151
2006,1,"NScodrecruitmentindex",2827.71463467981,2967.12502443532,0.0493014351751568
2006,2,"NScodindicesQ1",2490.58591170527,2288.99406570727,-0.0809415347009547
2006,2,"NScodindicesQ3&Q4",1018.39109657077,941.746909053474,-0.0752600722604287
2006,3,"NScodindicesQ1",860.722720500048,872.027632866192,0.0131342093067748
2006,3,"NScodindicesQ3&Q4",380.440126289552,417.022409776488,0.0961577945095431
2006,4,"NScodindicesQ1",179.69360809293,186.711381350014,0.0390541062175918
2006,4,"NScodindicesQ3&Q4",93.5610243167623,102.884615100903,0.0996525086405105
2006,5,"NScodindicesQ1",86.9698550832641,89.1364304937601,0.0249117974086739
2006,5,"NScodindicesQ3&Q4",39.4338080136872,41.8728488091062,0.0618515156987232
2006,6,"NScodindicesQ1",39.4365520335588,39.0515046382015,-0.0097637185682361
2006,6,"NScodindicesQ3&Q4",19.0403052897318,18.8864325991624,-0.00808141929595962
2006,7,"NScodindicesQ1",44.0403337567272,45.2587808380744,0.0276666177889944
2006,7,"NScodindicesQ3&Q4",23.7760830366412,24.886028223732,0.0466832650853475
2007,1,"NScodindicesQ1",1594.58747294171,1534.63576840082,-0.0375969995739931
2007,1,"NScodindicesQ3&Q4",2274.76953907281,2189.05149958832,-0.0376820763651668
2007,1,"NScodrecruitmentindex",1568.13608372337,1508.44172846944,-0.0380670758574705
2007,2,"NScodindicesQ1",4653.13798821052,4749.53378711372,0.0207162992259076
2007,2,"NScodindicesQ3&Q4",2046.67971570227,2058.76667481002,0.00590564269290228
2007,3,"NScodindicesQ1",769.829384107764,764.267932646132,-0.00722426498188022
2007,3,"NScodindicesQ3&Q4",376.485088231552,375.328487769551,-0.00307210165330418
2007,4,"NScodindicesQ1",298.610973526669,303.767378225777,0.0172679678787722
2007,4,"NScodindicesQ3&Q4",169.539453453323,170.780681609485,0.00732117587310466
2007,5,"NScodindicesQ1",86.4500423163782,88.5234108767473,0.0239834302542188
2007,5,"NScodindicesQ3&Q4",42.0816729492004,42.6596593285339,0.0137348717108108
2007,6,"NScodindicesQ1",43.824553039512,44.6948738965822,0.0198592066936891
2007,6,"NScodindicesQ3&Q4",22.3116057635707,21.7220943937472,-0.0264217365648337
2007,7,"NScodindicesQ1",33.8182855997935,34.8885489842656,0.0316474760766299
2007,7,"NScodindicesQ3&Q4",18.9580029392904,19.2930040583949,0.0176706966539326
2008,1,"NScodindicesQ1",1425.20453646382,1454.36723777295,0.0204621165334533
2008,1,"NScodindicesQ3&Q4",2032.96709124529,2077.39979924097,0.0218560881713363
2008,1,"NScodrecruitmentindex",1401.5860848998,1429.15139113242,0.0196672231050232
2008,2,"NScodindicesQ1",2063.64187840142,2071.71678159544,0.00391293822757088
2008,2,"NScodindicesQ3&Q4",929.149777813532,933.2037832107,0.00436313444179914
2008,3,"NScodindicesQ1",1714.14187994006,1688.12588171179,-0.0151772723907667
2008,3,"NScodindicesQ3&Q4",852.056588891846,843.053614653771,-0.0105661693782382
2008,4,"NScodindicesQ1",268.119153836237,273.403592299466,0.0197092911402252
2008,4,"NScodindicesQ3&Q4",152.230176395005,157.921883484751,0.0373888227980315
2008,5,"NScodindicesQ1",133.489487389472,132.097494097466,-0.0104277371891123
2008,5,"NScodindicesQ3&Q4",63.3231699926442,63.2847131525046,-0.000607310722821386
2008,6,"NScodindicesQ1",45.6195068460516,45.0758073603131,-0.011918135975763
2008,6,"NScodindicesQ3&Q4",22.3079748438825,21.5681509061322,-0.0331641013103071
2008,7,"NScodindicesQ1",30.0568213831725,30.2646254095941,0.00691370600278796
2008,7,"NScodindicesQ3&Q4",16.2587175100981,16.5122484076651,0.0155935360467092
2009,1,"NScodindicesQ1",1338.01298950051,1396.74742613757,0.0438967611659651
2009,1,"NScodindicesQ3&Q4",1905.32362855444,1998.1788098419,0.0487345980996965
2009,1,"NScodrecruitmentindex",1316.29083198211,1372.1068738942,0.0424040345461025
2009,2,"NScodindicesQ1",2197.8867242632,2236.38227941412,0.0175148039823696
2009,2,"NScodindicesQ3&Q4",1001.59712781477,1043.5975291557,0.0419334282962309
2009,3,"NScodindicesQ1",758.960561721952,759.030068961636,9.15821495734992e-05
2009,3,"NScodindicesQ3&Q4",378.306576267058,391.640072034376,0.0352452127554497
2009,4,"NScodindicesQ1",562.01167667553,559.837009830738,-0.00386943356347236
2009,4,"NScodindicesQ3&Q4",315.156503533896,327.468142030001,0.0390651576535896
2009,5,"NScodindicesQ1",113.38029144242,115.625463004591,0.0198021325717894
2009,5,"NScodindicesQ3&Q4",52.2934100703342,55.8375505317303,0.067774131704726
2009,6,"NScodindicesQ1",53.8469079433108,54.3394177497207,0.00914648259707795
2009,6,"NScodindicesQ3&Q4",25.4018796540068,25.6051692754308,0.0080029361682239
2009,7,"NScodindicesQ1",32.4148347942409,32.9645742905237,0.0169595032574561
2009,7,"NScodindicesQ3&Q4",17.0191225005259,17.8959801220063,0.0515219055185312
2010,1,"NScodindicesQ1",1852.64826908867,1954.82984026499,0.0551543284719567
2010,1,"NScodindicesQ3&Q4",2655.91859386457,2803.472357392,0.055556583649927
2010,1,"NScodrecruitmentindex",1820.12757672801,1919.39717100111,0.0545399100273773
2010,2,"NScodindicesQ1",2679.79960757102,2684.14814272997,0.00162270908117956
2010,2,"NScodindicesQ3&Q4",1286.76112801227,1302.6181287783,0.0123231891458488
2010,3,"NScodindicesQ1",905.009691572206,908.955766374219,0.00436025695499231
2010,3,"NScodindicesQ3&Q4",487.242849397241,492.100103031715,0.00996885565480032
2010,4,"NScodindicesQ1",291.950976985695,295.732245376182,0.0129517237089876
2010,4,"NScodindicesQ3&Q4",174.447006357045,179.476379905316,0.0288303803733785
2010,5,"NScodindicesQ1",238.908428970639,240.982093845745,0.0086797476507654
2010,5,"NScodindicesQ3&Q4",115.958982028819,119.098757335412,0.027076602878527
2010,6,"NScodindicesQ1",49.0508548698862,51.6112497233503,0.0521987814535727
2010,6,"NScodindicesQ3&Q4",24.026815932815,24.9741302570811,0.0394273767658186
2010,7,"NScodindicesQ1",24.4233216600632,25.525832182207,0.0451417107586389
2010,7,"NScodindicesQ3&Q4",13.0386316144671,13.7155657344928,0.0519175738713773
2011,1,"NScodindicesQ1",871.010807925011,852.326204347464,-0.0214516322961121
2011,1,"NScodindicesQ3&Q4",1258.27497256839,1223.63357580861,-0.0275308636943326
2011,1,"NScodrecruitmentindex",854.410058940631,836.700610946374,-0.0207271061581532
2011,2,"NScodindicesQ1",3476.27341116152,3586.25042159493,0.0316364673964655
2011,2,"NScodindicesQ3&Q4",1763.56298955952,1804.62080172503,0.0232811713608032
2011,3,"NScodindicesQ1",1218.44785071751,1210.75577870329,-0.00631300880845242
2011,3,"NScodindicesQ3&Q4",718.844232648404,691.735672712622,-0.0377113131114748
2011,4,"NScodindicesQ1",357.065370063235,359.054821661796,0.00557167332751729
2011,4,"NScodindicesQ3&Q4",232.16666592217,225.420264189654,-0.0290584425878696
2011,5,"NScodindicesQ1",145.417904753398,144.596117769923,-0.00565120907819883
2011,5,"NScodindicesQ3&Q4",76.7919841661381,73.5211457071613,-0.042593488037768
2011,6,"NScodindicesQ1",120.196038672137,119.211365058411,-0.0081922301650218
2011,6,"NScodindicesQ3&Q4",63.6535962167472,59.243837413557,-0.0692774495909785
2011,7,"NScodindicesQ1",27.8898400556814,28.0201421478921,0.00467202723108251
2011,7,"NScodindicesQ3&Q4",15.7613507137019,15.3059031589084,-0.0288964799442977
2012,1,"NScodindicesQ1",1815.28326734514,1694.4776586975,-0.0665491776522098
2012,1,"NScodindicesQ3&Q4",2623.2473879807,2436.07067512523,-0.0713530541240912
2012,1,"NScodrecruitmentindex",1780.56834061754,1662.94694632365,-0.0660583430642681
2012,2,"NScodindicesQ1",1756.27936639599,1714.13198733186,-0.0239981063779307
2012,2,"NScodindicesQ3&Q4",900.33195772949,878.426441197996,-0.0243304887085611
2012,3,"NScodindicesQ1",1722.3220484075,1752.79527187274,0.0176931041981501
2012,3,"NScodindicesQ3&Q4",1031.85829051855,1035.45778356762,0.00348835986698837
2012,4,"NScodindicesQ1",540.121425477212,537.38933208184,-0.00505829479539388
2012,4,"NScodindicesQ3&Q4",355.902190765929,345.13949488215,-0.0302406002632827
2012,5,"NScodindicesQ1",166.831498279253,166.739883641003,-0.00054914473103107
2012,5,"NScodindicesQ3&Q4",89.1383646270994,86.0348244381241,-0.0348171093553115
2012,6,"NScodindicesQ1",66.7790663962125,65.1802363261343,-0.0239420847933397
2012,6,"NScodindicesQ3&Q4",35.8121397515413,32.9083763946476,-0.0810832130400327
2012,7,"NScodindicesQ1",55.1829713851699,53.284309045216,-0.0344066709764776
2012,7,"NScodindicesQ3&Q4",31.4219213977886,29.4245661092999,-0.0635656637034729
2013,1,"NScodindicesQ1",1631.05402532768,1594.27618105372,-0.0225485138461706
2013,1,"NScodindicesQ3&Q4",2369.00672613275,2303.3239464185,-0.027725873037716
2013,1,"NScodrecruitmentindex",1598.23989952814,1563.07068766952,-0.0220049642541211
2013,2,"NScodindicesQ1",2584.47880240849,2556.79609871694,-0.0107111359032079
2013,2,"NScodindicesQ3&Q4",1353.8266270159,1332.07249918513,-0.0160686216363718
2013,3,"NScodindicesQ1",887.743675981872,871.943775595027,-0.0177978180124684
2013,3,"NScodindicesQ3&Q4",546.266619565156,522.58313307485,-0.0433551779333674
2013,4,"NScodindicesQ1",799.395973165948,797.941871600174,-0.00181900036350613
2013,4,"NScodindicesQ3&Q4",539.784524448496,518.184892906359,-0.0400152849217115
2013,5,"NScodindicesQ1",266.253317860119,261.913982349856,-0.0162977706536693
2013,5,"NScodindicesQ3&Q4",146.245903619829,136.377610003441,-0.0674774019109693
2013,6,"NScodindicesQ1",77.2441599545884,76.541739448923,-0.0090935095427076
2013,6,"NScodindicesQ3&Q4",42.8129303335489,39.7611050079787,-0.0712827947490141
2013,7,"NScodindicesQ1",50.2120481166255,46.9938431612732,-0.0640922861357396
2013,7,"NScodindicesQ3&Q4",29.2848028583162,26.2231727779944,-0.104546719851058
2014,1,"NScodindicesQ1",2056.02625037848,2013.58871504746,-0.0206405610449796
2014,1,"NScodindicesQ3&Q4",2999.48862184323,2925.12431587609,-0.0247923280740567
2014,1,"NScodrecruitmentindex",2012.88124835152,1972.01135298854,-0.020304176113943
2014,2,"NScodindicesQ1",3060.52258140753,3022.90848018022,-0.0122900910634715
2014,2,"NScodindicesQ3&Q4",1621.53952756467,1594.06618330551,-0.0169427533477545
2014,3,"NScodindicesQ1",1241.2819902775,1206.78201503433,-0.0277938256684547
2014,3,"NScodindicesQ3&Q4",770.754004820959,727.677757188265,-0.0558884512610484
2014,4,"NScodindicesQ1",440.948760209804,427.916705445806,-0.0295545785360587
2014,4,"NScodindicesQ3&Q4",300.186314985735,279.575292631804,-0.068660766080928
2014,5,"NScodindicesQ1",382.486640012482,375.734311082493,-0.0176537641413275
2014,5,"NScodindicesQ3&Q4",212.297718943238,196.950380192864,-0.0722915857352068
2014,6,"NScodindicesQ1",117.780052131685,114.631437947666,-0.0267330004277736
2014,6,"NScodindicesQ3&Q4",66.327791872602,60.3477331616904,-0.0901591707198348
2014,7,"NScodindicesQ1",47.0537712163819,45.0391661212211,-0.0428149549564564
2014,7,"NScodindicesQ3&Q4",27.787981219162,25.4134629882221,-0.085451268021677
2015,1,"NScodindicesQ1",1098.1935817481,1089.04857173357,-0.00832732058037577
2015,1,"NScodindicesQ3&Q4",1612.84473447902,1591.86903267054,-0.0130054067574354
2015,1,"NScodrecruitmentindex",1073.71589137872,1065.24274992446,-0.00789141850492558
2015,2,"NScodindicesQ1",4294.84841294044,4113.92026346136,-0.0421267835516479
2015,2,"NScodindicesQ3&Q4",2310.71622661172,2186.89889001666,-0.053583964646585
2015,3,"NScodindicesQ1",1752.07687960647,1731.91562119068,-0.0115070626468863
2015,3,"NScodindicesQ3&Q4",1106.2409649798,1056.91012523366,-0.0445932136919556
2015,4,"NScodindicesQ1",588.081922464878,574.280835081033,-0.0234679673981466
2015,4,"NScodindicesQ3&Q4",404.747224813739,376.420938056354,-0.0699851290405283
2015,5,"NScodindicesQ1",229.84467909238,223.696826596766,-0.0267478565085368
2015,5,"NScodindicesQ3&Q4",128.232856416448,116.761492097079,-0.0894572938632389
2015,6,"NScodindicesQ1",197.953834508186,188.397665222372,-0.0482747369332649
2015,6,"NScodindicesQ3&Q4",111.801058865774,99.4253218801239,-0.110694273481865
2015,7,"NScodindicesQ1",66.3364506075326,60.849059756833,-0.0827205978077541
2015,7,"NScodindicesQ3&Q4",39.0359912635624,33.9592887715381,-0.13005184005057
2016,1,"NScodindicesQ1",810.667251395782,758.384243505816,-0.0644937954505344
2016,1,"NScodindicesQ3&Q4",1198.17426674386,1114.93556805041,-0.069471278931454
2016,1,"NScodrecruitmentindex",791.590127075121,740.952831044945,-0.0639690848814367
2016,2,"NScodindicesQ1",2102.55903262714,2052.05681453057,-0.0240194055495618
2016,2,"NScodindicesQ3&Q4",1141.50793375782,1097.7289025091,-0.0383519290177801
2016,3,"NScodindicesQ1",2171.60276720806,2098.687683179,-0.0335766214383698
2016,3,"NScodindicesQ3&Q4",1380.12402786741,1267.92230174181,-0.0812982919361014
2016,4,"NScodindicesQ1",981.955358308014,959.894764201531,-0.0224659847515829
2016,4,"NScodindicesQ3&Q4",679.294174693219,625.444435042251,-0.0792730773457433
2016,5,"NScodindicesQ1",290.262089685825,281.069865985273,-0.0316687022769733
2016,5,"NScodindicesQ3&Q4",162.589606613684,143.699698565914,-0.116181522553609
2016,6,"NScodindicesQ1",113.989410279366,111.511227055875,-0.0217404688507306
2016,6,"NScodindicesQ3&Q4",64.8375129588699,58.911139605741,-0.0914034651034236
2016,7,"NScodindicesQ1",106.180362730251,100.145370301128,-0.0568371803782172
2016,7,"NScodindicesQ3&Q4",62.5635738310672,55.0727776254197,-0.119730951206112
2017,1,"NScodindicesQ1",2273.83759076229,2284.31170681681,0.00460636067284437
2017,1,"NScodindicesQ3&Q4",3374.88120388185,3385.53552441841,0.00315694683543355
2017,1,"NScodrecruitmentindex",2218.46634048622,2228.20075834099,0.00438790423686819
2017,2,"NScodindicesQ1",1386.95361751365,1328.05467755958,-0.0424664092658419
2017,2,"NScodindicesQ3&Q4",744.754192721635,711.353204810432,-0.0448483382002094
2017,3,"NScodindicesQ1",1158.09638293986,1123.026470047,-0.0302823784008653
2017,3,"NScodindicesQ3&Q4",707.127490072372,664.435196992943,-0.0603742517138733
2017,4,"NScodindicesQ1",972.26204060477,931.92313755089,-0.0414897438850835
2017,4,"NScodindicesQ3&Q4",640.171840159879,586.578782864038,-0.083716674076849
2017,5,"NScodindicesQ1",515.759761336051,507.361089620258,-0.016284077094416
2017,5,"NScodindicesQ3&Q4",271.188738497966,249.869995019318,-0.0786122004797332
2017,6,"NScodindicesQ1",132.534787133894,129.588881305627,-0.0222274158503818
2017,6,"NScodindicesQ3&Q4",70.6767803641073,65.9735751114843,-0.0665452674611575
2017,7,"NScodindicesQ1",87.7255039851344,86.3482811945866,-0.0156992291635186
2017,7,"NScodindicesQ3&Q4",48.5878255719554,45.6860082855385,-0.0597231354204035
2018,1,"NScodindicesQ1",457.940314884238,490.352602493982,0.0707784105401126
2018,1,"NScodindicesQ3&Q4",678.009618652533,732.297671666065,0.0800697387176064
2018,1,"NScodrecruitmentindex",447.009439951401,477.579861272616,0.0683887600327617
2018,2,"NScodindicesQ1",3308.02107556622,3395.01034560395,0.0262964679035023
2018,2,"NScodindicesQ3&Q4",1697.90388693474,1828.0096184962,0.0766272652784461
2018,3,"NScodindicesQ1",653.817696460943,632.516458975172,-0.032579781185295
2018,3,"NScodindicesQ3&Q4",356.137291702521,365.177761485409,0.0253847883766121
2018,4,"NScodindicesQ1",488.141526179825,477.694421789547,-0.0214017940084646
2018,4,"NScodindicesQ3&Q4",281.878809581131,295.770271014452,0.0492816804993743
2018,5,"NScodindicesQ1",356.154338371229,351.180306888103,-0.0139659438261327
2018,5,"NScodindicesQ3&Q4",156.96409280025,164.230675537378,0.0462945544263773
2018,6,"NScodindicesQ1",197.54393112044,199.780341338012,0.0113210778224768
2018,6,"NScodindicesQ3&Q4",87.3404492312514,97.1186303835271,0.111954784276253
2018,7,"NScodindicesQ1",82.2455020590489,79.9617202186715,-0.0277678630831101
2018,7,"NScodindicesQ3&Q4",37.9325312080058,39.14372798076,0.0319302913405
2019,1,"NScodindicesQ1",932.968682544213,1002.05245511057,0.0740472578114442
2019,1,"NScodindicesQ3&Q4",1396.38548811899,1510.99510420595,0.082075914611049
2019,1,"NScodrecruitmentindex",908.725311860883,974.068032031104,0.0719059096487722
2019,2,"NScodindicesQ1",790.083274374596,840.826018429751,0.0642245516402324
2019,2,"NScodindicesQ3&Q4",412.722065825643,461.426825641128,0.118008616084174
2019,3,"NScodindicesQ1",1147.0233949825,1209.82186345022,0.0547490737699177
2019,3,"NScodindicesQ3&Q4",634.508128643318,711.41450927355,0.121206296906976
2019,4,"NScodindicesQ1",214.961709104351,225.224336986458,0.0477416555946995
2019,4,"NScodindicesQ3&Q4",123.584914110348,140.917032237457,0.140244610370757
2019,5,"NScodindicesQ1",167.903037651312,171.707831954329,0.0226606638941145
2019,5,"NScodindicesQ3&Q4",71.5144595545221,79.5529216396657,0.112403311654969
2019,6,"NScodindicesQ1",101.721158101087,110.886203989878,0.0900997005921089
2019,6,"NScodindicesQ3&Q4",42.4596232340112,52.515973393457,0.236845016358751
2019,7,"NScodindicesQ1",74.6455617346355,77.8090234995335,0.0423797703625581
2019,7,"NScodindicesQ3&Q4",32.1966306531333,36.9224492746274,0.146779912233896
2020,1,"NScodindicesQ1",2076.90169588787,1957.645441663,-0.0574202690772466
2020,1,"NScodindicesQ3&Q4",3142.55098708679,2955.34840902371,-0.0595702595860239
2020,1,"NScodrecruitmentindex",2018.533094318,1902.53415277956,-0.0574669505617573
2020,2,"NScodindicesQ1",1892.33196850492,1903.69560050436,0.00600509434315621
2020,2,"NScodindicesQ3&Q4",1045.46019436486,1065.63704585391,0.0192994927954286
2020,3,"NScodindicesQ1",411.657228596153,426.035913200989,0.0349287795913866
2020,3,"NScodindicesQ3&Q4",256.531502851168,264.539996054155,0.0312183615422585
2020,4,"NScodindicesQ1",381.556568631995,411.998342007446,0.0797831196684542
2020,4,"NScodindicesQ3&Q4",247.421263307152,265.32566267385,0.0723640285696507
2020,5,"NScodindicesQ1",92.5074590397177,98.0046459739724,0.0594242560688487
2020,5,"NScodindicesQ3&Q4",45.342571422821,47.5181925026241,0.0479818636555784
2020,6,"NScodindicesQ1",58.0356398228603,60.25402140735,0.0382244701921217
2020,6,"NScodindicesQ3&Q4",27.6715783370222,28.9694073753801,0.0469011569398441
2020,7,"NScodindicesQ1",51.3768775262761,57.1728945090471,0.112813725976372
2020,7,"NScodindicesQ3&Q4",24.9182152607754,27.9325964844929,0.120970992190704
2021,1,"NScodindicesQ1",1059.23779150869,919.823814847902,-0.131617260806206
2021,1,"NScodindicesQ3&Q4",1625.61977117021,1393.01708008362,-0.143085545102068
2021,1,"NScodrecruitmentindex",1026.55347532868,893.362349601315,-0.129745920625052
2021,2,"NScodindicesQ1",3127.33578875861,3109.13173635176,-0.00582094589019899
2021,2,"NScodindicesQ3&Q4",1842.71986811291,1782.07130659877,-0.0329125237989869
2021,3,"NScodindicesQ1",991.071883181617,973.552324940204,-0.0176773839907254
2021,3,"NScodindicesQ3&Q4",703.170241698258,631.314165857636,-0.10218873265609
2021,4,"NScodindicesQ1",240.028333448231,226.708681540037,-0.0554919984522005
2021,4,"NScodindicesQ3&Q4",177.914984982604,150.206508418734,-0.155739982028943
2021,5,"NScodindicesQ1",180.418404184888,178.060325250565,-0.013070057597371
2021,5,"NScodindicesQ3&Q4",104.094613422666,89.4384530751525,-0.140796529864649
2021,6,"NScodindicesQ1",43.8970222061162,44.4026869814535,0.0115193411745096
2021,6,"NScodindicesQ3&Q4",24.6452762161421,22.170470426816,-0.100417044127312
2021,7,"NScodindicesQ1",48.8402448177646,46.6116309054535,-0.0456306867548815
2021,7,"NScodindicesQ3&Q4",27.3484478021885,23.1155177047701,-0.154777709069091
2022,1,"NScodindicesQ1",1219.66204481578,1206.47627846726,-0.0108109999852564
2022,1,"NScodrecruitmentindex",1182.0264610697,1171.76873211201,-0.00867808741641951
2022,2,"NScodindicesQ1",2054.31255683352,1824.80365868554,-0.11172053511747
2022,3,"NScodindicesQ1",1972.41398716906,1863.59252274616,-0.0551717160448095
2022,4,"NScodindicesQ1",640.611591204155,563.910539461581,-0.119730977078326
2022,5,"NScodindicesQ1",152.481931791782,127.927046713366,-0.161034719260681
2022,6,"NScodindicesQ1",105.072153989248,89.7312082180616,-0.146003914345911
2022,7,"NScodindicesQ1",45.3560969292348,38.0219988399736,-0.161700379569784
