"year","age","obs","catch_weight","M_assumption","propF","propM"
1983,1,0.05933611,0.406212,1.223411,0,0
1983,2,0.5430443,0.8939156,0.7046426,0,0
1983,3,1.651359,1.891453,0.2374882,0,0
1983,4,4.181254,3.935006,0.2010096,0,0
1983,5,6.717734,6.464411,0.2,0,0
1983,6,9.777181,8.387026,0.2,0,0
1983,7,12.48248,10.66722,0.2,0,0
1984,1,0.06364066,0.3065102,1.216267,0,0
1984,2,0.5247227,0.9349653,0.7093662,0,0
1984,3,1.633823,2.233091,0.2396378,0,0
1984,4,4.028124,4.106058,0.2012587,0,0
1984,5,6.741786,6.24747,0.2,0,0
1984,6,9.866865,8.399619,0.2,0,0
1984,7,12.51679,11.06343,0.2,0,0
1985,1,0.06414209,0.3104388,1.207096,0,0
1985,2,0.5050716,0.8118751,0.7146484,0,0
1985,3,1.686889,2.1611,0.2417945,0,0
1985,4,4.020429,4.253569,0.2014981,0,0
1985,5,6.724234,6.374844,0.2,0,0
1985,6,9.913122,8.419901,0.2,0,0
1985,7,12.45823,11.31917,0.2,0,0
1986,1,0.06407929,0.2934588,1.196652,0,0
1986,2,0.4911252,0.7979403,0.7207763,0,0
1986,3,1.624199,1.876465,0.2439983,0,0
1986,4,3.788462,3.580241,0.2016952,0,0
1986,5,6.423073,6.236376,0.2,0,0
1986,6,9.672028,8.14894,0.2,0,0
1986,7,12.18233,10.8295,0.2,0,0
1987,1,0.06655784,0.3930429,1.186099,0,0
1987,2,0.4619748,0.7863735,0.7279771,0,0
1987,3,1.573537,2.031082,0.2462597,0,0
1987,4,3.844227,3.737129,0.2018192,0,0
1987,5,6.327675,6.060946,0.2,0,0
1987,6,9.878806,8.29113,0.2,0,0
1987,7,12.0657,11.7003,0.2,0,0
1988,1,0.0644113,0.4739906,1.176098,0,0
1988,2,0.4305208,0.7907706,0.7362614,0,0
1988,3,1.555063,2.018236,0.2485683,0,0
1988,4,3.691188,3.347493,0.2018842,0,0
1988,5,6.318183,6.068418,0.2,0,0
1988,6,9.646403,7.930204,0.2,0,0
1988,7,11.90617,11.30268,0.2,0,0
1989,1,0.06234521,0.3663447,1.166808,0,0
1989,2,0.4397205,0.9405888,0.7452018,0,0
1989,3,1.472641,1.915916,0.2509004,0,0
1989,4,3.690923,3.662749,0.2019221,0,0
1989,5,6.079343,5.451789,0.2,0,0
1989,6,9.647851,7.895824,0.2,0,0
1989,7,11.77771,10.76563,0.2,0,0
1990,1,0.06354136,0.3635366,1.158394,0,0
1990,2,0.4315024,0.7120983,0.7542705,0,0
1990,3,1.466264,2.187833,0.2532618,0,0
1990,4,3.630866,3.883506,0.2020262,0,0
1990,5,6.197398,6.00176,0.2,0,0
1990,6,9.587207,7.970365,0.2,0,0
1990,7,11.77226,11.09208,0.2,0,0
1991,1,0.0625426,0.3930345,1.150835,0,0
1991,2,0.4600166,0.8994715,0.7629196,0,0
1991,3,1.511479,2.054576,0.2557688,0,0
1991,4,3.74152,3.991362,0.2022919,0,0
1991,5,6.416196,6.145757,0.2,0,0
1991,6,9.858347,8.039416,0.2,0,0
1991,7,12.10157,10.44177,0.2,0,0
1992,1,0.05778269,0.3886193,1.144316,0,0
1992,2,0.4696024,0.9841094,0.7709589,0,0
1992,3,1.644095,2.5498,0.2587236,0,0
1992,4,3.804909,4.228752,0.2027959,0,0
1992,5,6.479712,6.243461,0.2,0,0
1992,6,9.709606,8.41428,0.2,0,0
1992,7,11.8264,10.56594,0.2,0,0
1993,1,0.05526851,0.3291746,1.138961,0,0
1993,2,0.460259,0.8655316,0.7787023,0,0
1993,3,1.689713,2.516953,0.262577,0,0
1993,4,4.000699,4.554831,0.2035942,0,0
1993,5,6.466433,6.508684,0.2,0,0
1993,6,9.790543,8.078493,0.2,0,0
1993,7,12.26927,10.19444,0.2,0,0
1994,1,0.04977766,0.3054152,1.134576,0,0
1994,2,0.4399313,0.8020926,0.7867056,0,0
1994,3,1.741516,2.236623,0.2677387,0,0
1994,4,4.247884,4.491121,0.2047169,0,0
1994,5,6.92908,7.119135,0.2,0,0
1994,6,9.851978,8.434815,0.2,0,0
1994,7,12.22397,10.21616,0.2,0,0
1995,1,0.04751211,0.420071,1.130874,0,0
1995,2,0.4236107,0.7773338,0.7956723,0,0
1995,3,1.623865,2.239778,0.274505,0,0
1995,4,4.199569,4.364399,0.2061616,0,0
1995,5,6.838657,7.183478,0.2,0,0
1995,6,9.720106,8.957592,0.2,0,0
1995,7,12.4756,10.85861,0.2,0,0
1996,1,0.04416268,0.4350444,1.127564,0,0
1996,2,0.3991892,0.8453666,0.8061513,0,0
1996,3,1.57414,2.126087,0.2830224,0,0
1996,4,4.200099,4.108861,0.2078828,0,0
1996,5,6.692133,6.662498,0.2,0,0
1996,6,9.575593,8.464479,0.2,0,0
1996,7,12.75068,10.56586,0.2,0,0
1997,1,0.03921581,0.3877482,1.124457,0,0
1997,2,0.369065,0.8067389,0.8183982,0,0
1997,3,1.488269,2.140124,0.2931902,0,0
1997,4,4.032911,3.862307,0.2097793,0,0
1997,5,6.595062,6.264919,0.2,0,0
1997,6,9.29557,8.346745,0.2,0,0
1997,7,12.83352,10.68849,0.2,0,0
1998,1,0.04454315,0.3697621,1.121945,0,0
1998,2,0.3433948,0.6405948,0.8326334,0,0
1998,3,1.377505,1.632115,0.3047522,0,0
1998,4,3.898844,3.523971,0.2116788,0,0
1998,5,6.500055,5.403713,0.2,0,0
1998,6,8.911348,7.57695,0.2,0,0
1998,7,12.60191,10.10437,0.2,0,0
1999,1,0.05177352,0.319176,1.12051,0,0
1999,2,0.352853,0.7487628,0.8487094,0,0
1999,3,1.244791,1.425168,0.3172776,0,0
1999,4,3.516897,3.326905,0.2133509,0,0
1999,5,6.159366,5.750747,0.2,0,0
1999,6,8.630932,7.434972,0.2,0,0
1999,7,12.41969,9.317575,0.2,0,0
2000,1,0.05534374,0.3548788,1.121257,0,0
2000,2,0.376483,0.9091194,0.866398,0,0
2000,3,1.322058,1.769923,0.3302974,0,0
2000,4,3.397366,3.247112,0.2146222,0,0
2000,5,5.885918,4.929728,0.2,0,0
2000,6,8.310008,7.501621,0.2,0,0
2000,7,12.07711,9.918437,0.2,0,0
2001,1,0.06990941,0.3726474,1.125375,0,0
2001,2,0.3660647,0.614261,0.8856204,0,0
2001,3,1.334721,2.10604,0.3431747,0,0
2001,4,3.341169,3.71114,0.2154326,0,0
2001,5,5.871975,5.870485,0.2,0,0
2001,6,7.933029,7.340864,0.2,0,0
2001,7,11.41942,9.836762,0.2,0,0
2002,1,0.07601764,0.300735,1.133172,0,0
2002,2,0.3722882,0.5849626,0.9059422,0,0
2002,3,1.261784,1.598433,0.3550196,0,0
2002,4,3.345434,3.741882,0.2157709,0,0
2002,5,5.888749,5.557791,0.2,0,0
2002,6,8.281226,7.977867,0.2,0,0
2002,7,11.48574,10.10132,0.2,0,0
2003,1,0.07603292,0.2886297,1.144085,0,0
2003,2,0.4134501,0.7890272,0.9262802,0,0
2003,3,1.207553,1.656141,0.3647384,0,0
2003,4,3.206956,3.317321,0.215522,0,0
2003,5,5.825355,5.760181,0.2,0,0
2003,6,8.269911,6.731252,0.2,0,0
2003,7,11.62229,9.750986,0.2,0,0
2004,1,0.07279943,0.2695921,1.156954,0,0
2004,2,0.3791324,0.5003351,0.9451623,0,0
2004,3,1.35018,1.717731,0.3713123,0,0
2004,4,3.347112,3.084244,0.2145081,0,0
2004,5,5.693823,5.198638,0.2,0,0
2004,6,8.05584,7.461717,0.2,0,0
2004,7,12.50949,9.714244,0.2,0,0
2005,1,0.07237861,0.3422035,1.170358,0,0
2005,2,0.3803094,0.8613563,0.9611052,0,0
2005,3,1.301782,1.537397,0.3740653,0,0
2005,4,3.33951,3.542148,0.212801,0,0
2005,5,5.726684,5.119485,0.2,0,0
2005,6,8.207297,7.190897,0.2,0,0
2005,7,12.20527,10.12319,0.2,0,0
2006,1,0.06190086,0.2511919,1.182927,0,0
2006,2,0.4125216,0.2395531,0.9730513,0,0
2006,3,1.325831,1.813112,0.3729028,0,0
2006,4,3.294306,3.827049,0.2107269,0,0
2006,5,5.52662,5.680721,0.2,0,0
2006,6,8.217749,7.225883,0.2,0,0
2006,7,12.23272,9.589152,0.2,0,0
2007,1,0.06147171,0.3112579,1.193809,0,0
2007,2,0.4341156,0.8966453,0.9807427,0,0
2007,3,1.377583,2.016666,0.3684775,0,0
2007,4,3.320184,4.03724,0.2085737,0,0
2007,5,5.444867,6.113095,0.2,0,0
2007,6,7.674325,8.565347,0.2,0,0
2007,7,12.05107,10.06115,0.2,0,0
2008,1,0.06325237,0.4228588,1.202454,0,0
2008,2,0.4689564,0.9055203,0.9844579,0,0
2008,3,1.507887,1.97838,0.3617731,0,0
2008,4,3.490508,3.903968,0.2065331,0,0
2008,5,5.50738,6.206642,0.2,0,0
2008,6,7.615101,7.49326,0.2,0,0
2008,7,12.05839,10.32523,0.2,0,0
2009,1,0.06296672,0.3982546,1.208606,0,0
2009,2,0.547156,1.135814,0.9846797,0,0
2009,3,1.606447,2.354711,0.3538591,0,0
2009,4,3.570715,4.023795,0.2047195,0,0
2009,5,5.528591,6.151427,0.2,0,0
2009,6,7.610735,7.549278,0.2,0,0
2009,7,11.22333,10.80274,0.2,0,0
2010,1,0.06404683,0.3330648,1.212535,0,0
2010,2,0.5716479,0.9842535,0.9821994,0,0
2010,3,1.781413,2.424162,0.3458497,0,0
2010,4,3.81058,4.169171,0.203188,0,0
2010,5,5.616307,6.017085,0.2,0,0
2010,6,7.50084,8.302407,0.2,0,0
2010,7,11.74573,10.19396,0.2,0,0
2011,1,0.06449123,0.3971074,1.214604,0,0
2011,2,0.5647798,0.9239789,0.977859,0,0
2011,3,1.841249,2.396034,0.3385124,0,0
2011,4,4.066201,4.468695,0.2019512,0,0
2011,5,5.901779,6.465879,0.2,0,0
2011,6,7.67038,7.780042,0.2,0,0
2011,7,11.86534,9.827029,0.2,0,0
2012,1,0.06588554,0.2634487,1.214613,0,0
2012,2,0.6035279,0.8076226,0.9721457,0,0
2012,3,1.887375,2.248101,0.3321147,0,0
2012,4,3.99465,4.133518,0.2009923,0,0
2012,5,6.069213,6.392181,0.2,0,0
2012,6,7.981236,8.112352,0.2,0,0
2012,7,11.80655,9.565385,0.2,0,0
2013,1,0.06452517,0.324775,1.212344,0,0
2013,2,0.5705902,0.9408925,0.9654604,0,0
2013,3,1.888621,2.242849,0.3266692,0,0
2013,4,3.925426,4.007363,0.2002767,0,0
2013,5,5.854985,5.976597,0.2,0,0
2013,6,7.775782,8.350368,0.2,0,0
2013,7,11.29971,9.546917,0.2,0,0
2014,1,0.06438167,0.3772496,1.207786,0,0
2014,2,0.5475263,0.9503064,0.9582087,0,0
2014,3,1.814782,2.250522,0.3220705,0,0
2014,4,3.878994,4.003514,0.1997604,0,0
2014,5,5.860683,5.530879,0.2,0,0
2014,6,7.887391,7.361123,0.2,0,0
2014,7,10.97442,9.523302,0.2,0,0
2015,1,0.0652283,0.3680858,1.200985,0,0
2015,2,0.5478372,0.9532701,0.9507028,0,0
2015,3,1.710558,2.121704,0.3179846,0,0
2015,4,3.75792,4.008788,0.1993967,0,0
2015,5,5.849415,5.76309,0.2,0,0
2015,6,7.766355,6.724419,0.2,0,0
2015,7,10.07948,8.960177,0.2,0,0
2016,1,0.06716297,0.3362493,1.191881,0,0
2016,2,0.5727329,1.05229,0.9430815,0,0
2016,3,1.682759,2.141631,0.3139106,0,0
2016,4,3.513368,3.803506,0.1991408,0,0
2016,5,5.62921,5.687428,0.2,0,0
2016,6,7.591037,7.309914,0.2,0,0
2016,7,9.731488,8.283861,0.2,0,0
2017,1,0.06556895,0.2493232,1.180589,0,0
2017,2,0.5638944,0.9353079,0.9353087,0,0
2017,3,1.725281,2.227177,0.3096042,0,0
2017,4,3.564586,3.785296,0.1989532,0,0
2017,5,5.383874,5.283294,0.2,0,0
2017,6,7.18388,6.809028,0.2,0,0
2017,7,9.46437,9.339054,0.2,0,0
2018,1,0.06327408,0.2979189,1.167844,0,0
2018,2,0.5540596,0.7979721,0.9275093,0,0
2018,3,1.661537,1.875156,0.305229,0,0
2018,4,3.502952,3.758444,0.198802,0,0
2018,5,5.442925,5.609418,0.2,0,0
2018,6,7.066515,6.774154,0.2,0,0
2018,7,9.124294,8.28441,0.2,0,0
2019,1,0.06462535,0.3973034,1.154272,0,0
2019,2,0.5329834,0.8491573,0.9195467,0,0
2019,3,1.563379,2.048387,0.3007566,0,0
2019,4,3.381531,3.720416,0.1986645,0,0
2019,5,5.449338,5.487241,0.2,0,0
2019,6,7.067655,7.173205,0.2,0,0
2019,7,9.12962,8.172035,0.2,0,0
2020,1,0.06328117,0.2540107,1.154272,0,0
2020,2,0.5191839,0.8224725,0.9195467,0,0
2020,3,1.561582,1.780349,0.3007566,0,0
2020,4,3.370753,3.841936,0.1986645,0,0
2020,5,5.439748,5.472767,0.2,0,0
2020,6,7.085893,6.670697,0.2,0,0
2020,7,9.587358,9.075675,0.2,0,0
2021,1,0.06505469,0.3308468,1.154272,0,0
2021,2,0.487945,1.064113,0.9195467,0,0
2021,3,1.54589,2.45503,0.3007566,0,0
2021,4,3.359396,3.888664,0.1986645,0,0
2021,5,5.554641,5.347875,0.2,0,0
2021,6,6.978459,7.064108,0.2,0,0
2021,7,9.49863,8.859686,0.2,0,0
2022,1,0.06880412,NA,1.154272,0,0
2022,2,0.4590485,NA,0.9195467,0,0
2022,3,1.488238,NA,0.3007566,0,0
2022,4,3.307404,NA,0.1986645,0,0
2022,5,5.567009,NA,0.2,0,0
2022,6,7.204945,NA,0.2,0,0
2022,7,9.81375,NA,0.2,0,0
