"year","age","est_SAM","lwr_SAM","upr_SAM","se_SAM","se_scale_SAM","est_tinyAM","lwr_tinyAM","upr_tinyAM","se_tinyAM","se_scale_tinyAM","relative_difference"
1983,1,606068.861262048,459056.267356419,800162.182093209,0.141747922344557,"log",648524.406324398,NA,NA,NA,NA,0.0700506951865867
1983,2,317300.099138337,249063.160265743,404232.214855769,0.123543847212179,"log",333494.043467943,NA,NA,NA,NA,0.0510366822247521
1983,3,34619.6648631117,27185.1919913621,44087.2808849388,0.123343825801332,"log",35012.6755642243,NA,NA,NA,NA,0.0113522387540905
1983,4,22488.2021739623,17640.9093538437,28667.4131629623,0.123864635198226,"log",19867.6108358134,NA,NA,NA,NA,-0.116531829351086
1983,5,5882.43512766026,4610.16997950144,7505.80633360365,0.124342124253724,"log",5512.15141239172,NA,NA,NA,NA,-0.0629473521139897
1983,6,2699.92168781479,2076.85613078147,3509.90952733436,0.133863425782452,"log",2851.59704253706,NA,NA,NA,NA,0.0561776867109889
1983,7,1476.18154957857,1089.23178157597,2000.59528575573,0.155097778257661,"log",1265.92449071013,NA,NA,NA,NA,-0.142433062470173
1984,1,2229849.65170581,1696413.98537255,2931023.6251799,0.1395013183221,"log",2037921.59393491,NA,NA,NA,NA,-0.0860721966721293
1984,2,161048.251757587,127035.161548783,204168.193104672,0.121043096497804,"log",161510.393505146,NA,NA,NA,NA,0.00286958562117512
1984,3,55063.961549482,43373.5136200766,69905.331813362,0.121760644142258,"log",55960.2413241201,NA,NA,NA,NA,0.016277066695114
1984,4,8615.28736737628,6784.21872465378,10940.5635983915,0.121909937487334,"log",8693.34461918416,NA,NA,NA,NA,0.00906031899800053
1984,5,6930.19475885384,5441.50343396698,8826.16357381069,0.12338620975766,"log",6415.10961626697,NA,NA,NA,NA,-0.0743247715987793
1984,6,2014.41418959822,1548.97950488569,2619.70188401822,0.134049452071927,"log",1895.77737760164,NA,NA,NA,NA,-0.058893951705257
1984,7,1271.03362262222,942.737909118283,1713.65387369127,0.152450461302379,"log",1161.04127943567,NA,NA,NA,NA,-0.0865377132664881
1985,1,328580.941311361,248493.345085307,434480.1868074,0.142536873956033,"log",311108.642607232,NA,NA,NA,NA,-0.0531750217599257
1985,2,380009.455401038,299680.08754086,481871.142588026,0.121165800039287,"log",373250.645186539,NA,NA,NA,NA,-0.0177859001096869
1985,3,34217.8015532186,26977.1584830327,43401.8261734964,0.121306053542974,"log",34726.8679073584,NA,NA,NA,NA,0.0148772373160218
1985,4,16027.832501392,12633.5793143539,20334.0168530708,0.121414704656623,"log",16112.6406842213,NA,NA,NA,NA,0.00529130703243319
1985,5,3002.51831966635,2359.72678247992,3820.40680593444,0.122913245408844,"log",3053.95873906524,NA,NA,NA,NA,0.0171324248255049
1985,6,2544.28392073689,1968.21618660143,3288.95815072937,0.130982814901999,"log",2438.3137528131,NA,NA,NA,NA,-0.0416502918798055
1985,7,953.852802837033,696.805232316,1305.7237909308,0.160208775633616,"log",811.762873585531,NA,NA,NA,NA,-0.148964210021594
1986,1,2424740.29698877,1828766.20642791,3214935.55992881,0.143922486084691,"log",2167284.81209606,NA,NA,NA,NA,-0.106178581356708
1986,2,83134.1780920791,65524.7594521664,105476.031119059,0.12144500091755,"log",79270.5368654007,NA,NA,NA,NA,-0.0464747630318675
1986,3,62913.1703820741,49585.1630525686,79823.6158531469,0.121463390516976,"log",62898.8564880934,NA,NA,NA,NA,-0.000227518242901459
1986,4,10928.9977343094,8611.24111388166,13870.5896045568,0.121609960825594,"log",10925.6956782023,NA,NA,NA,NA,-0.000302137138955771
1986,5,5610.23221036428,4414.13823490709,7130.4303986917,0.122338720542222,"log",5413.93777689608,NA,NA,NA,NA,-0.0349886468345397
1986,6,1278.28180765453,978.09672140929,1670.59590735175,0.136565547745433,"log",1306.02422383989,NA,NA,NA,NA,0.021702895260844
1986,7,1237.47936748447,923.276128159656,1658.61017981931,0.149443290969723,"log",1073.4062843593,NA,NA,NA,NA,-0.132586520176649
1987,1,641996.854885968,486334.65885987,847482.189835523,0.141679347954535,"log",689433.474739429,NA,NA,NA,NA,0.073889177949146
1987,2,438084.745014513,344874.502445527,556487.193032613,0.122059275318207,"log",420029.659425106,NA,NA,NA,NA,-0.0412136825006513
1987,3,17067.8860640853,13434.5749271725,21683.8073609157,0.122128309207068,"log",16818.4848007882,NA,NA,NA,NA,-0.0146123112353014
1987,4,15836.8808734166,12469.6662995375,20113.3526570867,0.121962676484011,"log",15886.5236665267,NA,NA,NA,NA,0.00313463197121333
1987,5,3342.94156680539,2627.95094094963,4252.46078415642,0.122781182355466,"log",3382.17626018113,NA,NA,NA,NA,0.0117365776791716
1987,6,1953.52927861182,1509.18327745609,2528.70323929538,0.131670273823429,"log",1922.42991576901,NA,NA,NA,NA,-0.0159195785716169
1987,7,833.318668647098,612.863663346749,1133.07419748735,0.156775136956554,"log",727.706453222635,NA,NA,NA,NA,-0.126736888777406
1988,1,364874.979489405,275787.339230657,482740.618292292,0.142821356148251,"log",392642.745115312,NA,NA,NA,NA,0.0761021368600414
1988,2,172023.997380036,135661.161733021,218133.585888377,0.121162260919737,"log",172295.485968267,NA,NA,NA,NA,0.00157820183442881
1988,3,73036.1394652508,57496.7126505112,92775.3504867575,0.122056633094966,"log",69883.2122312854,NA,NA,NA,NA,-0.0431694125271431
1988,4,5499.39220157016,4323.21806467026,6995.55611914233,0.122776506052223,"log",5249.85858906809,NA,NA,NA,NA,-0.0453747620383986
1988,5,5082.77275419852,3995.52911645604,6465.87175761532,0.122798641823049,"log",4918.95037948475,NA,NA,NA,NA,-0.0322309067582155
1988,6,1388.42909379888,1066.21327848677,1808.02039085756,0.13472675131848,"log",1389.24702252046,NA,NA,NA,NA,0.000589103703776406
1988,7,901.090438657666,670.536012822176,1210.91777788764,0.15078247309283,"log",834.761056656288,NA,NA,NA,NA,-0.0736101274142776
1989,1,1132651.93211973,861021.331362319,1489975.16391927,0.139899369425523,"log",1074848.0966488,NA,NA,NA,NA,-0.0510340677764524
1989,2,99142.7999776944,78210.3030725943,125677.748343382,0.121002143411335,"log",99984.000797079,NA,NA,NA,NA,0.00848473938171845
1989,3,37617.5048966168,29645.6207724005,47733.0761771194,0.121509926994648,"log",36057.2975978396,NA,NA,NA,NA,-0.0414755657788854
1989,4,18133.7770101096,14292.5224029026,23007.4062074305,0.121451130035029,"log",17258.6823682037,NA,NA,NA,NA,-0.0482577149491852
1989,5,1951.12972944487,1531.84368293996,2485.17995897419,0.123439269130325,"log",1829.47119238462,NA,NA,NA,NA,-0.0623528693270763
1989,6,2000.95713979815,1547.50594100316,2587.2789042178,0.131115200759504,"log",1935.73421611895,NA,NA,NA,NA,-0.0325958624410031
1989,7,827.837458131754,614.172703319417,1115.83411861537,0.152319464288237,"log",754.215770395176,NA,NA,NA,NA,-0.0889325398523592
1990,1,327823.137959269,249900.412727734,430043.346501185,0.13847793232283,"log",322613.106232229,NA,NA,NA,NA,-0.015892812690017
1990,2,232796.601477588,183520.008371503,295304.354769908,0.121349892225296,"log",227897.31330522,NA,NA,NA,NA,-0.0210453595167277
1990,3,19955.9521090682,15738.4916524808,25303.5699591106,0.121133879288236,"log",19852.718653747,NA,NA,NA,NA,-0.00517306589818756
1990,4,9219.2418488205,7265.51738153603,11698.3300436444,0.121509015968375,"log",9092.04763038075,NA,NA,NA,NA,-0.0137966028579697
1990,5,5183.82861528554,4077.57546561915,6590.21012344963,0.122472319346814,"log",5078.12350017961,NA,NA,NA,NA,-0.0203913213477451
1990,6,687.456816270251,521.713781213022,905.854687483254,0.140757631973821,"log",675.505674677726,NA,NA,NA,NA,-0.0173845706518181
1990,7,962.293606769766,723.518770079513,1279.86864187117,0.145509367374235,"log",932.21789196564,NA,NA,NA,NA,-0.0312541978794648
1991,1,441822.499768944,337301.825400616,578731.292278746,0.137721950741339,"log",434744.176455428,NA,NA,NA,NA,-0.0160207398156896
1991,2,77974.631994261,61571.6469165202,98747.4517757151,0.12050326310106,"log",77398.0343316302,NA,NA,NA,NA,-0.0073946827049246
1991,3,35557.4735151986,28053.9166968562,45068.0001814411,0.120931867411747,"log",35285.9496265752,NA,NA,NA,NA,-0.00763619745107347
1991,4,5963.72487487115,4704.31062698982,7560.30313540642,0.121030806520037,"log",5856.30958452758,NA,NA,NA,NA,-0.0180114429483783
1991,5,2901.77096827228,2283.59468581878,3687.28951972,0.12223204773656,"log",2762.90207506624,NA,NA,NA,NA,-0.0478566002363463
1991,6,1927.70688676383,1493.92050940437,2487.45085021846,0.130067326857142,"log",1841.90544118831,NA,NA,NA,NA,-0.0445095912478455
1991,7,667.415936192994,492.141205841859,905.114277359466,0.155435389323813,"log",594.98361955163,NA,NA,NA,NA,-0.108526501561417
1992,1,1049880.02413596,812608.244415098,1356432.29398084,0.130707526612874,"log",1024293.66733286,NA,NA,NA,NA,-0.0243707435277261
1992,2,105264.291905708,84040.667894715,131847.728343754,0.114886514195998,"log",104788.182571686,NA,NA,NA,NA,-0.0045229899465663
1992,3,15585.5650853328,12427.572996405,19546.040011144,0.115526376954247,"log",15273.56080901,NA,NA,NA,NA,-0.0200187978180165
1992,4,8923.26989843443,7106.28116220829,11204.8403184152,0.116167132694928,"log",8837.83165011944,NA,NA,NA,NA,-0.00957476903505761
1992,5,1946.81186608452,1548.48134689466,2447.6087164551,0.11679725826517,"log",1880.7645242762,NA,NA,NA,NA,-0.0339258985210319
1992,6,941.934938805138,731.363387931088,1213.13350323935,0.129097146762436,"log",894.236814880638,NA,NA,NA,NA,-0.0506384485376512
1992,7,846.266018662907,650.524963357886,1100.90498394843,0.134213731607231,"log",802.072171123241,NA,NA,NA,NA,-0.0522221695838525
1993,1,402245.830915282,310843.868703574,520524.046890635,0.131519082601564,"log",421287.158900522,NA,NA,NA,NA,0.0473375396878899
1993,2,233035.158358978,186188.957345395,291668.130084928,0.114505817685612,"log",233890.040328177,NA,NA,NA,NA,0.00366846777636409
1993,3,21183.2460742787,16927.5306263076,26508.8821370118,0.114425195491772,"log",20778.5496840704,NA,NA,NA,NA,-0.0191045503030687
1993,4,5014.99546050981,3998.08440137957,6290.55741300903,0.115623129436462,"log",4839.32151432153,NA,NA,NA,NA,-0.0350297318455448
1993,5,2827.98260114422,2252.48497038795,3550.51673929571,0.116088642134388,"log",2706.26192011291,NA,NA,NA,NA,-0.0430415240115184
1993,6,733.502003050148,570.348449251773,943.327169880803,0.12836095042885,"log",691.765485669619,NA,NA,NA,NA,-0.0569003454755057
1993,7,601.313072340485,459.454196950356,786.971614074997,0.137286431500744,"log",549.422274075668,NA,NA,NA,NA,-0.0862958093740476
1994,1,1594171.27392417,1207300.00572164,2105012.87050515,0.141822788494997,"log",1395632.8298924,NA,NA,NA,NA,-0.124540221793767
1994,2,108984.752706321,87065.4052186721,136422.454965048,0.114567599434677,"log",111308.591379465,NA,NA,NA,NA,0.0213226035334135
1994,3,40357.6460281509,32229.7348391116,50535.3084989395,0.114742619014027,"log",40138.6145278742,NA,NA,NA,NA,-0.00542726154354733
1994,4,5977.89356692016,4774.26370952723,7484.96808546928,0.114710523388569,"log",5946.50847893377,NA,NA,NA,NA,-0.00525019183346853
1994,5,1657.6884390515,1320.68972689223,2080.67868251786,0.115956214819451,"log",1604.26488635236,NA,NA,NA,NA,-0.0322277404128548
1994,6,961.604597541044,752.661207553374,1228.55196034067,0.124996246794647,"log",918.894042261304,NA,NA,NA,NA,-0.0444159224997022
1994,7,463.142863772303,353.365547480514,607.023842003269,0.138029322626097,"log",427.566316346569,NA,NA,NA,NA,-0.0768154930337531
1995,1,677946.614223656,523751.100975349,877538.225468953,0.131661588405484,"log",667612.428404839,NA,NA,NA,NA,-0.0152433622382649
1995,2,300494.186033164,239839.889373745,376487.647970114,0.115031110173012,"log",293926.56346549,NA,NA,NA,NA,-0.0218560720071607
1995,3,25677.2895233321,20467.9922389677,32212.4021529467,0.115688153006331,"log",26144.9094980565,NA,NA,NA,NA,0.0182114227554857
1995,4,10922.8240097364,8724.71803235223,13674.7209371429,0.11464210426745,"log",10954.0973804383,NA,NA,NA,NA,0.00286312135707822
1995,5,1891.85821205263,1507.59796275063,2374.05965180584,0.115839830602208,"log",1924.27727849451,NA,NA,NA,NA,0.0171360973223809
1995,6,567.453471771268,440.433822240474,731.105165782327,0.12928735380552,"log",550.302590867636,NA,NA,NA,NA,-0.0302242946018055
1995,7,481.76202800384,368.709649916077,629.478104734172,0.136451893349373,"log",456.065511034207,NA,NA,NA,NA,-0.0533386100936711
1996,1,306691.232247104,235867.703428458,398780.801992151,0.133966958700159,"log",328474.312387874,NA,NA,NA,NA,0.0710260935115987
1996,2,161358.468728161,128973.651119604,201874.99698021,0.114298159032584,"log",161269.992792258,NA,NA,NA,NA,-0.000548319134410447
1996,3,45516.0558741281,36360.1294382676,56977.5568553493,0.114590019319444,"log",44980.2154117351,NA,NA,NA,NA,-0.0117725592014135
1996,4,6616.35867266285,5284.66982191659,8283.6210322492,0.114662834693912,"log",6519.50268701499,NA,NA,NA,NA,-0.01463886564192
1996,5,3581.65132222922,2856.99194153573,4490.11633793084,0.115336126784942,"log",3431.7719043727,NA,NA,NA,NA,-0.0418464569474709
1996,6,709.137872094202,553.355357943536,908.776818403203,0.126558229700381,"log",673.764613703094,NA,NA,NA,NA,-0.0498820607149982
1996,7,445.613853604797,338.224068458388,587.101052357389,0.140688390094626,"log",386.540312001889,NA,NA,NA,NA,-0.132566663098626
1997,1,1378458.65429138,1064780.05867693,1784545.31159409,0.131735939868953,"log",1366443.40804318,NA,NA,NA,NA,-0.00871643571665037
1997,2,107139.911779448,85609.5735672061,134085.011965358,0.114460495792719,"log",105743.643979045,NA,NA,NA,NA,-0.0130321910594559
1997,3,30841.1782560161,24607.5639737752,38653.8983392688,0.115204606262749,"log",29529.6288659357,NA,NA,NA,NA,-0.042525917109688
1997,4,10819.8655244823,8623.38443539532,13575.8171104328,0.115770602508786,"log",10148.7006363434,NA,NA,NA,NA,-0.0620307975750896
1997,5,2233.81040569527,1780.77420815211,2802.1008535217,0.115645294022418,"log",2167.20192412192,NA,NA,NA,NA,-0.0298183236157938
1997,6,1212.28605175966,950.762529451136,1545.74609933294,0.12398127301751,"log",1152.29272227277,NA,NA,NA,NA,-0.0494877668515648
1997,7,410.609798767484,312.331139538596,539.812991727132,0.139583890985164,"log",370.142335748612,NA,NA,NA,NA,-0.0985545477490851
1998,1,134598.62779598,103981.411378351,174231.051150481,0.131678478836491,"log",132975.592143388,NA,NA,NA,NA,-0.0120583372889395
1998,2,383837.447361268,306453.048562158,480762.670458249,0.114876902179494,"log",365639.550148937,NA,NA,NA,NA,-0.0474104268289478
1998,3,24920.779711385,19815.5374349614,31341.328160378,0.116959104815091,"log",22661.3532858055,NA,NA,NA,NA,-0.090664355278871
1998,4,8016.02347137595,6370.71228888313,10086.255567651,0.117211944501276,"log",7233.98742235976,NA,NA,NA,NA,-0.0975591016928448
1998,5,3265.80226792585,2591.19050107769,4116.04798981542,0.118057285199676,"log",2959.10409510115,NA,NA,NA,NA,-0.0939120460037791
1998,6,799.195938476627,621.683220266994,1027.39486486901,0.128153107141687,"log",751.337464695766,NA,NA,NA,NA,-0.0598832795272782
1998,7,554.3444446342,425.370079404745,722.424491461238,0.13511813061997,"log",519.490598611634,NA,NA,NA,NA,-0.0628739881132299
1999,1,306938.830538716,237619.899142803,396479.613165125,0.130602473367566,"log",305042.538578318,NA,NA,NA,NA,-0.0061780777527225
1999,2,38153.0874179886,30467.8737791761,47776.8186278748,0.114764288961439,"log",37589.2730254484,NA,NA,NA,NA,-0.014777687225237
1999,3,60962.5396085438,48538.331256593,76566.934612497,0.116280580445832,"log",58840.0916539596,NA,NA,NA,NA,-0.0348156091956311
1999,4,5472.26239863432,4348.29122445084,6886.76406748469,0.117302760658015,"log",5128.1255795181,NA,NA,NA,NA,-0.062887484928009
1999,5,2126.69948319218,1690.49717984385,2675.45592251603,0.11711876668233,"log",2035.35871590969,NA,NA,NA,NA,-0.0429495412983258
1999,6,830.535738683165,645.001376302557,1069.43897885022,0.128991406095643,"log",788.191611681269,NA,NA,NA,NA,-0.0509841118565634
1999,7,499.672733409733,379.75090942853,657.464759962986,0.140021866128414,"log",478.779457562327,NA,NA,NA,NA,-0.041813920293052
2000,1,482845.90809287,373417.5974584,624341.682204736,0.131124967746436,"log",484729.918631419,NA,NA,NA,NA,0.00390188775957556
2000,2,74906.3287092138,59903.3709291737,93666.8169697304,0.114035566307659,"log",76298.515838811,NA,NA,NA,NA,0.0185857076910245
2000,3,8426.37514906373,6705.45785867572,10588.9559891711,0.116555654391421,"log",8262.53508593078,NA,NA,NA,NA,-0.0194437181153936
2000,4,10108.8781303332,8045.141735177,12702.0033229632,0.116505029813393,"log",10139.3042995543,NA,NA,NA,NA,0.00300984627856882
2000,5,1375.98561623242,1091.40052466677,1734.77689746997,0.118220809906024,"log",1347.37890025589,NA,NA,NA,NA,-0.0207899818421516
2000,6,643.819034877906,500.271703021514,828.555657191135,0.12870967527455,"log",633.593766469864,NA,NA,NA,NA,-0.0158822089035956
2000,7,455.839537819957,347.679891949596,597.646539392147,0.138195728719744,"log",457.873158746051,NA,NA,NA,NA,0.0044612648911948
2001,1,151097.639841293,116186.799932303,196498.197548357,0.13404685557839,"log",159896.645472352,NA,NA,NA,NA,0.0582339051774787
2001,2,139773.378276846,111414.62381949,175350.385839606,0.115697938486376,"log",137771.12823544,NA,NA,NA,NA,-0.0143249742267784
2001,3,13584.0581969173,10854.257826064,17000.3919249217,0.114461023866771,"log",14173.8444058757,NA,NA,NA,NA,0.0434175266631402
2001,4,2111.12153849067,1683.70994045835,2647.03203514138,0.115420327254229,"log",2175.18751397674,NA,NA,NA,NA,0.0303468911277691
2001,5,1994.37627344807,1587.54845217598,2505.45847255294,0.11640029408443,"log",2053.89196251454,NA,NA,NA,NA,0.0298417554695314
2001,6,338.206060721828,261.72194598942,437.041452815733,0.130804797175513,"log",337.861174290916,NA,NA,NA,NA,-0.00101975236687246
2001,7,348.722997117013,265.281145361128,458.410749669853,0.139537111488038,"log",348.763838392541,NA,NA,NA,NA,0.000117116668147066
2002,1,347361.384782408,266660.283145999,452485.575333652,0.134895433940713,"log",343202.162305431,NA,NA,NA,NA,-0.0119737617915755
2002,2,50175.2660843554,40061.2842013212,62842.651623056,0.114855075347655,"log",49293.3372453114,NA,NA,NA,NA,-0.0175769638682401
2002,3,29232.5713781026,23326.9050137707,36633.3737318087,0.115142998306527,"log",27407.0730012841,NA,NA,NA,NA,-0.0624474102263176
2002,4,4201.44523051783,3346.96704870877,5274.07105243269,0.116009270190383,"log",3988.21456929837,NA,NA,NA,NA,-0.0507517412509927
2002,5,741.804284360397,589.48410677769,933.483345807934,0.117266278042846,"log",702.633573691851,NA,NA,NA,NA,-0.0528046433464859
2002,6,641.760416064872,500.301812207135,823.215950009873,0.127044941425252,"log",586.449539790869,NA,NA,NA,NA,-0.0861861761639287
2002,7,239.802200385778,180.332953526075,318.882900687068,0.145415699821029,"log",224.427830577993,NA,NA,NA,NA,-0.0641127136575579
2003,1,98559.563378421,75872.463754833,128030.474464805,0.133475538139973,"log",96760.3775669381,NA,NA,NA,NA,-0.0182548070406413
2003,2,67458.1969309409,53733.8690969485,84687.8962868511,0.11605549436414,"log",71154.5901129628,NA,NA,NA,NA,0.0547953154722765
2003,3,8986.87315768209,7187.41157873077,11236.8532492652,0.113998967533664,"log",9174.94053274987,NA,NA,NA,NA,0.0209268976837642
2003,4,6125.64852017791,4887.65070707887,7677.22000641572,0.11519235731269,"log",6291.18935172856,NA,NA,NA,NA,0.027024213192343
2003,5,1132.88418605086,897.294916290668,1430.32859732416,0.118949863402541,"log",1162.15642585623,NA,NA,NA,NA,0.0258386869247487
2003,6,251.009268349631,191.118386694422,329.668190942594,0.139082556943233,"log",249.583654391338,NA,NA,NA,NA,-0.00567952716514053
2003,7,300.774097836662,226.537982938084,399.337262370626,0.144618397957132,"log",283.242171458765,NA,NA,NA,NA,-0.0582893490629547
2004,1,292867.892770232,225235.796778734,380808.041360922,0.133968681241525,"log",285432.555142739,NA,NA,NA,NA,-0.0253880258336352
2004,2,35482.7265054998,28302.3007917241,44484.8597126157,0.115360741897494,"log",33807.7435579468,NA,NA,NA,NA,-0.0472055874086599
2004,3,14162.4353587263,11332.8907914771,17698.4477288832,0.11371835221009,"log",13730.1634381792,NA,NA,NA,NA,-0.0305224284946658
2004,4,2815.59909077834,2245.48059392415,3530.46838233313,0.115438594949849,"log",2641.95198097604,NA,NA,NA,NA,-0.0616732369217725
2004,5,2068.99027119454,1649.04699234071,2595.87553428144,0.115748635033657,"log",1948.66118031007,NA,NA,NA,NA,-0.0581583647636003
2004,6,415.234883572264,322.492962763471,534.647351860919,0.128963099076224,"log",397.551228130653,NA,NA,NA,NA,-0.0425871142845199
2004,7,195.742729004901,143.597262768892,266.824138702084,0.158058309947757,"log",183.636367086424,NA,NA,NA,NA,-0.0618483352103196
2005,1,178807.99032332,137805.086295291,232011.011080924,0.132896463302513,"log",180687.662557347,NA,NA,NA,NA,0.010512238466684
2005,2,60630.1449232211,48333.6558763411,76054.9643258038,0.115647065519498,"log",62265.5978899909,NA,NA,NA,NA,0.0269742546193941
2005,3,8095.8032002935,6471.30366392349,10128.1029081156,0.114271600848395,"log",7658.39590306713,NA,NA,NA,NA,-0.0540288945277868
2005,4,3433.35719932087,2742.36929464272,4298.45159116843,0.114653282786477,"log",3330.36820136665,NA,NA,NA,NA,-0.0299965870066157
2005,5,949.384494790738,754.435768134689,1194.7086246687,0.117269364805754,"log",874.091260532358,NA,NA,NA,NA,-0.0793074193559226
2005,6,772.018411944015,602.684414535019,988.92955252608,0.126336351389587,"log",725.212180033917,NA,NA,NA,NA,-0.0606283881134847
2005,7,236.951344629771,177.422291188596,316.453695562833,0.147616031970989,"log",224.555551800327,NA,NA,NA,NA,-0.0523136631649482
2006,1,426338.419081443,328939.915346493,552576.440573958,0.132328113152282,"log",440995.549562513,NA,NA,NA,NA,0.034379098446367
2006,2,62092.3012691297,48594.0798151319,79339.991446773,0.125063675191332,"log",56145.2125304839,NA,NA,NA,NA,-0.0957781982160572
2006,3,12739.0582853649,10189.5048870096,15926.544792654,0.113938048503784,"log",12445.9414431961,NA,NA,NA,NA,-0.0230093022264927
2006,4,2263.62576008366,1808.09779018699,2833.91839176156,0.11464113633371,"log",2254.83571378805,NA,NA,NA,NA,-0.00388317117193582
2006,5,965.561484446439,768.22021119842,1213.59600627015,0.116651814891658,"log",947.248245325949,NA,NA,NA,NA,-0.018966414273441
2006,6,363.194061861716,279.805292465245,471.434708791281,0.133085771946007,"log",335.452961720657,NA,NA,NA,NA,-0.0763809297951054
2006,7,396.631731834642,301.252776764228,522.208400493083,0.140338558507457,"log",378.920929908023,NA,NA,NA,NA,-0.0446530131230219
2007,1,236430.031036315,181505.873987493,307974.383130348,0.134882221122883,"log",224195.503577071,NA,NA,NA,NA,-0.051746926588036
2007,2,114325.729995056,91250.922049348,143235.511985665,0.115021785860266,"log",115288.429358081,NA,NA,NA,NA,0.00842067103412814
2007,3,11165.6109733805,8933.41929115513,13955.5599424635,0.113797695676631,"log",10850.1513187774,NA,NA,NA,NA,-0.0282527893328151
2007,4,3697.06619529411,2950.36300877416,4632.75143151469,0.115109956156606,"log",3653.77376260966,NA,NA,NA,NA,-0.0117099425321517
2007,5,946.260767684962,753.025067864058,1189.08317753557,0.116542787474859,"log",935.944971911008,NA,NA,NA,NA,-0.0109016416259038
2007,6,399.346263389062,308.807700001908,516.429603542336,0.131181040843892,"log",383.552847588166,NA,NA,NA,NA,-0.0395481747265256
2007,7,302.286104407215,227.676547751344,401.34519703578,0.144618965055387,"log",291.766757566145,NA,NA,NA,NA,-0.0347993066426208
2008,1,211319.058972297,162697.818325742,274470.457836938,0.133407815809013,"log",212410.801011129,NA,NA,NA,NA,0.00516632074807255
2008,2,50466.4662644425,40241.0418053149,63290.2157340205,0.115523380980926,"log",49903.054998195,NA,NA,NA,NA,-0.0111640720651075
2008,3,24781.1295739831,19823.6951697868,30978.300347278,0.113881945321573,"log",23885.7064494332,NA,NA,NA,NA,-0.0361332651070886
2008,4,3319.53860982526,2651.95074649461,4155.18146281042,0.114558380744834,"log",3270.81995555175,NA,NA,NA,NA,-0.0146763330690936
2008,5,1468.70688390786,1168.16308618513,1846.57428089325,0.116813289124773,"log",1398.29162563334,NA,NA,NA,NA,-0.0479437109242388
2008,6,419.067006972644,323.945002504796,542.120282687212,0.131358062859456,"log",388.030555502862,NA,NA,NA,NA,-0.0740608326434244
2008,7,270.588415538747,204.121166303125,358.699158690084,0.143821588955264,"log",253.780011088286,NA,NA,NA,NA,-0.0621179750692405
2009,1,198458.976544568,152671.3309581,257978.790935717,0.133826420510343,"log",203932.432886488,NA,NA,NA,NA,0.0275797872044894
2009,2,53619.9735041255,42761.3715566122,67235.952775199,0.115454405854404,"log",53490.2482050804,NA,NA,NA,NA,-0.00241934657120002
2009,3,10966.1186395081,8775.3393272639,13703.8299638337,0.113708700340026,"log",10669.810054991,NA,NA,NA,NA,-0.0270203701289202
2009,4,6975.47229534394,5572.08303246299,8732.32029379923,0.11460980009851,"log",6680.67211695848,NA,NA,NA,NA,-0.0422623968533624
2009,5,1254.48904098736,1000.14530073821,1573.514121194,0.115605726752631,"log",1221.97672798842,NA,NA,NA,NA,-0.025916777218997
2009,6,498.212419002927,387.525115168705,640.5149104741,0.12818902398882,"log",469.211597096489,NA,NA,NA,NA,-0.058209753109883
2009,7,293.562067890833,222.299667075167,387.668991313433,0.141871366361079,"log",276.695540276413,NA,NA,NA,NA,-0.0574547240915758
2010,1,274423.134524191,210449.04368363,357844.613802537,0.13542475924343,"log",285274.669346114,NA,NA,NA,NA,0.0395430758443103
2010,2,64696.6865325658,51441.726000392,81367.0452710157,0.116971717942887,"log",63698.6642069942,NA,NA,NA,NA,-0.0154261737201827
2010,3,12876.3700311659,10290.3890569949,16112.2095832523,0.1143814348027,"log",12655.0522701223,NA,NA,NA,NA,-0.017187900045428
2010,4,3577.86279090875,2855.81982254274,4482.46141073832,0.115005522041058,"log",3503.13600462893,NA,NA,NA,NA,-0.0208858725576897
2010,5,2616.54416518129,2081.78885418934,3288.66366757941,0.116648508760425,"log",2535.03702782285,NA,NA,NA,NA,-0.0311506828140204
2010,6,450.434294490728,349.84535851244,579.944963443457,0.128941651067372,"log",443.293605854377,NA,NA,NA,NA,-0.0158528973563712
2010,7,220.452012659206,165.402590773546,293.823026944192,0.146583099308267,"log",214.698711275031,NA,NA,NA,NA,-0.0260977494139261
2011,1,128820.57804156,98815.2765953678,167937.002240193,0.13529246261261,"log",124356.487409494,NA,NA,NA,NA,-0.0346535522502099
2011,2,83007.5047585091,65759.7106925259,104779.138680381,0.118840791478756,"log",84492.3741798211,NA,NA,NA,NA,0.0178883755828081
2011,3,17021.5868234287,13566.9962356134,21355.826518693,0.115737971422322,"log",16676.4329480509,NA,NA,NA,NA,-0.0202774206046857
2011,4,4302.50884748604,3425.81401434495,5403.55731664997,0.116256826840032,"log",4224.49078193143,NA,NA,NA,NA,-0.0181331563327756
2011,5,1565.99172621981,1239.8904857396,1977.86023426584,0.119132932159548,"log",1512.47961890229,NA,NA,NA,NA,-0.034171385724171
2011,6,1086.67178979748,843.319212672293,1400.24745196992,0.129354086693666,"log",1018.47142378255,NA,NA,NA,NA,-0.062760777131836
2011,7,248.892229454569,185.554316888135,333.850178868174,0.149835578130917,"log",234.903182083357,NA,NA,NA,NA,-0.0562052395202037
2012,1,268458.734164775,205107.758943445,351376.721780795,0.137329930338111,"log",247159.184883646,NA,NA,NA,NA,-0.0793401240879569
2012,2,41849.5341401679,33188.8940050795,52770.1678604003,0.118300828487778,"log",40238.1496941332,NA,NA,NA,NA,-0.0385042385570563
2012,3,23986.7765472526,19093.7654893386,30133.6815647545,0.116400523432492,"log",23981.3864595275,NA,NA,NA,NA,-0.00022471079907127
2012,4,6490.94636035556,5164.05260975049,8158.78300183484,0.116679020330445,"log",6294.01768822868,NA,NA,NA,NA,-0.0303389769679279
2012,5,1792.38751160143,1421.48422306082,2260.06939762377,0.118291450795173,"log",1738.98790936732,NA,NA,NA,NA,-0.0297924426991796
2012,6,602.222744469978,463.883969773629,781.816698977403,0.133162104275962,"log",555.103693364009,NA,NA,NA,NA,-0.078241898929671
2012,7,491.716007504422,370.801840090208,652.058878610926,0.143999346608765,"log",445.731661113552,NA,NA,NA,NA,-0.0935180992464568
2013,1,240968.824690073,184772.269080052,314256.975690212,0.135483855942406,"log",232314.854021042,NA,NA,NA,NA,-0.035913237657034
2013,2,61318.8217556774,48645.4260069104,77293.9659521205,0.118129238653541,"log",59821.2814875431,NA,NA,NA,NA,-0.0244221957509415
2013,3,12297.670131049,9800.36479349667,15431.3327961475,0.115813462480288,"log",11895.3831722077,NA,NA,NA,NA,-0.0327124532171029
2013,4,9559.93034464502,7592.72419852211,12036.8218053085,0.117548075516342,"log",9324.99480402001,NA,NA,NA,NA,-0.0245750264024266
2013,5,2844.77860823725,2249.30828496593,3597.8906866503,0.119830011425595,"log",2726.62762626814,NA,NA,NA,NA,-0.0415325753740536
2013,6,692.019911613538,533.550785994767,897.555716606715,0.132686350902271,"log",648.16055118748,NA,NA,NA,NA,-0.0633787549895695
2013,7,445.282737289804,333.254083790197,594.971602067831,0.147862018879808,"log",392.291049722969,NA,NA,NA,NA,-0.119006831231246
2014,1,303484.870324633,232541.757393458,396071.08653661,0.135850428938374,"log",293094.569050119,NA,NA,NA,NA,-0.0342366367832422
2014,2,72448.2734554889,57455.1866286806,91353.846966032,0.118301947641354,"log",70556.121544493,NA,NA,NA,NA,-0.0261172809336641
2014,3,17164.0612083109,13682.4737705872,21531.5594315955,0.115666414264781,"log",16443.3427894692,NA,NA,NA,NA,-0.0419899702112891
2014,4,5264.68073421449,4182.04221426703,6627.59049601488,0.117461754937903,"log",4994.72260759222,NA,NA,NA,NA,-0.0512772075366025
2014,5,4078.13539352601,3234.08101444249,5142.47732622015,0.118315980652628,"log",3906.33681734664,NA,NA,NA,NA,-0.0421267465646431
2014,6,1051.82085822872,814.166362153582,1358.84650758428,0.130672488235457,"log",968.118651579581,NA,NA,NA,NA,-0.0795783863709375
2014,7,416.233202619408,310.569622870326,557.846183930058,0.149409674993433,"log",375.13875335579,NA,NA,NA,NA,-0.0987293877686953
2015,1,161885.619595013,123937.198666014,211453.495106694,0.13628569766889,"log",158324.070624501,NA,NA,NA,NA,-0.0220004036147384
2015,2,101355.408264299,80104.5920704734,128243.818723712,0.120053252984463,"log",95866.5886946751,NA,NA,NA,NA,-0.0541541853919708
2015,3,24146.4066645362,19242.0129191371,30300.8296096344,0.115838615973626,"log",23542.2408855268,NA,NA,NA,NA,-0.0250209394467256
2015,4,7006.04763372806,5568.26141245221,8815.08604037506,0.117191363999047,"log",6698.76087752949,NA,NA,NA,NA,-0.0438602150974907
2015,5,2448.11978322801,1936.34633192449,3095.1541954149,0.119653949280583,"log",2327.64039481874,NA,NA,NA,NA,-0.0492130283961882
2015,6,1766.77935267829,1367.11351396216,2283.28463523382,0.130847670353108,"log",1590.33094520497,NA,NA,NA,NA,-0.0998700868933307
2015,7,587.224856243366,437.776863213659,787.691312096009,0.149848912014746,"log",507.936263921706,NA,NA,NA,NA,-0.135022541158919
2016,1,119349.130636692,91096.763048754,156363.568880167,0.137824367667572,"log",110125.760874789,NA,NA,NA,NA,-0.0772805776858138
2016,2,49529.1520810964,39207.6320765121,62567.8414112124,0.1192317845238,"log",47758.8881686096,NA,NA,NA,NA,-0.035741857837345
2016,3,29889.0084444719,23747.5285656759,37618.7704469148,0.117355389894635,"log",28585.2624426522,NA,NA,NA,NA,-0.0436195802293609
2016,4,11686.4601213578,9258.0218565145,14751.8932537391,0.118849384728103,"log",11210.1298385741,NA,NA,NA,NA,-0.0407591587047963
2016,5,3089.16429526019,2446.2535740539,3901.04122660348,0.119054687127706,"log",2936.77042182722,NA,NA,NA,NA,-0.0493317476402236
2016,6,1015.93736804638,780.620600781551,1322.18997904956,0.134429886129009,"log",941.10725214809,NA,NA,NA,NA,-0.073656229460474
2016,7,939.687677577289,710.839503949383,1242.21139439301,0.142401030263497,"log",838.428335131016,NA,NA,NA,NA,-0.10775850834539
2017,1,334481.217018346,254146.498590451,440209.427076788,0.140140258132131,"log",331171.288660881,NA,NA,NA,NA,-0.00989570770810555
2017,2,32743.9128701511,25899.8228180128,41396.570068517,0.119635336371733,"log",30900.6816081047,NA,NA,NA,NA,-0.0562923334592249
2017,3,16067.6650396818,12785.7246909221,20192.0396432995,0.11657335625505,"log",15360.3390098386,NA,NA,NA,NA,-0.0440217062091033
2017,4,11685.9802837721,9277.01590261132,14720.4808772906,0.117782737804337,"log",10958.9989470719,NA,NA,NA,NA,-0.0622097007736496
2017,5,5558.96319807135,4396.44570910387,7028.87602444893,0.11970382948849,"log",5340.99033641872,NA,NA,NA,NA,-0.0392110639855014
2017,6,1196.56227543413,928.095826889136,1542.68690528563,0.129631445685123,"log",1101.8020504886,NA,NA,NA,NA,-0.0791937259689627
2017,7,786.032222239858,595.068302218704,1038.27855070703,0.142003422714994,"log",728.524371509032,NA,NA,NA,NA,-0.0731622051917318
2018,1,67396.227188583,51644.0116910359,87953.1099642191,0.135826368918509,"log",70981.3680405961,NA,NA,NA,NA,0.0531949784367212
2018,2,78805.7929045531,62455.9300379402,99435.7620091911,0.118637547106638,"log",78911.3726396305,NA,NA,NA,NA,0.00133974586367325
2018,3,9280.75231846537,7409.37911131955,11624.7748026705,0.114898012890261,"log",8693.78044595285,NA,NA,NA,NA,-0.0632461520759103
2018,4,6023.19448006488,4805.95476733963,7548.73349853986,0.115186829617703,"log",5635.9786847122,NA,NA,NA,NA,-0.0642874469078258
2018,5,3976.64667304458,3170.73531535593,4987.39793436883,0.115550795734482,"log",3735.33325170672,NA,NA,NA,NA,-0.0606826407217882
2018,6,1851.60413592467,1451.74080178371,2361.60468312312,0.124129308750197,"log",1714.34838375664,NA,NA,NA,NA,-0.0741280220242567
2018,7,764.411159482479,581.371253654011,1005.07965791011,0.139653723152431,"log",685.207974182688,NA,NA,NA,NA,-0.103613329446175
2019,1,137009.763321443,104697.776808376,179293.92407018,0.137234309814567,"log",144773.025591863,NA,NA,NA,NA,0.0566621099272089
2019,2,18755.7634274862,14882.4460707231,23637.1534676582,0.118021906238883,"log",19469.4092108265,NA,NA,NA,NA,0.0380494127098283
2019,3,16231.4740061074,12983.8772767622,20291.3769743086,0.113902000610467,"log",16567.7871421538,NA,NA,NA,NA,0.0207198148436671
2019,4,2654.75655592671,2120.60201225264,3323.45830595024,0.114620953835176,"log",2651.70815851861,NA,NA,NA,NA,-0.00114827757042146
2019,5,1887.56829236518,1501.68128019947,2372.61668326127,0.116687883445211,"log",1829.78862640197,NA,NA,NA,NA,-0.0306106360214412
2019,6,964.479772983194,750.809688389477,1238.95741741037,0.127776149908201,"log",956.513330301151,NA,NA,NA,NA,-0.00825983385571905
2019,7,703.133030193874,533.657710211767,926.429148664286,0.140712516606953,"log",670.925268473863,NA,NA,NA,NA,-0.0458060713079156
2020,1,304337.006903299,230063.212228598,402589.413899115,0.142748314763809,"log",282768.365794139,NA,NA,NA,NA,-0.0708709115878687
2020,2,44421.5934769152,34954.4576672758,56452.8274422547,0.122287801204167,"log",43905.7212924752,NA,NA,NA,NA,-0.01161309498517
2020,3,5688.18118504396,4527.16378480141,7146.94822893566,0.116479129392395,"log",5771.12550447858,NA,NA,NA,NA,0.0145818701508151
2020,4,4600.1054117154,3658.58517394842,5783.92159613328,0.11684026464065,"log",4822.79444908285,NA,NA,NA,NA,0.048409550963836
2020,5,1011.1650609998,802.865510184571,1273.50691693266,0.11769157845826,"log",1034.92300169577,NA,NA,NA,NA,0.0234956107685138
2020,6,535.823481616451,410.12311726415,700.050280917614,0.136404231386907,"log",518.193085734764,NA,NA,NA,NA,-0.0329033655421376
2020,7,472.729447885551,356.738965654008,626.433197417854,0.143634734919058,"log",490.119797691937,NA,NA,NA,NA,0.0367871091681935
2021,1,154774.877353828,113640.7224237,210798.225750249,0.157620112070916,"log",132777.96421668,NA,NA,NA,NA,-0.142121987193443
2021,2,72473.0262286017,55416.1961391384,94779.8639506773,0.136911975230145,"log",71368.7193523537,NA,NA,NA,NA,-0.0152374881209558
2021,3,13343.5920906603,10353.5186791724,17197.1921236891,0.129446177311281,"log",13073.9068560408,NA,NA,NA,NA,-0.0202108422370216
2021,4,2817.45489673331,2181.32056632615,3639.10386105975,0.130565409770108,"log",2638.78540409875,NA,NA,NA,NA,-0.0634152095359962
2021,5,1908.80926715633,1485.68897143155,2452.43310574696,0.127860007022405,"log",1867.06640240079,NA,NA,NA,NA,-0.0218685363036454
2021,6,392.256483538795,298.169570900622,516.032365118517,0.139927860001982,"log",378.994067287743,NA,NA,NA,NA,-0.0338105724382266
2021,7,436.658238326351,324.323967478124,587.901099573015,0.1517415178516,"log",398.390271733214,NA,NA,NA,NA,-0.0876382562706535
2022,1,178215.75294211,103855.520749966,305817.681788801,0.275512308399496,"log",174156.731422616,NA,NA,NA,NA,-0.0227758851419423
2022,2,47606.5183906446,32137.7098392339,70520.911558918,0.200483067010696,"log",41886.8905989712,NA,NA,NA,NA,-0.120143795115195
2022,3,26555.920820294,18105.147313594,38951.1843454717,0.195440555261161,"log",25023.6538445475,NA,NA,NA,NA,-0.0576996364055827
2022,4,7519.50298114067,5114.2322729058,11055.9947351114,0.1966733832967,"log",6562.6691354604,NA,NA,NA,NA,-0.127246953432967
2022,5,1613.28129118678,1093.74093851082,2379.60967981772,0.198302776587618,"log",1341.10025444457,NA,NA,NA,NA,-0.168712696433729
2022,6,938.949393106852,633.004621574251,1392.76386422451,0.201168931280563,"log",765.810224967027,NA,NA,NA,NA,-0.184396698491845
2022,7,405.525402161018,271.083352624696,606.643123620841,0.205492126879832,"log",324.885909133093,NA,NA,NA,NA,-0.198851890900553
