"model","year","est","is_proj"
"tinyAM",1983,269098.1063,FALSE
"tinyAM",1984,730392.1012,FALSE
"tinyAM",1985,270601.2395,FALSE
"tinyAM",1986,751914.0165,FALSE
"tinyAM",1987,289977.228,FALSE
"tinyAM",1988,172926.5579,FALSE
"tinyAM",1989,288703.8832,FALSE
"tinyAM",1990,177213.8622,FALSE
"tinyAM",1991,123499.5349,FALSE
"tinyAM",1992,198579.1163,FALSE
"tinyAM",1993,143130.986,FALSE
"tinyAM",1994,410428.7519,FALSE
"tinyAM",1995,191234.1837,FALSE
"tinyAM",1996,112563.636,FALSE
"tinyAM",1997,184474.2126,FALSE
"tinyAM",1998,221238.1375,FALSE
"tinyAM",1999,100643.6618,FALSE
"tinyAM",2000,92185.2294,FALSE
"tinyAM",2001,72162.6062,FALSE
"tinyAM",2002,75192.6725,FALSE
"tinyAM",2003,30034.05144,FALSE
"tinyAM",2004,45060.5221,FALSE
"tinyAM",2005,35778.42871,FALSE
"tinyAM",2006,77542.6103,FALSE
"tinyAM",2007,55949.67916,FALSE
"tinyAM",2008,38727.9398,FALSE
"tinyAM",2009,35141.7172,FALSE
"tinyAM",2010,35823.98059,FALSE
"tinyAM",2011,27394.00326,FALSE
"tinyAM",2012,31094.6318,FALSE
"tinyAM",2013,26845.6807,FALSE
"tinyAM",2014,32884.1757,FALSE
"tinyAM",2015,32314.5321,FALSE
"tinyAM",2016,26057.018,FALSE
"tinyAM",2017,28048.7856,FALSE
"tinyAM",2018,28821.761,FALSE
"tinyAM",2019,19298.0632,FALSE
"tinyAM",2020,24279.3165,FALSE
"tinyAM",2021,11402.4481,FALSE
"tinyAM",2022,0,FALSE
