"model","year","age","est","is_proj"
"tinyAM",1983,1,1.57286162892625,FALSE
"tinyAM",1984,1,1.60120533021164,FALSE
"tinyAM",1985,1,1.58586748219676,FALSE
"tinyAM",1986,1,1.55630174743504,FALSE
"tinyAM",1987,1,1.4858512889835,FALSE
"tinyAM",1988,1,1.45407604526496,FALSE
"tinyAM",1989,1,1.45360023089217,FALSE
"tinyAM",1990,1,1.43506666949673,FALSE
"tinyAM",1991,1,1.41416505644218,FALSE
"tinyAM",1992,1,1.39136227477469,FALSE
"tinyAM",1993,1,1.36962861707702,FALSE
"tinyAM",1994,1,1.36619330883213,FALSE
"tinyAM",1995,1,1.32707047916622,FALSE
"tinyAM",1996,1,1.2997107601086,FALSE
"tinyAM",1997,1,1.29615453694459,FALSE
"tinyAM",1998,1,1.30074818344422,FALSE
"tinyAM",1999,1,1.29339342428331,FALSE
"tinyAM",2000,1,1.27848816900644,FALSE
"tinyAM",2001,1,1.26447607596445,FALSE
"tinyAM",2002,1,1.27170567910196,FALSE
"tinyAM",2003,1,1.27432631906466,FALSE
"tinyAM",2004,1,1.28413501525792,FALSE
"tinyAM",2005,1,1.29082999873629,FALSE
"tinyAM",2006,1,1.29925465918806,FALSE
"tinyAM",2007,1,1.30540128907304,FALSE
"tinyAM",2008,1,1.30320797559903,FALSE
"tinyAM",2009,1,1.3007378847758,FALSE
"tinyAM",2010,1,1.29679273110624,FALSE
"tinyAM",2011,1,1.29510456390408,FALSE
"tinyAM",2012,1,1.29286279550903,FALSE
"tinyAM",2013,1,1.28498821844764,FALSE
"tinyAM",2014,1,1.2762122584633,FALSE
"tinyAM",2015,1,1.26631473438257,FALSE
"tinyAM",2016,1,1.25710297768328,FALSE
"tinyAM",2017,1,1.24416598334531,FALSE
"tinyAM",2018,1,1.23198195949158,FALSE
"tinyAM",2019,1,1.21653278485849,FALSE
"tinyAM",2020,1,1.21468316642855,FALSE
"tinyAM",2021,1,1.20960958888002,FALSE
"tinyAM",2022,1,1.20961183356516,FALSE
"tinyAM",1983,2,1.67440690123946,FALSE
"tinyAM",1984,2,1.65420271490768,FALSE
"tinyAM",1985,2,1.67054681892121,FALSE
"tinyAM",1986,2,1.65916801862567,FALSE
"tinyAM",1987,2,1.68207764626831,FALSE
"tinyAM",1988,2,1.66154265510374,FALSE
"tinyAM",1989,2,1.67128108818442,FALSE
"tinyAM",1990,2,1.70058433604635,FALSE
"tinyAM",1991,2,1.66319333846516,FALSE
"tinyAM",1992,2,1.64369702781973,FALSE
"tinyAM",1993,2,1.6384254219098,FALSE
"tinyAM",1994,2,1.61356853767703,FALSE
"tinyAM",1995,2,1.65548768208542,FALSE
"tinyAM",1996,2,1.65790261811131,FALSE
"tinyAM",1997,2,1.6509337550232,FALSE
"tinyAM",1998,2,1.68748065679564,FALSE
"tinyAM",1999,2,1.66771707529678,FALSE
"tinyAM",2000,2,1.66714458194007,FALSE
"tinyAM",2001,2,1.65874411565053,FALSE
"tinyAM",2002,2,1.64717089324233,FALSE
"tinyAM",2003,2,1.6046968043563,FALSE
"tinyAM",2004,2,1.60822801977057,FALSE
"tinyAM",2005,2,1.62296256807448,FALSE
"tinyAM",2006,2,1.64923115817322,FALSE
"tinyAM",2007,2,1.56572427529613,FALSE
"tinyAM",2008,2,1.50423619572917,FALSE
"tinyAM",2009,2,1.44771825702189,FALSE
"tinyAM",2010,2,1.3850008620847,FALSE
"tinyAM",2011,2,1.32703204668151,FALSE
"tinyAM",2012,2,1.29786918505718,FALSE
"tinyAM",2013,2,1.27145161945517,FALSE
"tinyAM",2014,2,1.2521114430967,FALSE
"tinyAM",2015,2,1.23924833889271,FALSE
"tinyAM",2016,2,1.22918002202121,FALSE
"tinyAM",2017,2,1.22710357533314,FALSE
"tinyAM",2018,2,1.21874781504963,FALSE
"tinyAM",2019,2,1.18831934574617,FALSE
"tinyAM",2020,2,1.15658012051496,FALSE
"tinyAM",2021,2,1.11872875272992,FALSE
"tinyAM",2022,2,1.11860348227517,FALSE
"tinyAM",1983,3,1.33371366660077,FALSE
"tinyAM",1984,3,1.29547988786158,FALSE
"tinyAM",1985,3,1.27058169604917,FALSE
"tinyAM",1986,3,1.30086999284062,FALSE
"tinyAM",1987,3,1.2958954761848,FALSE
"tinyAM",1988,3,1.34013842445319,FALSE
"tinyAM",1989,3,1.33192239241583,FALSE
"tinyAM",1990,3,1.30187457902895,FALSE
"tinyAM",1991,3,1.30052622142393,FALSE
"tinyAM",1992,3,1.27129304285997,FALSE
"tinyAM",1993,3,1.28469241436154,FALSE
"tinyAM",1994,3,1.31506666343755,FALSE
"tinyAM",1995,3,1.34609185081996,FALSE
"tinyAM",1996,3,1.44108294391936,FALSE
"tinyAM",1997,3,1.47881115050609,FALSE
"tinyAM",1998,3,1.5422701053798,FALSE
"tinyAM",1999,3,1.59095710077374,FALSE
"tinyAM",2000,3,1.50591719071864,FALSE
"tinyAM",2001,3,1.41488745608387,FALSE
"tinyAM",2002,3,1.40951595423475,FALSE
"tinyAM",2003,3,1.35048334560528,FALSE
"tinyAM",2004,3,1.34428252558512,FALSE
"tinyAM",2005,3,1.30400197440902,FALSE
"tinyAM",2006,3,1.25072986533038,FALSE
"tinyAM",2007,3,1.20822692660956,FALSE
"tinyAM",2008,3,1.18138992836329,FALSE
"tinyAM",2009,3,1.12915707668659,FALSE
"tinyAM",2010,3,1.05222286092702,FALSE
"tinyAM",2011,3,0.966113858380506,FALSE
"tinyAM",2012,3,0.912629110582766,FALSE
"tinyAM",2013,3,0.889545409502761,FALSE
"tinyAM",2014,3,0.879806894975327,FALSE
"tinyAM",2015,3,0.860645488749129,FALSE
"tinyAM",2016,3,0.876732276629243,FALSE
"tinyAM",2017,3,0.910192300058333,FALSE
"tinyAM",2018,3,0.949355205993692,FALSE
"tinyAM",2019,3,0.919997067137522,FALSE
"tinyAM",2020,3,0.832889930410589,FALSE
"tinyAM",2021,3,0.763476740065938,FALSE
"tinyAM",2022,3,0.762623424245986,FALSE
"tinyAM",1983,4,1.14609932305073,FALSE
"tinyAM",1984,4,1.12273796062913,FALSE
"tinyAM",1985,4,1.12721944223971,FALSE
"tinyAM",1986,4,1.14822607858072,FALSE
"tinyAM",1987,4,1.16519204757591,FALSE
"tinyAM",1988,4,1.1650143672005,FALSE
"tinyAM",1989,4,1.18979783896485,FALSE
"tinyAM",1990,4,1.18933553578884,FALSE
"tinyAM",1991,4,1.18678782447483,FALSE
"tinyAM",1992,4,1.20442793112861,FALSE
"tinyAM",1993,4,1.18326933112345,FALSE
"tinyAM",1994,4,1.17100543714851,FALSE
"tinyAM",1995,4,1.16639324586656,FALSE
"tinyAM",1996,4,1.1974670345207,FALSE
"tinyAM",1997,4,1.28324994900893,FALSE
"tinyAM",1998,4,1.36314154244318,FALSE
"tinyAM",1999,4,1.3979563530054,FALSE
"tinyAM",2000,4,1.40990991970583,FALSE
"tinyAM",2001,4,1.27642422152809,FALSE
"tinyAM",2002,4,1.24012218544459,FALSE
"tinyAM",2003,4,1.19912648115746,FALSE
"tinyAM",2004,4,1.16777958738933,FALSE
"tinyAM",2005,4,1.12784733009173,FALSE
"tinyAM",2006,4,1.03106846629758,FALSE
"tinyAM",2007,4,0.998950298116347,FALSE
"tinyAM",2008,4,0.955696738848962,FALSE
"tinyAM",2009,4,0.935546902491202,FALSE
"tinyAM",2010,4,0.87659641309241,FALSE
"tinyAM",2011,4,0.822352773235432,FALSE
"tinyAM",2012,4,0.785977723782869,FALSE
"tinyAM",2013,4,0.768264861072057,FALSE
"tinyAM",2014,4,0.758590118795222,FALSE
"tinyAM",2015,4,0.753395846004829,FALSE
"tinyAM",2016,4,0.762916904639988,FALSE
"tinyAM",2017,4,0.818248408487493,FALSE
"tinyAM",2018,4,0.844560163539002,FALSE
"tinyAM",2019,4,0.827820105718867,FALSE
"tinyAM",2020,4,0.781637181624355,FALSE
"tinyAM",2021,4,0.736186692243039,FALSE
"tinyAM",2022,4,0.734977849371819,FALSE
"tinyAM",1983,5,1.05409928514778,FALSE
"tinyAM",1984,5,1.03118016970553,FALSE
"tinyAM",1985,5,0.998969518517548,FALSE
"tinyAM",1986,5,1.01149917331766,FALSE
"tinyAM",1987,5,0.997745228034037,FALSE
"tinyAM",1988,5,1.01449385716394,FALSE
"tinyAM",1989,5,1.03885193795088,FALSE
"tinyAM",1990,5,1.05605784828809,FALSE
"tinyAM",1991,5,1.08917477876203,FALSE
"tinyAM",1992,5,1.09554938673138,FALSE
"tinyAM",1993,5,1.11688155102576,FALSE
"tinyAM",1994,5,1.11194900185286,FALSE
"tinyAM",1995,5,1.09846453511591,FALSE
"tinyAM",1996,5,1.1408166479398,FALSE
"tinyAM",1997,5,1.1940548962528,FALSE
"tinyAM",1998,5,1.2939559026403,FALSE
"tinyAM",1999,5,1.30884099832506,FALSE
"tinyAM",2000,5,1.31683985132792,FALSE
"tinyAM",2001,5,1.22334170573115,FALSE
"tinyAM",2002,5,1.09789113594456,FALSE
"tinyAM",2003,5,1.02493871471824,FALSE
"tinyAM",2004,5,1.02665870570275,FALSE
"tinyAM",2005,5,1.03661542250698,FALSE
"tinyAM",2006,5,1.02572168532946,FALSE
"tinyAM",2007,5,0.984894187160448,FALSE
"tinyAM",2008,5,0.994307180069941,FALSE
"tinyAM",2009,5,0.981528249713431,FALSE
"tinyAM",2010,5,0.94450421817347,FALSE
"tinyAM",2011,5,0.899067115680791,FALSE
"tinyAM",2012,5,0.875565460891918,FALSE
"tinyAM",2013,5,0.861014565362085,FALSE
"tinyAM",2014,5,0.850361603001164,FALSE
"tinyAM",2015,5,0.85712624779474,FALSE
"tinyAM",2016,5,0.890276998315605,FALSE
"tinyAM",2017,5,0.950124389234253,FALSE
"tinyAM",2018,5,1.03291733798979,FALSE
"tinyAM",2019,5,1.04786791581503,FALSE
"tinyAM",2020,5,0.975116472340791,FALSE
"tinyAM",2021,5,0.918587572369858,FALSE
"tinyAM",2022,5,0.916860988888828,FALSE
"tinyAM",1983,6,1.07785636297632,FALSE
"tinyAM",1984,6,1.0865789483493,FALSE
"tinyAM",1985,6,1.05889907043843,FALSE
"tinyAM",1986,6,1.03698032623409,FALSE
"tinyAM",1987,6,1.04341866293506,FALSE
"tinyAM",1988,6,1.02941899242121,FALSE
"tinyAM",1989,6,1.03888870501693,FALSE
"tinyAM",1990,6,1.04805007173847,FALSE
"tinyAM",1991,6,1.09140528730138,FALSE
"tinyAM",1992,6,1.12294282554465,FALSE
"tinyAM",1993,6,1.1484753734043,FALSE
"tinyAM",1994,6,1.15619898669547,FALSE
"tinyAM",1995,6,1.14939167208185,FALSE
"tinyAM",1996,6,1.1737873720647,FALSE
"tinyAM",1997,6,1.1969576299842,FALSE
"tinyAM",1998,6,1.21026402277162,FALSE
"tinyAM",1999,6,1.22999702727155,FALSE
"tinyAM",2000,6,1.16508959129362,FALSE
"tinyAM",2001,6,1.08268842266474,FALSE
"tinyAM",2002,6,1.04336794743847,FALSE
"tinyAM",2003,6,0.933758205191098,FALSE
"tinyAM",2004,6,0.942821497944277,FALSE
"tinyAM",2005,6,0.96755487526132,FALSE
"tinyAM",2006,6,0.987383374060256,FALSE
"tinyAM",2007,6,0.979529462874223,FALSE
"tinyAM",2008,6,1.00448794162805,FALSE
"tinyAM",2009,6,1.02901223621839,FALSE
"tinyAM",2010,6,0.986521890878839,FALSE
"tinyAM",2011,6,0.943861351031522,FALSE
"tinyAM",2012,6,0.91856973870224,FALSE
"tinyAM",2013,6,0.872998475142803,FALSE
"tinyAM",2014,6,0.85164115769438,FALSE
"tinyAM",2015,6,0.847720248743613,FALSE
"tinyAM",2016,6,0.846035346039765,FALSE
"tinyAM",2017,6,0.90526354824688,FALSE
"tinyAM",2018,6,0.979139614941323,FALSE
"tinyAM",2019,6,1.02090259567663,FALSE
"tinyAM",2020,6,0.996809559971103,FALSE
"tinyAM",2021,6,0.936345211679166,FALSE
"tinyAM",2022,6,0.935506800026239,FALSE
"tinyAM",1983,7,1.73666589131223,FALSE
"tinyAM",1984,7,1.71920821459865,FALSE
"tinyAM",1985,7,1.68433681844632,FALSE
"tinyAM",1986,7,1.59717061894792,FALSE
"tinyAM",1987,7,1.50092637211086,FALSE
"tinyAM",1988,7,1.37910476419605,FALSE
"tinyAM",1989,7,1.29719141013903,FALSE
"tinyAM",1990,7,1.21999599094839,FALSE
"tinyAM",1991,7,1.21774480289071,FALSE
"tinyAM",1992,7,1.19026149009328,FALSE
"tinyAM",1993,7,1.16343257332806,FALSE
"tinyAM",1994,7,1.14480564937613,FALSE
"tinyAM",1995,7,1.11910271346041,FALSE
"tinyAM",1996,7,1.15982051271378,FALSE
"tinyAM",1997,7,1.13780421893121,FALSE
"tinyAM",1998,7,1.1108708179854,FALSE
"tinyAM",1999,7,1.08716616822032,FALSE
"tinyAM",2000,7,0.991998746074067,FALSE
"tinyAM",2001,7,0.926020187364619,FALSE
"tinyAM",2002,7,0.899366468355062,FALSE
"tinyAM",2003,7,0.821027021571236,FALSE
"tinyAM",2004,7,0.785779416361357,FALSE
"tinyAM",2005,7,0.77786285129206,FALSE
"tinyAM",2006,7,0.782027499333726,FALSE
"tinyAM",2007,7,0.772949015080777,FALSE
"tinyAM",2008,7,0.794486613699836,FALSE
"tinyAM",2009,7,0.802455007405214,FALSE
"tinyAM",2010,7,0.818938572568229,FALSE
"tinyAM",2011,7,0.792579275494021,FALSE
"tinyAM",2012,7,0.775182408980085,FALSE
"tinyAM",2013,7,0.758480214538747,FALSE
"tinyAM",2014,7,0.740688658455116,FALSE
"tinyAM",2015,7,0.758257542338439,FALSE
"tinyAM",2016,7,0.781830892598287,FALSE
"tinyAM",2017,7,0.843638123630348,FALSE
"tinyAM",2018,7,0.967975732301993,FALSE
"tinyAM",2019,7,1.01778347972208,FALSE
"tinyAM",2020,7,0.971140142055827,FALSE
"tinyAM",2021,7,0.947236737110128,FALSE
"tinyAM",2022,7,0.945053984944282,FALSE
