"model","year","age","est","lwr","upr","se","se_scale","is_proj"
"SAM",1983,1,0.363681704820081,0.291086161062694,0.454382241800748,0.113603994802719,"log",FALSE
"SAM",1984,1,0.390184740413314,0.309830460981742,0.49137883721632,0.117652709099183,"log",FALSE
"SAM",1985,1,0.370507239021542,0.294151562496205,0.466683273760061,0.117745954357402,"log",FALSE
"SAM",1986,1,0.363776802436552,0.289659227215821,0.456859473329887,0.116244659480716,"log",FALSE
"SAM",1987,1,0.295239196087646,0.235590775286341,0.369989796079818,0.11514985320586,"log",FALSE
"SAM",1988,1,0.271932569471969,0.216781624421005,0.341114347385902,0.115646829854711,"log",FALSE
"SAM",1989,1,0.29580415025187,0.235887479200831,0.370939973595355,0.115483077385017,"log",FALSE
"SAM",1990,1,0.275403069777309,0.219012320148849,0.346313169922207,0.116893856229663,"log",FALSE
"SAM",1991,1,0.262182467013059,0.209024461038526,0.328859338603362,0.11560896962917,"log",FALSE
"SAM",1992,1,0.238656009991756,0.190863798140275,0.298415370856892,0.114013907019213,"log",FALSE
"SAM",1993,1,0.222818700133173,0.177820147707399,0.279204430820362,0.115096912665751,"log",FALSE
"SAM",1994,1,0.227090622601113,0.181269123436076,0.284494953667865,0.114984949375441,"log",FALSE
"SAM",1995,1,0.179693780921891,0.142068765747973,0.227283278854454,0.119871069426026,"log",FALSE
"SAM",1996,1,0.168593256348097,0.132943608931539,0.213802576253907,0.121208350454885,"log",FALSE
"SAM",1997,1,0.16955659456069,0.13462720477677,0.213548508317383,0.117694637049419,"log",FALSE
"SAM",1998,1,0.199953784355262,0.159917161187464,0.250013917087497,0.113997157500618,"log",FALSE
"SAM",1999,1,0.196234859955877,0.156763476387699,0.24564471998992,0.114580706152562,"log",FALSE
"SAM",2000,1,0.17539187754202,0.139656884526152,0.220270635508516,0.116244065123504,"log",FALSE
"SAM",2001,1,0.133338087805526,0.104870839255212,0.169532787054057,0.122532060594267,"log",FALSE
"SAM",2002,1,0.1525654766044,0.120918772965645,0.192494714266913,0.118611789883314,"log",FALSE
"SAM",2003,1,0.11461869395041,0.0899858042069348,0.145994639028689,0.12345073149668,"log",FALSE
"SAM",2004,1,0.127990819186158,0.10141155464116,0.161536324474164,0.118763151932271,"log",FALSE
"SAM",2005,1,0.128659215708969,0.101924674811826,0.162406147651761,0.118845608248257,"log",FALSE
"SAM",2006,1,0.133350795192775,0.105894060983392,0.167926646814821,0.117626673734784,"log",FALSE
"SAM",2007,1,0.112114182379169,0.0887390340728059,0.141646683693185,0.119297078092718,"log",FALSE
"SAM",2008,1,0.103601456279869,0.0817957163895965,0.131220340343822,0.120576966201437,"log",FALSE
"SAM",2009,1,0.100193138435178,0.0791223188085854,0.126875262765953,0.120463801938614,"log",FALSE
"SAM",2010,1,0.0855309210526642,0.0674205381726778,0.108506082187901,0.121394204187166,"log",FALSE
"SAM",2011,1,0.0711929000212674,0.0559754870213391,0.0905472963818247,0.122695740023435,"log",FALSE
"SAM",2012,1,0.0706576943792201,0.055503673181313,0.0899491779341939,0.123164410930955,"log",FALSE
"SAM",2013,1,0.0648101637794615,0.050832032213227,0.082632095280024,0.123949077726487,"log",FALSE
"SAM",2014,1,0.0622923521190863,0.0488565402674324,0.0794230846328439,0.123956566052945,"log",FALSE
"SAM",2015,1,0.0584274247473551,0.0457531511138796,0.0746126524512156,0.124759800290748,"log",FALSE
"SAM",2016,1,0.0573495800152142,0.0447108017270354,0.0735610680390171,0.127017843452047,"log",FALSE
"SAM",2017,1,0.0619302279602426,0.0480824404631743,0.0797661911138862,0.129130611862906,"log",FALSE
"SAM",2018,1,0.0786248860072456,0.0610685530620156,0.101228412819518,0.128926456473718,"log",FALSE
"SAM",2019,1,0.0748398730824702,0.0578381526846487,0.0968393066344745,0.131483113269266,"log",FALSE
"SAM",2020,1,0.0574207954892793,0.0437407735485786,0.075379274007576,0.138842259536212,"log",FALSE
"SAM",2021,1,0.0347297820306136,0.0251281074055947,0.0480003424223418,0.165110459482941,"log",FALSE
"SAM",2022,1,0.0347220334195945,0.0217067537161472,0.0555412209746776,0.239673287229872,"log",FALSE
"SAM",1983,2,0.975758556993186,0.802615945281386,1.18625198906512,0.0996645104456585,"log",FALSE
"SAM",1984,2,1.02357406878521,0.849951225109238,1.23266352625688,0.0948368472429163,"log",FALSE
"SAM",1985,2,0.987099764674966,0.81620502489188,1.19377597013746,0.0969944014907343,"log",FALSE
"SAM",1986,2,1.01179701836726,0.83890132993736,1.22032612161113,0.0956089812292571,"log",FALSE
"SAM",1987,2,0.891924779112458,0.732742082883914,1.08568871664062,0.1003018562356,"log",FALSE
"SAM",1988,2,0.86087397996196,0.709245407516999,1.04491901043121,0.0988520870613224,"log",FALSE
"SAM",1989,2,0.950683921241637,0.786036707998404,1.14981897017106,0.097031450857468,"log",FALSE
"SAM",1990,2,0.908721417549485,0.747070046266984,1.10535098929403,0.0999404206241437,"log",FALSE
"SAM",1991,2,0.895434254945274,0.738915849263238,1.08510665420002,0.0980246370860939,"log",FALSE
"SAM",1992,2,0.845839434416136,0.700651975356103,1.02111229822736,0.0960825067769441,"log",FALSE
"SAM",1993,2,0.824010221478926,0.680261529757654,0.998135004552798,0.0978107808295445,"log",FALSE
"SAM",1994,2,0.856248469085035,0.710252400880438,1.03225478703293,0.0953794059786002,"log",FALSE
"SAM",1995,2,0.730764936821372,0.596230710982291,0.895655629693661,0.103810148890812,"log",FALSE
"SAM",1996,2,0.741594654414138,0.607950166240198,0.904617947317638,0.101384460340794,"log",FALSE
"SAM",1997,2,0.766458922485626,0.635096099898517,0.924992737243542,0.0959225687190846,"log",FALSE
"SAM",1998,2,0.919879302549066,0.765732402393233,1.10505697370713,0.0935780991029711,"log",FALSE
"SAM",1999,2,0.927037082775573,0.773717358400548,1.1107386224572,0.0922399249742045,"log",FALSE
"SAM",2000,2,0.857302857899426,0.711875991413239,1.03243851320711,0.0948423154052551,"log",FALSE
"SAM",2001,2,0.666337291240565,0.54762280578291,0.81078687923349,0.100108597838892,"log",FALSE
"SAM",2002,2,0.765920363468108,0.629982991817881,0.931190223854022,0.0996882492890657,"log",FALSE
"SAM",2003,2,0.56597528163602,0.459921316267796,0.696484394379442,0.105866732044394,"log",FALSE
"SAM",2004,2,0.640223557338677,0.525449004466096,0.780068474557052,0.100799954275221,"log",FALSE
"SAM",2005,2,0.652567158212824,0.534959246626653,0.79603053627589,0.101391398243607,"log",FALSE
"SAM",2006,2,0.675081153700588,0.550423855795828,0.827970225641465,0.104157160350101,"log",FALSE
"SAM",2007,2,0.550636211152891,0.449171197525071,0.675021547916343,0.103915305356778,"log",FALSE
"SAM",2008,2,0.509536456715541,0.415530965715523,0.624808791987772,0.104055109026879,"log",FALSE
"SAM",2009,2,0.490023156938115,0.399291680346805,0.601371644225187,0.104471547642542,"log",FALSE
"SAM",2010,2,0.408844650052366,0.332125086080248,0.503286125866607,0.106034393257146,"log",FALSE
"SAM",2011,2,0.325202588985178,0.262448919837814,0.402961170303224,0.109385615521389,"log",FALSE
"SAM",2012,2,0.314219319678023,0.253110106473909,0.390082333077827,0.110342137203183,"log",FALSE
"SAM",2013,2,0.286343700913366,0.229958895755846,0.356553786637667,0.111885863017263,"log",FALSE
"SAM",2014,2,0.275388862416943,0.221500557866965,0.342387514837987,0.111103590498399,"log",FALSE
"SAM",2015,2,0.258333280320006,0.207272789785849,0.321972236634851,0.112356546579887,"log",FALSE
"SAM",2016,2,0.251468696932058,0.200781398963463,0.31495201180571,0.114849950921239,"log",FALSE
"SAM",2017,2,0.276850624995804,0.219632213363955,0.348975532262,0.118126512858249,"log",FALSE
"SAM",2018,2,0.356881877842271,0.283647828793159,0.449023971994167,0.117181450900874,"log",FALSE
"SAM",2019,2,0.336697729931944,0.266832361030216,0.424856119039051,0.118657784513967,"log",FALSE
"SAM",2020,2,0.247079810295832,0.193257655236203,0.315891407153883,0.1253528662639,"log",FALSE
"SAM",2021,2,0.144017472061824,0.106377417406283,0.194975895869543,0.154564735071208,"log",FALSE
"SAM",2022,2,0.143980982906531,0.0913313703726283,0.226981412346612,0.23224248306487,"log",FALSE
"SAM",1983,3,1.07926095962683,0.896674258974571,1.29902716322723,0.0945625223477283,"log",FALSE
"SAM",1984,3,1.10739735308892,0.924606538961087,1.32632514042815,0.0920422680575966,"log",FALSE
"SAM",1985,3,1.06255679777141,0.886553131471907,1.27350173205722,0.0923957275886288,"log",FALSE
"SAM",1986,3,1.11345664798113,0.928124758534397,1.33579639540175,0.0928886410355978,"log",FALSE
"SAM",1987,3,1.02226914178369,0.850617737811847,1.22855914212586,0.0937860337089954,"log",FALSE
"SAM",1988,3,1.01077595868951,0.838594883837377,1.2183094106055,0.0952802492216494,"log",FALSE
"SAM",1989,3,1.11060412530209,0.924473029846745,1.33421039155949,0.0935912736243501,"log",FALSE
"SAM",1990,3,1.0562800258586,0.879237985522254,1.26897098555759,0.0936001884542359,"log",FALSE
"SAM",1991,3,1.07118108992047,0.891709531704648,1.28677432124081,0.0935612593127755,"log",FALSE
"SAM",1992,3,1.03628591932742,0.868741464463048,1.2361428002749,0.0899775701433628,"log",FALSE
"SAM",1993,3,1.03657798518055,0.867983567332656,1.23791965631667,0.0905666566158881,"log",FALSE
"SAM",1994,3,1.08639690726644,0.9106018110206,1.29612990643544,0.0900609397419388,"log",FALSE
"SAM",1995,3,0.958080023299687,0.795111647843966,1.15445086678703,0.095128668305925,"log",FALSE
"SAM",1996,3,1.03464542135485,0.86009590912089,1.24461834613852,0.0942722188439485,"log",FALSE
"SAM",1997,3,1.0990797074193,0.923384209284719,1.30820539393524,0.0888705461263713,"log",FALSE
"SAM",1998,3,1.33272987414983,1.12875919354826,1.5735587604545,0.0847517639678649,"log",FALSE
"SAM",1999,3,1.38099475585393,1.16929316619321,1.63102511058456,0.084901887783883,"log",FALSE
"SAM",2000,3,1.28999883263596,1.09050736489173,1.52598418110395,0.0857149694814952,"log",FALSE
"SAM",2001,3,0.994529052022251,0.830951779324958,1.19030737995384,0.0916841054690212,"log",FALSE
"SAM",2002,3,1.1418431373688,0.953383068016369,1.36755706504098,0.0920334462014177,"log",FALSE
"SAM",2003,3,0.838556758437389,0.69054748513861,1.01828976609751,0.0990821929661623,"log",FALSE
"SAM",2004,3,0.953490618181702,0.792261769850454,1.14753026532144,0.0945107830611783,"log",FALSE
"SAM",2005,3,0.977739959842086,0.81469606046502,1.17341359000354,0.0930775435911784,"log",FALSE
"SAM",2006,3,0.986178610226148,0.82230731819269,1.18270654991262,0.0927176694597522,"log",FALSE
"SAM",2007,3,0.828758904808227,0.686224775916861,1.00089846126766,0.0962895502441429,"log",FALSE
"SAM",2008,3,0.809422438033646,0.668266623370443,0.980394142517502,0.0977741043687726,"log",FALSE
"SAM",2009,3,0.812904391099542,0.670679050217282,0.98529027983628,0.0981256783829106,"log",FALSE
"SAM",2010,3,0.697614734666452,0.572877890794411,0.849511433141334,0.100509196563492,"log",FALSE
"SAM",2011,3,0.558560666175316,0.454204034872905,0.686893981215984,0.105520675149729,"log",FALSE
"SAM",2012,3,0.540356257142826,0.4373408395793,0.667636905152234,0.10791821420487,"log",FALSE
"SAM",2013,3,0.503023854920726,0.406098924431746,0.623082168891181,0.109206500627071,"log",FALSE
"SAM",2014,3,0.493150310968317,0.398824107793746,0.609785678587712,0.108315016271925,"log",FALSE
"SAM",2015,3,0.470521647206464,0.379503332402428,0.583369371458167,0.109684969097389,"log",FALSE
"SAM",2016,3,0.46412845420557,0.371301807235723,0.580162061711954,0.11385215654095,"log",FALSE
"SAM",2017,3,0.532482510094971,0.422955410123039,0.670372376782127,0.117493634525617,"log",FALSE
"SAM",2018,3,0.719562256972416,0.57657409933969,0.898010927393726,0.113032273998524,"log",FALSE
"SAM",2019,3,0.699335715800899,0.56003433857356,0.8732865285376,0.113335147009585,"log",FALSE
"SAM",2020,3,0.50871834463517,0.402822532564909,0.642452527470387,0.119083011576417,"log",FALSE
"SAM",2021,3,0.301115916142417,0.226224255560229,0.400800500944282,0.145904979789319,"log",FALSE
"SAM",2022,3,0.301036514301241,0.193229948660235,0.468990358746033,0.226203464617234,"log",FALSE
"SAM",1983,4,0.926513231196199,0.765809254784946,1.12094070712515,0.0971932157292615,"log",FALSE
"SAM",1984,4,0.94913468212016,0.787470891817869,1.14398723072001,0.0952692512769212,"log",FALSE
"SAM",1985,4,0.913896121857046,0.758055617344996,1.10177420025006,0.0953895875016454,"log",FALSE
"SAM",1986,4,0.96718334649958,0.802084598436586,1.16626553803612,0.0954986906550821,"log",FALSE
"SAM",1987,4,0.911810335693941,0.754962719663154,1.10124389804207,0.0963097457847878,"log",FALSE
"SAM",1988,4,0.903376525969287,0.74774415140303,1.09140157919132,0.0964704272092405,"log",FALSE
"SAM",1989,4,0.992511340467636,0.821925537996396,1.19850122111814,0.0962204589337298,"log",FALSE
"SAM",1990,4,0.944995660439219,0.78300372247905,1.14050134451672,0.0959420105344781,"log",FALSE
"SAM",1991,4,0.984672064540706,0.81915601406418,1.18363176005553,0.0938966729571366,"log",FALSE
"SAM",1992,4,0.972055155413142,0.812320562137996,1.16319993510733,0.0915922462374095,"log",FALSE
"SAM",1993,4,0.977938573381731,0.818690664969112,1.16816264583153,0.0906856182075346,"log",FALSE
"SAM",1994,4,1.00619169933436,0.841633118219166,1.20292525792186,0.0911158047840973,"log",FALSE
"SAM",1995,4,0.884639146284267,0.735645164568656,1.06380964197247,0.0940996517710361,"log",FALSE
"SAM",1996,4,0.974749219956772,0.814003529838697,1.16723823297746,0.0919483861081436,"log",FALSE
"SAM",1997,4,1.04866815354956,0.880833455974531,1.24848220604014,0.0889851272241826,"log",FALSE
"SAM",1998,4,1.27316246375583,1.07609392675575,1.50632079488051,0.0858006499359333,"log",FALSE
"SAM",1999,4,1.33440263020617,1.13059747696432,1.57494635870068,0.0845614977310494,"log",FALSE
"SAM",2000,4,1.25558221477648,1.05492377339315,1.49440816277394,0.0888439129128049,"log",FALSE
"SAM",2001,4,0.957376617080076,0.797995712603378,1.14859011452765,0.0929066197051275,"log",FALSE
"SAM",2002,4,1.07567430412339,0.896213706523066,1.29107064546056,0.0931262557506297,"log",FALSE
"SAM",2003,4,0.775075516367143,0.634458415639449,0.946858046585018,0.102138978287234,"log",FALSE
"SAM",2004,4,0.878005098687842,0.725898795904857,1.06198406399187,0.097063924007137,"log",FALSE
"SAM",2005,4,0.906398212261854,0.750725478082301,1.09435172133777,0.0961439576161445,"log",FALSE
"SAM",2006,4,0.897425748363475,0.746305891952001,1.07914594070703,0.0940807217763966,"log",FALSE
"SAM",2007,4,0.761045568349157,0.629443936703629,0.920161945060727,0.0968673137136009,"log",FALSE
"SAM",2008,4,0.763057081756781,0.629233865753388,0.925341342399035,0.0983843830923474,"log",FALSE
"SAM",2009,4,0.784735454336039,0.64641782577147,0.952649677562728,0.0989306833410852,"log",FALSE
"SAM",2010,4,0.684685545528126,0.561683436048856,0.834623679759664,0.101033114211459,"log",FALSE
"SAM",2011,4,0.550719911889827,0.445540843855393,0.680728659414168,0.108133328501534,"log",FALSE
"SAM",2012,4,0.530358260080795,0.425715041119215,0.660723387401198,0.11213600732106,"log",FALSE
"SAM",2013,4,0.491951219449755,0.393140010098024,0.615597487159237,0.114396875488721,"log",FALSE
"SAM",2014,4,0.479409869915298,0.384655472590932,0.597505663507415,0.11235300971051,"log",FALSE
"SAM",2015,4,0.462298656739111,0.369497271594014,0.578407648589112,0.114322391044281,"log",FALSE
"SAM",2016,4,0.45437542157223,0.360032275821039,0.573440320754924,0.118742025588281,"log",FALSE
"SAM",2017,4,0.533598461602844,0.418534025143818,0.680296704974185,0.123923410951248,"log",FALSE
"SAM",2018,4,0.74373275680007,0.593719966672338,0.931648663658128,0.114937826720659,"log",FALSE
"SAM",2019,4,0.750915505543368,0.603479729686729,0.934371228604752,0.111522806463719,"log",FALSE
"SAM",2020,4,0.558331960374713,0.441737313806605,0.705701257812125,0.119511534730292,"log",FALSE
"SAM",2021,4,0.344387052807607,0.259574822087177,0.456910424469741,0.144248153442775,"log",FALSE
"SAM",2022,4,0.344384856024588,0.2215949077726,0.535215047363743,0.224957615429158,"log",FALSE
"SAM",1983,5,0.859008032064523,0.704758777718864,1.04701753632605,0.100982818554772,"log",FALSE
"SAM",1984,5,0.8744699494147,0.719220318451508,1.06323149223002,0.0997213204055633,"log",FALSE
"SAM",1985,5,0.830423503217313,0.682939941246753,1.00975671951006,0.0997614727061239,"log",FALSE
"SAM",1986,5,0.866454769006377,0.711666790736235,1.05490923070505,0.100410057719375,"log",FALSE
"SAM",1987,5,0.817135806511813,0.670882446173892,0.99527261458655,0.100619898533695,"log",FALSE
"SAM",1988,5,0.800513259706753,0.656476857169807,0.976152429392608,0.101208826723005,"log",FALSE
"SAM",1989,5,0.872117242787932,0.715766129231116,1.0626215101643,0.100803071238141,"log",FALSE
"SAM",1990,5,0.830183370466875,0.68027649977726,1.01312397065811,0.101607617992241,"log",FALSE
"SAM",1991,5,0.890228356435615,0.733335504179852,1.08068751899361,0.0989174804689903,"log",FALSE
"SAM",1992,5,0.890716335736516,0.738919630029723,1.07369673034126,0.0953266754281172,"log",FALSE
"SAM",1993,5,0.911261643984298,0.756183685698923,1.09814295058409,0.0951781489758848,"log",FALSE
"SAM",1994,5,0.933033240366871,0.773444882161727,1.12555018167083,0.0957091147238015,"log",FALSE
"SAM",1995,5,0.821744823031221,0.677848323249866,0.99618827843541,0.0982193362832605,"log",FALSE
"SAM",1996,5,0.923794874683206,0.766813530833622,1.11291329140112,0.0950254160327895,"log",FALSE
"SAM",1997,5,0.987729684399668,0.824510480962115,1.18325958489434,0.0921543503514806,"log",FALSE
"SAM",1998,5,1.18511333615745,0.99315075285545,1.41417968571249,0.0901604440846256,"log",FALSE
"SAM",1999,5,1.24605758573747,1.04548968339169,1.48510265728964,0.0895420859554454,"log",FALSE
"SAM",2000,5,1.15362800336414,0.960256028227927,1.38594034405796,0.0936073812929897,"log",FALSE
"SAM",2001,5,0.874060756449073,0.716777546039108,1.06585677827949,0.101218366410009,"log",FALSE
"SAM",2002,5,0.953563517043003,0.785002173315132,1.15831957151843,0.0992464926122374,"log",FALSE
"SAM",2003,5,0.668787008359807,0.536310682478944,0.833986860905798,0.112630646983225,"log",FALSE
"SAM",2004,5,0.768669020352787,0.625120874681293,0.945180503132853,0.105469001112777,"log",FALSE
"SAM",2005,5,0.82710882792141,0.677632578527904,1.00955744293123,0.101701388434656,"log",FALSE
"SAM",2006,5,0.849562371513994,0.696876808517329,1.03570130942955,0.101079770645461,"log",FALSE
"SAM",2007,5,0.735988502794993,0.602660306193888,0.898813262926507,0.101971669191062,"log",FALSE
"SAM",2008,5,0.777295789509229,0.635177517400553,0.951212421468256,0.10302048721946,"log",FALSE
"SAM",2009,5,0.822265048635445,0.670453617335503,1.00845128242348,0.104138782239002,"log",FALSE
"SAM",2010,5,0.740611595874997,0.601429226218804,0.912003461143671,0.106209839088735,"log",FALSE
"SAM",2011,5,0.605679797873139,0.484902935762385,0.756539073072165,0.113472861425394,"log",FALSE
"SAM",2012,5,0.58693268181336,0.464681462419186,0.741346493977116,0.119164428301415,"log",FALSE
"SAM",2013,5,0.542715422039078,0.426672219993904,0.690319208790445,0.122741548333036,"log",FALSE
"SAM",2014,5,0.525988059351996,0.415136194253253,0.666440176526985,0.120753171068389,"log",FALSE
"SAM",2015,5,0.517751051553148,0.408049878818748,0.656944568052336,0.121484432478679,"log",FALSE
"SAM",2016,5,0.511349494294078,0.398721382566775,0.655792031095848,0.126936217494588,"log",FALSE
"SAM",2017,5,0.612583175092877,0.473932760861362,0.791796173205767,0.130930606064058,"log",FALSE
"SAM",2018,5,0.895016859850115,0.709814201606936,1.12854205734749,0.118287534789386,"log",FALSE
"SAM",2019,5,0.949640690920981,0.762710338608738,1.18238523355785,0.111841528897085,"log",FALSE
"SAM",2020,5,0.724930173609629,0.575424479045416,0.913280153603284,0.117842647571625,"log",FALSE
"SAM",2021,5,0.464026924527024,0.350494190867823,0.614335393556377,0.143165102655081,"log",FALSE
"SAM",2022,5,0.464211395814588,0.299039124421946,0.720615472710077,0.224374340871292,"log",FALSE
"SAM",1983,6,0.906567536879485,0.727063514159814,1.13038913783684,0.112579462486001,"log",FALSE
"SAM",1984,6,0.931725260377543,0.74969925085235,1.15794694984505,0.110902986327601,"log",FALSE
"SAM",1985,6,0.886999010419528,0.714812457384408,1.10066246937568,0.110116133479487,"log",FALSE
"SAM",1986,6,0.909775206489105,0.731165307799163,1.13201613576782,0.111511217266494,"log",FALSE
"SAM",1987,6,0.858917391259758,0.689034657817836,1.07068501800023,0.112441442408429,"log",FALSE
"SAM",1988,6,0.820582159916028,0.656718432809526,1.02533300046377,0.11365447507705,"log",FALSE
"SAM",1989,6,0.876540721839703,0.701891590626263,1.09464716104909,0.11337157307077,"log",FALSE
"SAM",1990,6,0.826287310331198,0.659629740989723,1.03505144899918,0.114932656440157,"log",FALSE
"SAM",1991,6,0.898729881855507,0.723912865136596,1.11576329063803,0.11036503363624,"log",FALSE
"SAM",1992,6,0.904694164944725,0.734196907245779,1.11478477232409,0.106542615224093,"log",FALSE
"SAM",1993,6,0.929629400941853,0.755385288056583,1.14406626228968,0.105898924860212,"log",FALSE
"SAM",1994,6,0.947950586287498,0.769296395125586,1.16809375389848,0.106545861982921,"log",FALSE
"SAM",1995,6,0.835573506616494,0.675710598929762,1.03325756035974,0.108345586320947,"log",FALSE
"SAM",1996,6,0.940865726922012,0.763822021690464,1.15894578967143,0.106361970435494,"log",FALSE
"SAM",1997,6,0.979811984442667,0.799252438501711,1.20116183399723,0.103922247211135,"log",FALSE
"SAM",1998,6,1.12368483922167,0.920788419502714,1.37128963739418,0.101603049743756,"log",FALSE
"SAM",1999,6,1.16710563877893,0.951915005211225,1.43094243142783,0.103984767522999,"log",FALSE
"SAM",2000,6,1.03042325679448,0.83453043460538,1.2722988211269,0.107581422159151,"log",FALSE
"SAM",2001,6,0.773460509084943,0.613168657991378,0.975655150205593,0.118489208081045,"log",FALSE
"SAM",2002,6,0.838229882631235,0.663726110657934,1.05861337207222,0.119095456457346,"log",FALSE
"SAM",2003,6,0.569872538909331,0.43633409847502,0.744279926180373,0.136229283379006,"log",FALSE
"SAM",2004,6,0.649013441463695,0.503793100632717,0.83609411615907,0.129230822788593,"log",FALSE
"SAM",2005,6,0.71189564276974,0.560399211333348,0.904347108177994,0.122084857823757,"log",FALSE
"SAM",2006,6,0.751800320185698,0.593987069345223,0.951542130461469,0.120213028675007,"log",FALSE
"SAM",2007,6,0.66692385877166,0.525414518228396,0.846545761427805,0.121679978270505,"log",FALSE
"SAM",2008,6,0.731410138483178,0.577289791221542,0.926676339701086,0.120731804761107,"log",FALSE
"SAM",2009,6,0.788899151006827,0.618521515553215,1.00620892694839,0.124138258637551,"log",FALSE
"SAM",2010,6,0.728683580661532,0.569184411670936,0.932878254987574,0.126040638778271,"log",FALSE
"SAM",2011,6,0.60385344446147,0.467756820018771,0.779548189961931,0.130299833752363,"log",FALSE
"SAM",2012,6,0.583748607429738,0.448035981925883,0.760569352513586,0.135000887526211,"log",FALSE
"SAM",2013,6,0.530994090743938,0.40512649204009,0.695967136054584,0.138039040718998,"log",FALSE
"SAM",2014,6,0.505520140519126,0.38658655755454,0.661043710591058,0.136855619450586,"log",FALSE
"SAM",2015,6,0.500884757373442,0.383822360412537,0.653650141433649,0.135816886973673,"log",FALSE
"SAM",2016,6,0.489538196633253,0.370473987975805,0.646867671526209,0.142185906824165,"log",FALSE
"SAM",2017,6,0.592749155036023,0.44602393211794,0.787741498819423,0.145104038468066,"log",FALSE
"SAM",2018,6,0.892619943655457,0.691433645763599,1.15234537499479,0.130305305478231,"log",FALSE
"SAM",2019,6,0.984675045630888,0.772114929336948,1.25575210198412,0.124072827156507,"log",FALSE
"SAM",2020,6,0.771826605690537,0.598472838040295,0.995394061996956,0.129787476810476,"log",FALSE
"SAM",2021,6,0.510402238784788,0.376751584404495,0.691464763892881,0.15490747676931,"log",FALSE
"SAM",2022,6,0.510761072417318,0.323945510148711,0.805310970283644,0.23231375305905,"log",FALSE
"SAM",1983,7,1.1434217998172,0.789093667502475,1.65685452328522,0.189235923121406,"log",FALSE
"SAM",1984,7,1.1762085039086,0.826328860329763,1.67423227129548,0.18013523946944,"log",FALSE
"SAM",1985,7,1.12112465609738,0.798108848459691,1.57487352374963,0.173392282023774,"log",FALSE
"SAM",1986,7,1.12392410148413,0.815366806245136,1.54924799025621,0.163749652714357,"log",FALSE
"SAM",1987,7,1.03735322665171,0.75003214318423,1.43474079960917,0.165468198995964,"log",FALSE
"SAM",1988,7,0.953589670355935,0.696035527545741,1.30644661575811,0.160631910646732,"log",FALSE
"SAM",1989,7,0.978072966538992,0.721001117594385,1.32680339118775,0.155586322108423,"log",FALSE
"SAM",1990,7,0.892965379420465,0.666506549433135,1.19636809198906,0.149236336692538,"log",FALSE
"SAM",1991,7,0.950995776431911,0.713856184328033,1.26691200082921,0.146343557366457,"log",FALSE
"SAM",1992,7,0.93455773298337,0.71508418347445,1.22139207727313,0.136570432800691,"log",FALSE
"SAM",1993,7,0.937146854866913,0.72320566027503,1.21437687206839,0.132219961706875,"log",FALSE
"SAM",1994,7,0.933834789616672,0.71854039946695,1.21363727766086,0.133715521520605,"log",FALSE
"SAM",1995,7,0.812618381844583,0.624813605394078,1.05687300790324,0.134088295758624,"log",FALSE
"SAM",1996,7,0.90277848543115,0.693782219691079,1.17473318085358,0.134348951827928,"log",FALSE
"SAM",1997,7,0.906577395459471,0.698624790002375,1.17642915871234,0.132942538708143,"log",FALSE
"SAM",1998,7,0.992780474026568,0.769185409378066,1.28137255022212,0.130195005195159,"log",FALSE
"SAM",1999,7,1.00345399184906,0.7722789826427,1.30382923320298,0.133603199009065,"log",FALSE
"SAM",2000,7,0.851816634116875,0.649976920660203,1.11633437295157,0.137979285356434,"log",FALSE
"SAM",2001,7,0.636446875928578,0.47440419721604,0.853838621699174,0.149921763343047,"log",FALSE
"SAM",2002,7,0.678198783731889,0.50165714705593,0.916868408941721,0.153841359496902,"log",FALSE
"SAM",2003,7,0.456989296452842,0.326127585565384,0.640360479505018,0.172131376078742,"log",FALSE
"SAM",2004,7,0.502039604483068,0.359642910607623,0.700816718571439,0.170190569013207,"log",FALSE
"SAM",2005,7,0.542796328941708,0.395700172920509,0.744573479809374,0.161266932378865,"log",FALSE
"SAM",2006,7,0.573065423964048,0.422301147237266,0.77765353537764,0.155758581267826,"log",FALSE
"SAM",2007,7,0.512825039767698,0.377038086815286,0.697514470312867,0.156935804923092,"log",FALSE
"SAM",2008,7,0.569920911807564,0.422424610066746,0.76891790386986,0.152802096970039,"log",FALSE
"SAM",2009,7,0.617630044514835,0.455635596109788,0.837219205752047,0.155205038680768,"log",FALSE
"SAM",2010,7,0.590979245989428,0.433672145129325,0.805346788150486,0.157907022684314,"log",FALSE
"SAM",2011,7,0.4999069464024,0.365917501425412,0.682959831349616,0.159193778210158,"log",FALSE
"SAM",2012,7,0.487822070269164,0.356395190692756,0.66771488071747,0.160161375597255,"log",FALSE
"SAM",2013,7,0.449482325094406,0.32704244951466,0.617761886483232,0.16225122343428,"log",FALSE
"SAM",2014,7,0.429484127798233,0.312885786645557,0.589533382158917,0.161608357663407,"log",FALSE
"SAM",2015,7,0.435192985932389,0.318968812481943,0.593766310665467,0.158521406254496,"log",FALSE
"SAM",2016,7,0.4331137966684,0.315097212748595,0.595332339591926,0.162308747878008,"log",FALSE
"SAM",2017,7,0.532127728425313,0.385447823701055,0.734625809117802,0.164532469641752,"log",FALSE
"SAM",2018,7,0.825023640708823,0.609101571221027,1.11748851076505,0.154812540589994,"log",FALSE
"SAM",2019,7,0.932207071304659,0.693541786990467,1.25300312121259,0.150892301439529,"log",FALSE
"SAM",2020,7,0.744526889141481,0.548346237366461,1.01089466997516,0.156044735253153,"log",FALSE
"SAM",2021,7,0.514616077419462,0.363383231457116,0.728789014497624,0.177535471697105,"log",FALSE
"SAM",2022,7,0.514958017717358,0.316702045439773,0.837322536528488,0.248026989298052,"log",FALSE
"tinyAM",1983,1,0.349450628926253,NA,NA,NA,NA,FALSE
"tinyAM",1984,1,0.384938330211638,NA,NA,NA,NA,FALSE
"tinyAM",1985,1,0.378771482196765,NA,NA,NA,NA,FALSE
"tinyAM",1986,1,0.359649747435038,NA,NA,NA,NA,FALSE
"tinyAM",1987,1,0.299752288983502,NA,NA,NA,NA,FALSE
"tinyAM",1988,1,0.27797804526496,NA,NA,NA,NA,FALSE
"tinyAM",1989,1,0.286792230892172,NA,NA,NA,NA,FALSE
"tinyAM",1990,1,0.276672669496734,NA,NA,NA,NA,FALSE
"tinyAM",1991,1,0.26333005644218,NA,NA,NA,NA,FALSE
"tinyAM",1992,1,0.247046274774694,NA,NA,NA,NA,FALSE
"tinyAM",1993,1,0.230667617077023,NA,NA,NA,NA,FALSE
"tinyAM",1994,1,0.231617308832132,NA,NA,NA,NA,FALSE
"tinyAM",1995,1,0.196196479166221,NA,NA,NA,NA,FALSE
"tinyAM",1996,1,0.172146760108599,NA,NA,NA,NA,FALSE
"tinyAM",1997,1,0.171697536944588,NA,NA,NA,NA,FALSE
"tinyAM",1998,1,0.178803183444217,NA,NA,NA,NA,FALSE
"tinyAM",1999,1,0.172883424283306,NA,NA,NA,NA,FALSE
"tinyAM",2000,1,0.157231169006436,NA,NA,NA,NA,FALSE
"tinyAM",2001,1,0.139101075964447,NA,NA,NA,NA,FALSE
"tinyAM",2002,1,0.138533679101962,NA,NA,NA,NA,FALSE
"tinyAM",2003,1,0.130241319064659,NA,NA,NA,NA,FALSE
"tinyAM",2004,1,0.127181015257925,NA,NA,NA,NA,FALSE
"tinyAM",2005,1,0.120471998736293,NA,NA,NA,NA,FALSE
"tinyAM",2006,1,0.116327659188058,NA,NA,NA,NA,FALSE
"tinyAM",2007,1,0.11159228907304,NA,NA,NA,NA,FALSE
"tinyAM",2008,1,0.100753975599033,NA,NA,NA,NA,FALSE
"tinyAM",2009,1,0.0921318847757955,NA,NA,NA,NA,FALSE
"tinyAM",2010,1,0.0842577311062433,NA,NA,NA,NA,FALSE
"tinyAM",2011,1,0.0805005639040804,NA,NA,NA,NA,FALSE
"tinyAM",2012,1,0.0782497955090275,NA,NA,NA,NA,FALSE
"tinyAM",2013,1,0.0726442184476394,NA,NA,NA,NA,FALSE
"tinyAM",2014,1,0.0684262584633012,NA,NA,NA,NA,FALSE
"tinyAM",2015,1,0.0653297343825686,NA,NA,NA,NA,FALSE
"tinyAM",2016,1,0.0652219776832778,NA,NA,NA,NA,FALSE
"tinyAM",2017,1,0.0635769833453147,NA,NA,NA,NA,FALSE
"tinyAM",2018,1,0.0641379594915775,NA,NA,NA,NA,FALSE
"tinyAM",2019,1,0.0622607848584904,NA,NA,NA,NA,FALSE
"tinyAM",2020,1,0.0604111664285527,NA,NA,NA,NA,FALSE
"tinyAM",2021,1,0.0553375888800154,NA,NA,NA,NA,FALSE
"tinyAM",2022,1,0.0553398335651553,NA,NA,NA,NA,FALSE
"tinyAM",1983,2,0.969764301239459,NA,NA,NA,NA,FALSE
"tinyAM",1984,2,0.944836514907677,NA,NA,NA,NA,FALSE
"tinyAM",1985,2,0.955898418921215,NA,NA,NA,NA,FALSE
"tinyAM",1986,2,0.93839171862567,NA,NA,NA,NA,FALSE
"tinyAM",1987,2,0.954100546268314,NA,NA,NA,NA,FALSE
"tinyAM",1988,2,0.925281255103741,NA,NA,NA,NA,FALSE
"tinyAM",1989,2,0.926079288184422,NA,NA,NA,NA,FALSE
"tinyAM",1990,2,0.946313836046352,NA,NA,NA,NA,FALSE
"tinyAM",1991,2,0.90027373846516,NA,NA,NA,NA,FALSE
"tinyAM",1992,2,0.872738127819727,NA,NA,NA,NA,FALSE
"tinyAM",1993,2,0.859723121909803,NA,NA,NA,NA,FALSE
"tinyAM",1994,2,0.82686293767703,NA,NA,NA,NA,FALSE
"tinyAM",1995,2,0.85981538208542,NA,NA,NA,NA,FALSE
"tinyAM",1996,2,0.851751318111307,NA,NA,NA,NA,FALSE
"tinyAM",1997,2,0.8325355550232,NA,NA,NA,NA,FALSE
"tinyAM",1998,2,0.854847256795641,NA,NA,NA,NA,FALSE
"tinyAM",1999,2,0.81900767529678,NA,NA,NA,NA,FALSE
"tinyAM",2000,2,0.80074658194007,NA,NA,NA,NA,FALSE
"tinyAM",2001,2,0.773123715650532,NA,NA,NA,NA,FALSE
"tinyAM",2002,2,0.741228693242331,NA,NA,NA,NA,FALSE
"tinyAM",2003,2,0.678416604356304,NA,NA,NA,NA,FALSE
"tinyAM",2004,2,0.663065719770574,NA,NA,NA,NA,FALSE
"tinyAM",2005,2,0.661857368074483,NA,NA,NA,NA,FALSE
"tinyAM",2006,2,0.676179858173223,NA,NA,NA,NA,FALSE
"tinyAM",2007,2,0.584981575296128,NA,NA,NA,NA,FALSE
"tinyAM",2008,2,0.519778295729169,NA,NA,NA,NA,FALSE
"tinyAM",2009,2,0.463038557021894,NA,NA,NA,NA,FALSE
"tinyAM",2010,2,0.402801462084704,NA,NA,NA,NA,FALSE
"tinyAM",2011,2,0.349173046681511,NA,NA,NA,NA,FALSE
"tinyAM",2012,2,0.325723485057181,NA,NA,NA,NA,FALSE
"tinyAM",2013,2,0.305991219455165,NA,NA,NA,NA,FALSE
"tinyAM",2014,2,0.293902743096702,NA,NA,NA,NA,FALSE
"tinyAM",2015,2,0.288545538892709,NA,NA,NA,NA,FALSE
"tinyAM",2016,2,0.286098522021209,NA,NA,NA,NA,FALSE
"tinyAM",2017,2,0.291794875333142,NA,NA,NA,NA,FALSE
"tinyAM",2018,2,0.29123851504963,NA,NA,NA,NA,FALSE
"tinyAM",2019,2,0.268772645746167,NA,NA,NA,NA,FALSE
"tinyAM",2020,2,0.23703342051496,NA,NA,NA,NA,FALSE
"tinyAM",2021,2,0.199182052729917,NA,NA,NA,NA,FALSE
"tinyAM",2022,2,0.199056782275175,NA,NA,NA,NA,FALSE
"tinyAM",1983,3,1.09622546660077,NA,NA,NA,NA,FALSE
"tinyAM",1984,3,1.05584208786158,NA,NA,NA,NA,FALSE
"tinyAM",1985,3,1.02878719604917,NA,NA,NA,NA,FALSE
"tinyAM",1986,3,1.05687169284062,NA,NA,NA,NA,FALSE
"tinyAM",1987,3,1.0496357761848,NA,NA,NA,NA,FALSE
"tinyAM",1988,3,1.09157012445319,NA,NA,NA,NA,FALSE
"tinyAM",1989,3,1.08102199241583,NA,NA,NA,NA,FALSE
"tinyAM",1990,3,1.04861277902895,NA,NA,NA,NA,FALSE
"tinyAM",1991,3,1.04475742142393,NA,NA,NA,NA,FALSE
"tinyAM",1992,3,1.01256944285997,NA,NA,NA,NA,FALSE
"tinyAM",1993,3,1.02211541436154,NA,NA,NA,NA,FALSE
"tinyAM",1994,3,1.04732796343755,NA,NA,NA,NA,FALSE
"tinyAM",1995,3,1.07158685081996,NA,NA,NA,NA,FALSE
"tinyAM",1996,3,1.15806054391936,NA,NA,NA,NA,FALSE
"tinyAM",1997,3,1.18562095050609,NA,NA,NA,NA,FALSE
"tinyAM",1998,3,1.2375179053798,NA,NA,NA,NA,FALSE
"tinyAM",1999,3,1.27367950077374,NA,NA,NA,NA,FALSE
"tinyAM",2000,3,1.17561979071864,NA,NA,NA,NA,FALSE
"tinyAM",2001,3,1.07171275608387,NA,NA,NA,NA,FALSE
"tinyAM",2002,3,1.05449635423475,NA,NA,NA,NA,FALSE
"tinyAM",2003,3,0.985744945605282,NA,NA,NA,NA,FALSE
"tinyAM",2004,3,0.97297022558512,NA,NA,NA,NA,FALSE
"tinyAM",2005,3,0.929936674409024,NA,NA,NA,NA,FALSE
"tinyAM",2006,3,0.877827065330381,NA,NA,NA,NA,FALSE
"tinyAM",2007,3,0.839749426609562,NA,NA,NA,NA,FALSE
"tinyAM",2008,3,0.819616828363287,NA,NA,NA,NA,FALSE
"tinyAM",2009,3,0.775297976686589,NA,NA,NA,NA,FALSE
"tinyAM",2010,3,0.70637316092702,NA,NA,NA,NA,FALSE
"tinyAM",2011,3,0.627601458380506,NA,NA,NA,NA,FALSE
"tinyAM",2012,3,0.580514410582767,NA,NA,NA,NA,FALSE
"tinyAM",2013,3,0.562876209502761,NA,NA,NA,NA,FALSE
"tinyAM",2014,3,0.557736394975327,NA,NA,NA,NA,FALSE
"tinyAM",2015,3,0.54266088874913,NA,NA,NA,NA,FALSE
"tinyAM",2016,3,0.562821676629244,NA,NA,NA,NA,FALSE
"tinyAM",2017,3,0.600588100058333,NA,NA,NA,NA,FALSE
"tinyAM",2018,3,0.644126205993692,NA,NA,NA,NA,FALSE
"tinyAM",2019,3,0.619240467137522,NA,NA,NA,NA,FALSE
"tinyAM",2020,3,0.532133330410589,NA,NA,NA,NA,FALSE
"tinyAM",2021,3,0.462720140065938,NA,NA,NA,NA,FALSE
"tinyAM",2022,3,0.461866824245986,NA,NA,NA,NA,FALSE
"tinyAM",1983,4,0.945089723050729,NA,NA,NA,NA,FALSE
"tinyAM",1984,4,0.921479260629125,NA,NA,NA,NA,FALSE
"tinyAM",1985,4,0.925721342239705,NA,NA,NA,NA,FALSE
"tinyAM",1986,4,0.946530878580722,NA,NA,NA,NA,FALSE
"tinyAM",1987,4,0.963372847575911,NA,NA,NA,NA,FALSE
"tinyAM",1988,4,0.963130167200502,NA,NA,NA,NA,FALSE
"tinyAM",1989,4,0.987875738964846,NA,NA,NA,NA,FALSE
"tinyAM",1990,4,0.987309335788843,NA,NA,NA,NA,FALSE
"tinyAM",1991,4,0.984495924474831,NA,NA,NA,NA,FALSE
"tinyAM",1992,4,1.00163203112861,NA,NA,NA,NA,FALSE
"tinyAM",1993,4,0.979675131123447,NA,NA,NA,NA,FALSE
"tinyAM",1994,4,0.966288537148506,NA,NA,NA,NA,FALSE
"tinyAM",1995,4,0.960231645866559,NA,NA,NA,NA,FALSE
"tinyAM",1996,4,0.989584234520696,NA,NA,NA,NA,FALSE
"tinyAM",1997,4,1.07347064900893,NA,NA,NA,NA,FALSE
"tinyAM",1998,4,1.15146274244318,NA,NA,NA,NA,FALSE
"tinyAM",1999,4,1.1846054530054,NA,NA,NA,NA,FALSE
"tinyAM",2000,4,1.19528771970583,NA,NA,NA,NA,FALSE
"tinyAM",2001,4,1.06099162152809,NA,NA,NA,NA,FALSE
"tinyAM",2002,4,1.02435128544459,NA,NA,NA,NA,FALSE
"tinyAM",2003,4,0.983604481157457,NA,NA,NA,NA,FALSE
"tinyAM",2004,4,0.953271487389333,NA,NA,NA,NA,FALSE
"tinyAM",2005,4,0.915046330091728,NA,NA,NA,NA,FALSE
"tinyAM",2006,4,0.820341566297578,NA,NA,NA,NA,FALSE
"tinyAM",2007,4,0.790376598116347,NA,NA,NA,NA,FALSE
"tinyAM",2008,4,0.749163638848962,NA,NA,NA,NA,FALSE
"tinyAM",2009,4,0.730827402491202,NA,NA,NA,NA,FALSE
"tinyAM",2010,4,0.67340841309241,NA,NA,NA,NA,FALSE
"tinyAM",2011,4,0.620401573235432,NA,NA,NA,NA,FALSE
"tinyAM",2012,4,0.584985423782869,NA,NA,NA,NA,FALSE
"tinyAM",2013,4,0.567988161072057,NA,NA,NA,NA,FALSE
"tinyAM",2014,4,0.558829718795222,NA,NA,NA,NA,FALSE
"tinyAM",2015,4,0.553999146004829,NA,NA,NA,NA,FALSE
"tinyAM",2016,4,0.563776104639988,NA,NA,NA,NA,FALSE
"tinyAM",2017,4,0.619295208487493,NA,NA,NA,NA,FALSE
"tinyAM",2018,4,0.645758163539002,NA,NA,NA,NA,FALSE
"tinyAM",2019,4,0.629155605718867,NA,NA,NA,NA,FALSE
"tinyAM",2020,4,0.582972681624355,NA,NA,NA,NA,FALSE
"tinyAM",2021,4,0.537522192243039,NA,NA,NA,NA,FALSE
"tinyAM",2022,4,0.536313349371819,NA,NA,NA,NA,FALSE
"tinyAM",1983,5,0.854099285147777,NA,NA,NA,NA,FALSE
"tinyAM",1984,5,0.831180169705528,NA,NA,NA,NA,FALSE
"tinyAM",1985,5,0.798969518517548,NA,NA,NA,NA,FALSE
"tinyAM",1986,5,0.811499173317657,NA,NA,NA,NA,FALSE
"tinyAM",1987,5,0.797745228034037,NA,NA,NA,NA,FALSE
"tinyAM",1988,5,0.81449385716394,NA,NA,NA,NA,FALSE
"tinyAM",1989,5,0.838851937950878,NA,NA,NA,NA,FALSE
"tinyAM",1990,5,0.856057848288088,NA,NA,NA,NA,FALSE
"tinyAM",1991,5,0.889174778762033,NA,NA,NA,NA,FALSE
"tinyAM",1992,5,0.895549386731375,NA,NA,NA,NA,FALSE
"tinyAM",1993,5,0.916881551025761,NA,NA,NA,NA,FALSE
"tinyAM",1994,5,0.911949001852855,NA,NA,NA,NA,FALSE
"tinyAM",1995,5,0.89846453511591,NA,NA,NA,NA,FALSE
"tinyAM",1996,5,0.940816647939798,NA,NA,NA,NA,FALSE
"tinyAM",1997,5,0.994054896252804,NA,NA,NA,NA,FALSE
"tinyAM",1998,5,1.0939559026403,NA,NA,NA,NA,FALSE
"tinyAM",1999,5,1.10884099832506,NA,NA,NA,NA,FALSE
"tinyAM",2000,5,1.11683985132792,NA,NA,NA,NA,FALSE
"tinyAM",2001,5,1.02334170573115,NA,NA,NA,NA,FALSE
"tinyAM",2002,5,0.897891135944561,NA,NA,NA,NA,FALSE
"tinyAM",2003,5,0.824938714718238,NA,NA,NA,NA,FALSE
"tinyAM",2004,5,0.826658705702746,NA,NA,NA,NA,FALSE
"tinyAM",2005,5,0.836615422506976,NA,NA,NA,NA,FALSE
"tinyAM",2006,5,0.825721685329461,NA,NA,NA,NA,FALSE
"tinyAM",2007,5,0.784894187160448,NA,NA,NA,NA,FALSE
"tinyAM",2008,5,0.794307180069941,NA,NA,NA,NA,FALSE
"tinyAM",2009,5,0.781528249713431,NA,NA,NA,NA,FALSE
"tinyAM",2010,5,0.74450421817347,NA,NA,NA,NA,FALSE
"tinyAM",2011,5,0.699067115680791,NA,NA,NA,NA,FALSE
"tinyAM",2012,5,0.675565460891918,NA,NA,NA,NA,FALSE
"tinyAM",2013,5,0.661014565362085,NA,NA,NA,NA,FALSE
"tinyAM",2014,5,0.650361603001164,NA,NA,NA,NA,FALSE
"tinyAM",2015,5,0.65712624779474,NA,NA,NA,NA,FALSE
"tinyAM",2016,5,0.690276998315605,NA,NA,NA,NA,FALSE
"tinyAM",2017,5,0.750124389234253,NA,NA,NA,NA,FALSE
"tinyAM",2018,5,0.832917337989792,NA,NA,NA,NA,FALSE
"tinyAM",2019,5,0.847867915815031,NA,NA,NA,NA,FALSE
"tinyAM",2020,5,0.775116472340791,NA,NA,NA,NA,FALSE
"tinyAM",2021,5,0.718587572369858,NA,NA,NA,NA,FALSE
"tinyAM",2022,5,0.716860988888828,NA,NA,NA,NA,FALSE
"tinyAM",1983,6,0.877856362976324,NA,NA,NA,NA,FALSE
"tinyAM",1984,6,0.886578948349296,NA,NA,NA,NA,FALSE
"tinyAM",1985,6,0.858899070438433,NA,NA,NA,NA,FALSE
"tinyAM",1986,6,0.836980326234092,NA,NA,NA,NA,FALSE
"tinyAM",1987,6,0.84341866293506,NA,NA,NA,NA,FALSE
"tinyAM",1988,6,0.829418992421211,NA,NA,NA,NA,FALSE
"tinyAM",1989,6,0.838888705016925,NA,NA,NA,NA,FALSE
"tinyAM",1990,6,0.848050071738467,NA,NA,NA,NA,FALSE
"tinyAM",1991,6,0.891405287301383,NA,NA,NA,NA,FALSE
"tinyAM",1992,6,0.922942825544649,NA,NA,NA,NA,FALSE
"tinyAM",1993,6,0.948475373404297,NA,NA,NA,NA,FALSE
"tinyAM",1994,6,0.956198986695469,NA,NA,NA,NA,FALSE
"tinyAM",1995,6,0.949391672081853,NA,NA,NA,NA,FALSE
"tinyAM",1996,6,0.973787372064696,NA,NA,NA,NA,FALSE
"tinyAM",1997,6,0.996957629984203,NA,NA,NA,NA,FALSE
"tinyAM",1998,6,1.01026402277162,NA,NA,NA,NA,FALSE
"tinyAM",1999,6,1.02999702727155,NA,NA,NA,NA,FALSE
"tinyAM",2000,6,0.965089591293623,NA,NA,NA,NA,FALSE
"tinyAM",2001,6,0.88268842266474,NA,NA,NA,NA,FALSE
"tinyAM",2002,6,0.843367947438475,NA,NA,NA,NA,FALSE
"tinyAM",2003,6,0.733758205191098,NA,NA,NA,NA,FALSE
"tinyAM",2004,6,0.742821497944277,NA,NA,NA,NA,FALSE
"tinyAM",2005,6,0.76755487526132,NA,NA,NA,NA,FALSE
"tinyAM",2006,6,0.787383374060256,NA,NA,NA,NA,FALSE
"tinyAM",2007,6,0.779529462874223,NA,NA,NA,NA,FALSE
"tinyAM",2008,6,0.804487941628052,NA,NA,NA,NA,FALSE
"tinyAM",2009,6,0.829012236218393,NA,NA,NA,NA,FALSE
"tinyAM",2010,6,0.786521890878839,NA,NA,NA,NA,FALSE
"tinyAM",2011,6,0.743861351031522,NA,NA,NA,NA,FALSE
"tinyAM",2012,6,0.71856973870224,NA,NA,NA,NA,FALSE
"tinyAM",2013,6,0.672998475142803,NA,NA,NA,NA,FALSE
"tinyAM",2014,6,0.65164115769438,NA,NA,NA,NA,FALSE
"tinyAM",2015,6,0.647720248743613,NA,NA,NA,NA,FALSE
"tinyAM",2016,6,0.646035346039765,NA,NA,NA,NA,FALSE
"tinyAM",2017,6,0.70526354824688,NA,NA,NA,NA,FALSE
"tinyAM",2018,6,0.779139614941323,NA,NA,NA,NA,FALSE
"tinyAM",2019,6,0.82090259567663,NA,NA,NA,NA,FALSE
"tinyAM",2020,6,0.796809559971103,NA,NA,NA,NA,FALSE
"tinyAM",2021,6,0.736345211679166,NA,NA,NA,NA,FALSE
"tinyAM",2022,6,0.735506800026239,NA,NA,NA,NA,FALSE
"tinyAM",1983,7,1.53666589131223,NA,NA,NA,NA,FALSE
"tinyAM",1984,7,1.51920821459865,NA,NA,NA,NA,FALSE
"tinyAM",1985,7,1.48433681844632,NA,NA,NA,NA,FALSE
"tinyAM",1986,7,1.39717061894792,NA,NA,NA,NA,FALSE
"tinyAM",1987,7,1.30092637211086,NA,NA,NA,NA,FALSE
"tinyAM",1988,7,1.17910476419605,NA,NA,NA,NA,FALSE
"tinyAM",1989,7,1.09719141013903,NA,NA,NA,NA,FALSE
"tinyAM",1990,7,1.01999599094839,NA,NA,NA,NA,FALSE
"tinyAM",1991,7,1.01774480289071,NA,NA,NA,NA,FALSE
"tinyAM",1992,7,0.990261490093279,NA,NA,NA,NA,FALSE
"tinyAM",1993,7,0.963432573328056,NA,NA,NA,NA,FALSE
"tinyAM",1994,7,0.944805649376129,NA,NA,NA,NA,FALSE
"tinyAM",1995,7,0.919102713460406,NA,NA,NA,NA,FALSE
"tinyAM",1996,7,0.959820512713783,NA,NA,NA,NA,FALSE
"tinyAM",1997,7,0.937804218931211,NA,NA,NA,NA,FALSE
"tinyAM",1998,7,0.910870817985397,NA,NA,NA,NA,FALSE
"tinyAM",1999,7,0.887166168220319,NA,NA,NA,NA,FALSE
"tinyAM",2000,7,0.791998746074067,NA,NA,NA,NA,FALSE
"tinyAM",2001,7,0.726020187364619,NA,NA,NA,NA,FALSE
"tinyAM",2002,7,0.699366468355062,NA,NA,NA,NA,FALSE
"tinyAM",2003,7,0.621027021571236,NA,NA,NA,NA,FALSE
"tinyAM",2004,7,0.585779416361357,NA,NA,NA,NA,FALSE
"tinyAM",2005,7,0.57786285129206,NA,NA,NA,NA,FALSE
"tinyAM",2006,7,0.582027499333726,NA,NA,NA,NA,FALSE
"tinyAM",2007,7,0.572949015080777,NA,NA,NA,NA,FALSE
"tinyAM",2008,7,0.594486613699836,NA,NA,NA,NA,FALSE
"tinyAM",2009,7,0.602455007405214,NA,NA,NA,NA,FALSE
"tinyAM",2010,7,0.618938572568229,NA,NA,NA,NA,FALSE
"tinyAM",2011,7,0.592579275494021,NA,NA,NA,NA,FALSE
"tinyAM",2012,7,0.575182408980085,NA,NA,NA,NA,FALSE
"tinyAM",2013,7,0.558480214538747,NA,NA,NA,NA,FALSE
"tinyAM",2014,7,0.540688658455115,NA,NA,NA,NA,FALSE
"tinyAM",2015,7,0.558257542338438,NA,NA,NA,NA,FALSE
"tinyAM",2016,7,0.581830892598287,NA,NA,NA,NA,FALSE
"tinyAM",2017,7,0.643638123630348,NA,NA,NA,NA,FALSE
"tinyAM",2018,7,0.767975732301993,NA,NA,NA,NA,FALSE
"tinyAM",2019,7,0.817783479722085,NA,NA,NA,NA,FALSE
"tinyAM",2020,7,0.771140142055827,NA,NA,NA,NA,FALSE
"tinyAM",2021,7,0.747236737110128,NA,NA,NA,NA,FALSE
"tinyAM",2022,7,0.745053984944282,NA,NA,NA,NA,FALSE
