"model","year","est","lwr","upr","se","se_scale","is_proj"
"SAM",1983,0.99384424927207,0.852926110313694,1.1580445010036,0.0780155065531469,"log",FALSE
"SAM",1984,1.02670203466476,0.886303401278642,1.18934110651502,0.0750257177490598,"log",FALSE
"SAM",1985,0.987850894767806,0.850926589109651,1.14680796532003,0.0761268629028138,"log",FALSE
"SAM",1986,1.03081233761599,0.888592187398548,1.19579497822521,0.0757483557964314,"log",FALSE
"SAM",1987,0.942001418863364,0.808848432150514,1.09707410915209,0.0777540988490147,"log",FALSE
"SAM",1988,0.925008821540252,0.793978156241712,1.07766355182548,0.0779337404329688,"log",FALSE
"SAM",1989,1.01793312900379,0.875955281209335,1.18292323518261,0.0766414417564804,"log",FALSE
"SAM",1990,0.969999034615769,0.833093204206568,1.12940319571041,0.0776287481525909,"log",FALSE
"SAM",1991,0.983762469802151,0.847268997014583,1.14224478931875,0.0762086673054761,"log",FALSE
"SAM",1992,0.951393503052231,0.824465039538028,1.09786292231042,0.0730590037319933,"log",FALSE
"SAM",1993,0.946175593347068,0.819099428638403,1.09296652170037,0.0735843569767217,"log",FALSE
"SAM",1994,0.982945691895277,0.852315202976074,1.13359732390296,0.072755141155571,"log",FALSE
"SAM",1995,0.857828035468442,0.73475269395507,1.00151921114378,0.0790165962106688,"log",FALSE
"SAM",1996,0.916996431908585,0.788498595510518,1.06643494474285,0.0770284337909536,"log",FALSE
"SAM",1997,0.971402261151494,0.843590207054136,1.11857907438899,0.0719777601664996,"log",FALSE
"SAM",1998,1.17525721348491,1.02761056883078,1.34411766455446,0.0684965431130172,"log",FALSE
"SAM",1999,1.21414482294522,1.06323914628215,1.38646856282461,0.0677154955662221,"log",FALSE
"SAM",2000,1.13429463510396,0.988214587101591,1.30196855624167,0.0703412936952822,"log",FALSE
"SAM",2001,0.872747653447631,0.751774299321322,1.01318769115408,0.0761291092342236,"log",FALSE
"SAM",2002,0.9944792683201,0.856972139972675,1.15405036988719,0.0759268249977078,"log",FALSE
"SAM",2003,0.726535852146851,0.615775326694646,0.857219056320693,0.0843921952755333,"log",FALSE
"SAM",2004,0.823906424736074,0.706569551446388,0.960728912435857,0.0783868071575244,"log",FALSE
"SAM",2005,0.845568443438921,0.726466092634879,0.984197335276144,0.0774592323165031,"log",FALSE
"SAM",2006,0.852895170763404,0.733913504642017,0.991166081166957,0.076657257874977,"log",FALSE
"SAM",2007,0.713480228103425,0.610711849246019,0.833542097673379,0.0793532349846038,"log",FALSE
"SAM",2008,0.694005325501989,0.592384361244419,0.81305892480574,0.0807790103770883,"log",FALSE
"SAM",2009,0.695887667457898,0.593651658921606,0.815730299818707,0.0810706404196402,"log",FALSE
"SAM",2010,0.597048310082315,0.507190393482125,0.702826175639525,0.0832217174233844,"log",FALSE
"SAM",2011,0.47816105568344,0.401489765514332,0.56947403099903,0.0891677455597357,"log",FALSE
"SAM",2012,0.461644612300548,0.385691588810078,0.55255482424084,0.0917145935639557,"log",FALSE
"SAM",2013,0.427106258427949,0.355762555169695,0.512757043532335,0.0932513576924679,"log",FALSE
"SAM",2014,0.415983014433519,0.347889439255815,0.497404775112918,0.0912056058891095,"log",FALSE
"SAM",2015,0.397051194755194,0.331077408442542,0.476171575699302,0.0927124260702097,"log",FALSE
"SAM",2016,0.389990857569953,0.322731255308428,0.471267862924509,0.0965851149442203,"log",FALSE
"SAM",2017,0.44764386556454,0.367280479144899,0.545591289915815,0.100957043286542,"log",FALSE
"SAM",2018,0.606725630538252,0.50525359906304,0.728576681956719,0.093377328220746,"log",FALSE
"SAM",2019,0.595649650425404,0.498914714826946,0.711140592786427,0.090418748400453,"log",FALSE
"SAM",2020,0.438043371768572,0.363193580429342,0.528318797164724,0.0956047956560396,"log",FALSE
"SAM",2021,0.263173480337283,0.206950006084894,0.334671556977033,0.122622757395542,"log",FALSE
"SAM",2022,0.26313411774412,0.175220610327382,0.39515650465781,0.207461998467555,"log",FALSE
"tinyAM",1983,0.979902764403634,0.774269863136226,1.24014826535608,0.12017204162883,"log",FALSE
"tinyAM",1984,0.971405051615754,0.820747037998035,1.14971815994158,0.0859855508032814,"log",FALSE
"tinyAM",1985,0.960720427929356,0.788755476542736,1.17017728318842,0.100627916218639,"log",FALSE
"tinyAM",1986,0.987649868755115,0.860240659466864,1.13392950277023,0.0704686746733314,"log",FALSE
"tinyAM",1987,0.957974918104299,0.781987714995291,1.17356823658344,0.103564436393974,"log",FALSE
"tinyAM",1988,0.973050606944577,0.835286604057062,1.1335360570568,0.0778897923309785,"log",FALSE
"tinyAM",1989,0.969480079753132,0.839941978618931,1.1189958937206,0.0731784422039229,"log",FALSE
"tinyAM",1990,0.955672291536754,0.785901562020716,1.1621169532515,0.0997893426213433,"log",FALSE
"tinyAM",1991,0.947443143793886,0.817413465434064,1.09815723459531,0.0753186718133475,"log",FALSE
"tinyAM",1992,0.898144454494262,0.756085516866992,1.06689447574844,0.0878467318062679,"log",FALSE
"tinyAM",1993,0.874962590458673,0.719361649078577,1.06422066798077,0.0999084233075183,"log",FALSE
"tinyAM",1994,0.888353679115184,0.763066816203641,1.03421121511183,0.0775648707591661,"log",FALSE
"tinyAM",1995,0.879864333015334,0.724090167559406,1.06915033402799,0.0994160120477574,"log",FALSE
"tinyAM",1996,0.920729449288336,0.784423663913679,1.08072048025325,0.0817448559088237,"log",FALSE
"tinyAM",1997,0.921048030270934,0.79517569566251,1.06684532574801,0.0749754052193652,"log",FALSE
"tinyAM",1998,0.882196417899189,0.725331464454393,1.07298601797123,0.0998926439791186,"log",FALSE
"tinyAM",1999,1.10089494059087,0.944633828947068,1.28300472953578,0.0781041599556375,"log",FALSE
"tinyAM",2000,0.87569641373317,0.74214739001874,1.03327751244368,0.0844258416124121,"log",FALSE
"tinyAM",2001,0.804646660280527,0.665500051650948,0.972886848459922,0.0968714403844628,"log",FALSE
"tinyAM",2002,0.8616286049157,0.746766890912445,0.994157429638935,0.0729968765287581,"log",FALSE
"tinyAM",2003,0.73313462073779,0.615034226253172,0.873912945298581,0.0896197200157694,"log",FALSE
"tinyAM",2004,0.763140716394308,0.657948484837074,0.88515099045031,0.075672717900533,"log",FALSE
"tinyAM",2005,0.701394534879502,0.583127082219364,0.843648509149102,0.0942187739220606,"log",FALSE
"tinyAM",2006,0.716192713001094,0.598063578492661,0.857654638405908,0.0919671063115626,"log",FALSE
"tinyAM",2007,0.612061264993112,0.502162119638724,0.74601204960359,0.100976023140273,"log",FALSE
"tinyAM",2008,0.622453825318643,0.531592800017247,0.728845019423214,0.0805074317056879,"log",FALSE
"tinyAM",2009,0.535324064830883,0.452986524709281,0.632627768720001,0.0852107055168882,"log",FALSE
"tinyAM",2010,0.462779892499954,0.387239295371123,0.553056550464532,0.0909244823147335,"log",FALSE
"tinyAM",2011,0.404100592014695,0.33583659856466,0.48624030008804,0.0944094435839413,"log",FALSE
"tinyAM",2012,0.435518530942876,0.369624253918036,0.513160023413132,0.0837007148874812,"log",FALSE
"tinyAM",2013,0.373843550508551,0.314074587552322,0.44498665538662,0.0888827036858727,"log",FALSE
"tinyAM",2014,0.355445152680875,0.296880910617279,0.42556207572134,0.0918587650235842,"log",FALSE
"tinyAM",2015,0.350085490524349,0.292093469863024,0.419591203915473,0.0924014580928955,"log",FALSE
"tinyAM",2016,0.41199762936597,0.349968554798387,0.485020851947586,0.083253717741684,"log",FALSE
"tinyAM",2017,0.437412519040116,0.371968279053715,0.514371043411984,0.0826893510931767,"log",FALSE
"tinyAM",2018,0.345570687913265,0.280747957075988,0.42536053187566,0.105991693204456,"log",FALSE
"tinyAM",2019,0.443554195793086,0.362604296224368,0.542575823436782,0.102812015653189,"log",FALSE
"tinyAM",2020,0.298895342675987,0.240544161809179,0.371401347683785,0.110813153537998,"log",FALSE
"tinyAM",2021,0.249000714925281,0.188513781323033,0.328895614942109,0.141984574797744,"log",FALSE
"tinyAM",2022,0.318689099314317,0.239377332606103,0.424278860976753,0.146010291538402,"log",FALSE
