"model","par","coef","est","lwr","upr","se","se_scale","age"
"SAM","q","q_block0",0.00794035853360521,0.00706010596565556,0.00893036081170811,0.0599492489862632,"log",NA
"SAM","q","q_block1",0.0492873677648211,0.0443005410688972,0.0548355519497315,0.0544249416748395,"log",NA
"SAM","q","q_block2",0.0800766944308678,0.0721192857075907,0.0889120978953299,0.0534006556138523,"log",NA
"SAM","q","q_block3",0.0911771628123248,0.0819975944625431,0.101384376858796,0.0541410698304382,"log",NA
"SAM","q","q_block4",0.102698997910182,0.0919951728416457,0.114648234749344,0.056157283372574,"log",NA
"SAM","q","q_block5",0.122301110739395,0.107899454948304,0.138624997644855,0.0639227582390787,"log",NA
"SAM","q","q_block6",0.0256213015997414,0.021815815162441,0.0300906058644594,0.082036673916939,"log",NA
"SAM","q","q_block7",0.0564557212821385,0.0483246291167564,0.0659549493444812,0.0793459919231046,"log",NA
"SAM","q","q_block8",0.082761844318646,0.0708206035508703,0.0967165278407123,0.0795000163440951,"log",NA
"SAM","q","q_block9",0.0948940048046032,0.0809786337255958,0.111200593706853,0.0809071964290397,"log",NA
"SAM","q","q_block10",0.0897331975670765,0.075857597766673,0.106146872332801,0.0857071498949251,"log",NA
"SAM","q","q_block11",0.107042535701336,0.0880514609623663,0.130129634694751,0.0996471668384048,"log",NA
"SAM","q","q_block12",0.00663255880333795,0.00446458349025243,0.00985329009431257,0.201950009965512,"log",NA
"tinyAM","r0",NA,648524.406324398,483921.045762411,869116.789363415,0.149379210832207,"log",NA
"tinyAM","n0","2",333494.043467943,249503.715135984,445757.999907867,0.148039046336419,"log",2
"tinyAM","n0","3",35012.6755642243,26139.5968779362,46897.7182735504,0.149114407604801,"log",3
"tinyAM","n0","4",19867.6108358134,14832.8138393743,26611.4012214949,0.149109337745797,"log",4
"tinyAM","n0","5",5512.15141239172,4108.22717684253,7395.84543045749,0.149984088292559,"log",5
"tinyAM","n0","6",2851.59704253706,2077.92055524791,3913.33810740224,0.161488448277834,"log",6
"tinyAM","n0","7",1265.92449071013,872.492268609522,1836.76678159417,0.189903573242985,"log",7
"tinyAM","sd_r",NA,1.00857359162232,0.792208754881911,1.28403111357887,0.123199911591505,"log",NA
"tinyAM","sd_f",NA,0.121564047838891,0.0922925101025805,0.160119360829509,0.140552723351564,"log",NA
"tinyAM","sd_n",NA,0.180760422730536,0.142972871403682,0.228535176673249,0.119654046309075,"log",NA
"tinyAM","sd_catch","(Intercept)",0.241176430410409,0.205843887036937,0.282573708759539,0.0808232659993533,"log",NA
"tinyAM","sd_index","sd_block1",0.28429409374778,0.252127112850611,0.320565015107123,0.0612643233551358,"log",NA
"tinyAM","sd_index","sd_block2",0.389117327131747,0.345163340562434,0.438668527275906,0.061155794370474,"log",NA
"tinyAM","sd_index","sd_block3",1.07307227361538,0.829272603457315,1.38854714312451,0.131498417222336,"log",NA
"tinyAM","q","q_block0",0.00805831964120054,0.00718050713307183,0.00904344417968408,0.0588454902944718,"log",NA
"tinyAM","q","q_block1",0.0501029659426902,0.0450244938406969,0.0557542568970615,0.0545283272420904,"log",NA
"tinyAM","q","q_block2",0.0819220155092809,0.0737191318501774,0.0910376513757971,0.0538302789166699,"log",NA
"tinyAM","q","q_block3",0.0941953155431302,0.0847018264374142,0.10475284705727,0.0542016523318261,"log",NA
"tinyAM","q","q_block4",0.106973101502763,0.0959471201242748,0.119266158591302,0.0555011256465732,"log",NA
"tinyAM","q","q_block5",0.131706750526907,0.116828831163575,0.148479343340081,0.0611582575709694,"log",NA
"tinyAM","q","q_block6",0.0259911510422019,0.0220501187700304,0.0306365666119096,0.0838985555771564,"log",NA
"tinyAM","q","q_block7",0.0577843811973588,0.0492292311332135,0.0678262616234306,0.08175198275545,"log",NA
"tinyAM","q","q_block8",0.085609202101637,0.0729343865927676,0.100486695327958,0.0817528059932422,"log",NA
"tinyAM","q","q_block9",0.0988726197199851,0.0840874338059781,0.116257501124952,0.0826419349028174,"log",NA
"tinyAM","q","q_block10",0.0954042343388547,0.0806105929077807,0.112912802169758,0.0859673429561798,"log",NA
"tinyAM","q","q_block11",0.118067309207282,0.0980363128884186,0.142191083005272,0.0948573191148593,"log",NA
"tinyAM","q","q_block12",0.00672824255795515,0.00454233624618145,0.0099660715246994,0.200448837717511,"log",NA
