"model","year","age","obs","fleet_id","fleet_name","sd_key","sd_block","is_plus_group","pred","sd","std_res","is_proj"
"SAM",1983,1,83614.55,1,"Residual catch",0,"0",FALSE,110476.714987758,0.189591137573149,-1.46941059701733,FALSE
"SAM",1983,2,144066,1,"Residual catch",0,"0",FALSE,149921.643217497,0.189591137573149,-0.210143003846705,FALSE
"SAM",1983,3,22598.7,1,"Residual catch",0,"0",FALSE,20770.8521739075,0.189591137573149,0.444861070286264,FALSE
"SAM",1983,4,13187.1,1,"Residual catch",0,"0",FALSE,12494.9365221337,0.189591137573149,0.284378245208396,FALSE
"SAM",1983,5,3270.994,1,"Residual catch",0,"0",FALSE,3116.74680701607,0.189591137573149,0.254780614159775,FALSE
"SAM",1983,6,1393.521,1,"Residual catch",0,"0",FALSE,1480.46912398041,0.189591137573149,-0.319241585830554,FALSE
"SAM",1983,7,967.2413,1,"Residual catch",0,"0",TRUE,928.553552927106,0.189591137573149,0.215305122070632,FALSE
"SAM",1984,1,605110.2,1,"Residual catch",0,"0",FALSE,432955.579134164,0.189591137573149,1.76577587093025,FALSE
"SAM",1984,2,80914.8799999999,1,"Residual catch",0,"0",FALSE,78309.7966840487,0.189591137573149,0.172608413481555,FALSE
"SAM",1984,3,33655.66,1,"Residual catch",0,"0",FALSE,33497.9207331903,0.189591137573149,0.0247789788485986,FALSE
"SAM",1984,4,4685.637,1,"Residual catch",0,"0",FALSE,4858.27374062348,0.189591137573149,-0.19083858865506,FALSE
"SAM",1984,5,3970.123,1,"Residual catch",0,"0",FALSE,3714.20505907032,0.189591137573149,0.351453151107817,FALSE
"SAM",1984,6,1197.487,1,"Residual catch",0,"0",FALSE,1123.62151585191,0.189591137573149,0.335818593700521,FALSE
"SAM",1984,7,858.1142,1,"Residual catch",0,"0",TRUE,811.985792273884,0.189591137573149,0.291439509052706,FALSE
"SAM",1985,1,78639.43,1,"Residual catch",0,"0",FALSE,61235.7408628291,0.189591137573149,1.31937711177946,FALSE
"SAM",1985,2,159140.1,1,"Residual catch",0,"0",FALSE,180227.031864587,0.189591137573149,-0.656319696886691,FALSE
"SAM",1985,3,20271.9,1,"Residual catch",0,"0",FALSE,20310.9176153571,0.189591137573149,-0.0101421638829465,FALSE
"SAM",1985,4,8870.354,1,"Residual catch",0,"0",FALSE,8827.76515383181,0.189591137573149,0.0253852567948326,FALSE
"SAM",1985,5,1508.951,1,"Residual catch",0,"0",FALSE,1556.24475353577,0.189591137573149,-0.16277660957892,FALSE
"SAM",1985,6,1424.793,1,"Residual catch",0,"0",FALSE,1376.01881855488,0.189591137573149,0.183722323542588,FALSE
"SAM",1985,7,745.7115,1,"Residual catch",0,"0",TRUE,593.462346538012,0.189591137573149,1.20451319686227,FALSE
"SAM",1986,1,665109,1,"Residual catch",0,"0",FALSE,446537.652491916,0.189591137573149,2.10150757703161,FALSE
"SAM",1986,2,39569.08,1,"Residual catch",0,"0",FALSE,39964.2396885035,0.189591137573149,-0.0524130051657119,FALSE
"SAM",1986,3,36331.47,1,"Residual catch",0,"0",FALSE,38326.0634617872,0.189591137573149,-0.2819006506762,FALSE
"SAM",1986,4,6201.814,1,"Residual catch",0,"0",FALSE,6233.30619073564,0.189591137573149,-0.0267156519946646,FALSE
"SAM",1986,5,3171.411,1,"Residual catch",0,"0",FALSE,2989.08324458133,0.189591137573149,0.312302920903208,FALSE
"SAM",1986,6,641.7048,1,"Residual catch",0,"0",FALSE,702.486982174706,0.189591137573149,-0.477334999004005,FALSE
"SAM",1986,7,889.5367,1,"Residual catch",0,"0",TRUE,771.001470579931,0.189591137573149,0.754309965598718,FALSE
"SAM",1987,1,71682,1,"Residual catch",0,"0",FALSE,98865.5318225357,0.189591137573149,-1.69586509417572,FALSE
"SAM",1987,2,194570.8,1,"Residual catch",0,"0",FALSE,193471.214097802,0.189591137573149,0.0298925895338453,FALSE
"SAM",1987,3,10749.18,1,"Residual catch",0,"0",FALSE,9886.11083042246,0.189591137573149,0.441469195227539,FALSE
"SAM",1987,4,9593.558,1,"Residual catch",0,"0",FALSE,8708.96912025817,0.189591137573149,0.510247497955274,FALSE
"SAM",1987,5,1664.881,1,"Residual catch",0,"0",FALSE,1714.41940564722,0.189591137573149,-0.154652982665874,FALSE
"SAM",1987,6,1127.421,1,"Residual catch",0,"0",FALSE,1034.98664277681,0.189591137573149,0.451203592170383,FALSE
"SAM",1987,7,589.388,1,"Residual catch",0,"0",TRUE,495.91809041674,0.189591137573149,0.910770090943492,FALSE
"SAM",1988,1,37976.67,1,"Residual catch",0,"0",FALSE,52416.7926038781,0.189591137573149,-1.69973654801149,FALSE
"SAM",1988,2,81504.01,1,"Residual catch",0,"0",FALSE,73948.7451492125,0.189591137573149,0.513104159990537,FALSE
"SAM",1988,3,46124,1,"Residual catch",0,"0",FALSE,41981.5289713485,0.189591137573149,0.496350662593902,FALSE
"SAM",1988,4,3394.962,1,"Residual catch",0,"0",FALSE,3006.51946843229,0.189591137573149,0.640902748138958,FALSE
"SAM",1988,5,2753.549,1,"Residual catch",0,"0",FALSE,2571.43744222349,0.189591137573149,0.360911208099787,FALSE
"SAM",1988,6,690.4552,1,"Residual catch",0,"0",FALSE,714.029888860378,0.189591137573149,-0.177084925060448,FALSE
"SAM",1988,7,482.9117,1,"Residual catch",0,"0",TRUE,509.859630391212,0.189591137573149,-0.286414400998363,FALSE
"SAM",1989,1,207251.9,1,"Residual catch",0,"0",FALSE,176011.771160046,0.189591137573149,0.86177069953699,FALSE
"SAM",1989,2,45855.99,1,"Residual catch",0,"0",FALSE,45382.7293423684,0.189591137573149,0.0547188649897463,FALSE
"SAM",1989,3,22402.67,1,"Residual catch",0,"0",FALSE,22821.4171524503,0.189591137573149,-0.0976801758294806,FALSE
"SAM",1989,4,10500.06,1,"Residual catch",0,"0",FALSE,10504.4214842531,0.189591137573149,-0.00219045488743727,FALSE
"SAM",1989,5,1107.254,1,"Residual catch",0,"0",FALSE,1043.89729108404,0.189591137573149,0.310784421093712,FALSE
"SAM",1989,6,1097.013,1,"Residual catch",0,"0",FALSE,1074.02615745503,0.189591137573149,0.111696575235226,FALSE
"SAM",1989,7,488.9962,1,"Residual catch",0,"0",TRUE,475.69753973076,0.189591137573149,0.145431307096238,FALSE
"SAM",1990,1,50197.27,1,"Residual catch",0,"0",FALSE,47956.3920506889,0.189591137573149,0.240879105978989,FALSE
"SAM",1990,2,106092.1,1,"Residual catch",0,"0",FALSE,103093.731995256,0.189591137573149,0.151214826662682,FALSE
"SAM",1990,3,12305.27,1,"Residual catch",0,"0",FALSE,11751.3698206946,0.189591137573149,0.242932302700907,FALSE
"SAM",1990,4,5222.331,1,"Residual catch",0,"0",FALSE,5183.27598047783,0.189591137573149,0.0395934588709652,FALSE
"SAM",1990,5,2614.315,1,"Residual catch",0,"0",FALSE,2686.33772533518,0.189591137573149,-0.143343792587991,FALSE
"SAM",1990,6,330.5396,1,"Residual catch",0,"0",FALSE,355.153401682968,0.189591137573149,-0.378832807824184,FALSE
"SAM",1990,7,452.0366,1,"Residual catch",0,"0",TRUE,522.65262230943,0.189591137573149,-0.765615382408816,FALSE
"SAM",1991,1,64796.66,1,"Residual catch",0,"0",FALSE,62024.8697969628,0.189591137573149,0.230594261981055,FALSE
"SAM",1991,2,33269.32,1,"Residual catch",0,"0",FALSE,34084.1377640391,0.189591137573149,-0.127624408910561,FALSE
"SAM",1991,3,18809.25,1,"Residual catch",0,"0",FALSE,21089.1012214975,0.189591137573149,-0.603443856091874,FALSE
"SAM",1991,4,3454.085,1,"Residual catch",0,"0",FALSE,3437.67693883916,0.189591137573149,0.0251153816924768,FALSE
"SAM",1991,5,1637.4,1,"Residual catch",0,"0",FALSE,1572.98203557491,0.189591137573149,0.211699844989805,FALSE
"SAM",1991,6,1109.577,1,"Residual catch",0,"0",FALSE,1051.26817767593,0.189591137573149,0.284726589341487,FALSE
"SAM",1991,7,423.2429,1,"Residual catch",0,"0",TRUE,377.010349560894,0.189591137573149,0.610121379670759,FALSE
"SAM",1992,1,138364.3,1,"Residual catch",0,"0",FALSE,135730.639141884,0.189591137573149,0.101364098334589,FALSE
"SAM",1992,2,43363.61,1,"Residual catch",0,"0",FALSE,44136.5741931799,0.189591137573149,-0.0931909350919031,FALSE
"SAM",1992,3,9102.957,1,"Residual catch",0,"0",FALSE,9055.83420977053,0.189591137573149,0.0273751811013559,FALSE
"SAM",1992,4,5635.915,1,"Residual catch",0,"0",FALSE,5102.64112586329,0.189591137573149,0.524292644042142,FALSE
"SAM",1992,5,1109.697,1,"Residual catch",0,"0",FALSE,1055.68787483978,0.189591137573149,0.26316861220774,FALSE
"SAM",1992,6,539.7525,1,"Residual catch",0,"0",FALSE,515.826962704743,0.189591137573149,0.23914269460407,FALSE
"SAM",1992,7,462.8848,1,"Residual catch",0,"0",TRUE,472.928107112382,0.189591137573149,-0.113218227192884,FALSE
"SAM",1993,1,38727.7,1,"Residual catch",0,"0",FALSE,48954.197380192,0.189591137573149,-1.23597553316264,FALSE
"SAM",1993,2,86389.2900000001,1,"Residual catch",0,"0",FALSE,95687.4816872246,0.189591137573149,-0.53918011966236,FALSE
"SAM",1993,3,12195.71,1,"Residual catch",0,"0",FALSE,12291.6442477882,0.189591137573149,-0.0413281529211499,FALSE
"SAM",1993,4,3257.423,1,"Residual catch",0,"0",FALSE,2877.33097385686,0.189591137573149,0.654425487927445,FALSE
"SAM",1993,5,1728.794,1,"Residual catch",0,"0",FALSE,1555.72622254016,0.189591137573149,0.556363531483184,FALSE
"SAM",1993,6,450.1428,1,"Residual catch",0,"0",FALSE,408.569251780878,0.189591137573149,0.511117977681768,FALSE
"SAM",1993,7,381.9262,1,"Residual catch",0,"0",TRUE,336.61415725959,0.189591137573149,0.666117928161561,FALSE
"SAM",1994,1,339776.7,1,"Residual catch",0,"0",FALSE,197742.524123133,0.189591137573149,2.85521170885411,FALSE
"SAM",1994,2,42985.87,1,"Residual catch",0,"0",FALSE,45813.5679436963,0.189591137573149,-0.336032761532736,FALSE
"SAM",1994,3,22589.53,1,"Residual catch",0,"0",FALSE,24019.0801778771,0.189591137573149,-0.323654354822193,FALSE
"SAM",1994,4,3325.347,1,"Residual catch",0,"0",FALSE,3487.38704896812,0.189591137573149,-0.250954397312674,FALSE
"SAM",1994,5,915.5267,1,"Residual catch",0,"0",FALSE,925.447736730153,0.189591137573149,-0.056849345222019,FALSE
"SAM",1994,6,564.3376,1,"Residual catch",0,"0",FALSE,542.122733697957,0.189591137573149,0.211825472182424,FALSE
"SAM",1994,7,271.4406,1,"Residual catch",0,"0",TRUE,258.699173544458,0.189591137573149,0.253584829880292,FALSE
"SAM",1995,1,61619.59,1,"Residual catch",0,"0",FALSE,67887.5349251422,0.189591137573149,-0.510955309380395,FALSE
"SAM",1995,2,108889.7,1,"Residual catch",0,"0",FALSE,112596.641199306,0.189591137573149,-0.176571768690694,FALSE
"SAM",1995,3,13482.09,1,"Residual catch",0,"0",FALSE,14140.0405669713,0.189591137573149,-0.251321828905805,FALSE
"SAM",1995,4,5852.896,1,"Residual catch",0,"0",FALSE,5882.44885155849,0.189591137573149,-0.0265654035457084,FALSE
"SAM",1995,5,860.3785,1,"Residual catch",0,"0",FALSE,973.836273702649,0.189591137573149,-0.653357459530513,FALSE
"SAM",1995,6,297.0553,1,"Residual catch",0,"0",FALSE,295.310172759581,0.189591137573149,0.0310778224003019,FALSE
"SAM",1995,7,232.4739,1,"Residual catch",0,"0",TRUE,246.167694696259,0.189591137573149,-0.301886625706562,FALSE
"SAM",1996,1,19656.02,1,"Residual catch",0,"0",FALSE,28978.1737791901,0.189591137573149,-2.04734920927765,FALSE
"SAM",1996,2,61741.49,1,"Residual catch",0,"0",FALSE,60867.3049725864,0.189591137573149,0.0752144115843343,FALSE
"SAM",1996,3,25018.95,1,"Residual catch",0,"0",FALSE,26170.0313456357,0.189591137573149,-0.237254637298081,FALSE
"SAM",1996,4,3372.365,1,"Residual catch",0,"0",FALSE,3782.04685648571,0.189591137573149,-0.604728060185799,FALSE
"SAM",1996,5,2038.024,1,"Residual catch",0,"0",FALSE,1987.22618138958,0.189591137573149,0.133133455605566,FALSE
"SAM",1996,6,423.9409,1,"Residual catch",0,"0",FALSE,397.946738601497,0.189591137573149,0.333749171053734,FALSE
"SAM",1996,7,312.8461,1,"Residual catch",0,"0",TRUE,243.703743365946,0.189591137573149,1.31735089763595,FALSE
"SAM",1997,1,112487,1,"Residual catch",0,"0",FALSE,131100.877667557,0.189591137573149,-0.807682405081983,FALSE
"SAM",1997,2,43594.55,1,"Residual catch",0,"0",FALSE,41193.5958032879,0.189591137573149,0.298797405097999,FALSE
"SAM",1997,3,19419.39,1,"Residual catch",0,"0",FALSE,18296.1449457204,0.189591137573149,0.314264017105567,FALSE
"SAM",1997,4,6690.203,1,"Residual catch",0,"0",FALSE,6454.76448325771,0.189591137573149,0.188962839940872,FALSE
"SAM",1997,5,1287.072,1,"Residual catch",0,"0",FALSE,1291.23753334789,0.189591137573149,-0.0170430729267255,FALSE
"SAM",1997,6,752.3927,1,"Residual catch",0,"0",FALSE,697.360499954792,0.189591137573149,0.400630021202642,FALSE
"SAM",1997,7,243.6049,1,"Residual catch",0,"0",TRUE,225.154413781503,0.189591137573149,0.415426592673034,FALSE
"SAM",1998,1,17801.32,1,"Residual catch",0,"0",FALSE,14931.2461693064,0.189591137573149,0.927345753424598,FALSE
"SAM",1998,2,175496.7,1,"Residual catch",0,"0",FALSE,166550.16558016,0.189591137573149,0.275981679122859,FALSE
"SAM",1998,3,18586.26,1,"Residual catch",0,"0",FALSE,16338.3959726113,0.189591137573149,0.679908780488946,FALSE
"SAM",1998,4,6083.573,1,"Residual catch",0,"0",FALSE,5316.20344679965,0.189591137573149,0.711176581338535,FALSE
"SAM",1998,5,2435.278,1,"Residual catch",0,"0",FALSE,2094.85813987726,0.189591137573149,0.79420949156204,FALSE
"SAM",1998,6,520.2817,1,"Residual catch",0,"0",FALSE,497.873325109168,0.189591137573149,0.232208735112571,FALSE
"SAM",1998,7,314.7248,1,"Residual catch",0,"0",TRUE,321.418218174046,0.189591137573149,-0.110999541391432,FALSE
"SAM",1999,1,37154.55,1,"Residual catch",0,"0",FALSE,33483.7211329304,0.189591137573149,0.548690498128259,FALSE
"SAM",1999,2,16068.98,1,"Residual catch",0,"0",FALSE,16544.7516039785,0.189591137573149,-0.153900772205056,FALSE
"SAM",1999,3,40950.5,1,"Residual catch",0,"0",FALSE,40501.4069925551,0.189591137573149,0.0581636162530096,FALSE
"SAM",1999,4,4022.684,1,"Residual catch",0,"0",FALSE,3714.31117465874,0.189591137573149,0.420674188139744,FALSE
"SAM",1999,5,1466.3,1,"Residual catch",0,"0",FALSE,1400.99927095158,0.189591137573149,0.240287993449908,FALSE
"SAM",1999,6,638.0234,1,"Residual catch",0,"0",FALSE,528.340509681712,0.189591137573149,0.994951460590336,FALSE
"SAM",1999,7,342.6244,1,"Residual catch",0,"0",TRUE,291.578208926281,0.189591137573149,0.850918125669712,FALSE
"SAM",2000,1,48764.24,1,"Residual catch",0,"0",FALSE,47452.9456018855,0.189591137573149,0.143776004287455,FALSE
"SAM",2000,2,28530.51,1,"Residual catch",0,"0",FALSE,30608.9791491306,0.189591137573149,-0.370900043508559,FALSE
"SAM",2000,3,6520.505,1,"Residual catch",0,"0",FALSE,5381.4169467278,0.189591137573149,1.01270616807161,FALSE
"SAM",2000,4,6760.399,1,"Residual catch",0,"0",FALSE,6648.59146027781,0.189591137573149,0.0879623934269351,FALSE
"SAM",2000,5,1010.906,1,"Residual catch",0,"0",FALSE,869.776739516907,0.189591137573149,0.793105004281797,FALSE
"SAM",2000,6,387.5941,1,"Residual catch",0,"0",FALSE,381.640609387229,0.189591137573149,0.081645722363287,FALSE
"SAM",2000,7,211.0753,1,"Residual catch",0,"0",TRUE,240.213346346321,0.189591137573149,-0.682059991731091,FALSE
"SAM",2001,1,7895.168,1,"Residual catch",0,"0",FALSE,11460.0489173431,0.189591137573149,-1.96536640796772,FALSE
"SAM",2001,2,54758.82,1,"Residual catch",0,"0",FALSE,47299.551814706,0.189591137573149,0.772386480771925,FALSE
"SAM",2001,3,6951.91,1,"Residual catch",0,"0",FALSE,7448.69051330505,0.189591137573149,-0.364056072636101,FALSE
"SAM",2001,4,1176.376,1,"Residual catch",0,"0",FALSE,1189.96642250915,0.189591137573149,-0.0605859758425353,FALSE
"SAM",2001,5,1104.38,1,"Residual catch",0,"0",FALSE,1068.55655342797,0.189591137573149,0.173928853985191,FALSE
"SAM",2001,6,143.1961,1,"Residual catch",0,"0",FALSE,167.205171828,0.189591137573149,-0.817583641425499,FALSE
"SAM",2001,7,132.7561,1,"Residual catch",0,"0",TRUE,150.382769759363,0.189591137573149,-0.657574154976074,FALSE
"SAM",2002,1,32080,1,"Residual catch",0,"0",FALSE,29823.3257346865,0.189591137573149,0.384732924910364,FALSE
"SAM",2002,2,21804.62,1,"Residual catch",0,"0",FALSE,18667.4056639524,0.189591137573149,0.8193573049459,FALSE
"SAM",2002,3,17533.92,1,"Residual catch",0,"0",FALSE,17308.0294531507,0.189591137573149,0.0683933156858932,FALSE
"SAM",2002,4,2845.219,1,"Residual catch",0,"0",FALSE,2537.56657285422,0.189591137573149,0.603585503004437,FALSE
"SAM",2002,5,408.3775,1,"Residual catch",0,"0",FALSE,419.724463011978,0.189591137573149,-0.144555616707931,FALSE
"SAM",2002,6,397.898,1,"Residual catch",0,"0",FALSE,334.672996998143,0.189591137573149,0.912710195787382,FALSE
"SAM",2002,7,122.638,1,"Residual catch",0,"0",TRUE,108.237821914051,0.189591137573149,0.65881806091585,FALSE
"SAM",2003,1,6311.121,1,"Residual catch",0,"0",FALSE,6425.84754069468,0.189591137573149,-0.0950214233094443,FALSE
"SAM",2003,2,15488.46,1,"Residual catch",0,"0",FALSE,19831.9953064149,0.189591137573149,-1.30386541651415,FALSE
"SAM",2003,3,4427.292,1,"Residual catch",0,"0",FALSE,4382.69004728843,0.189591137573149,0.0534065499046993,FALSE
"SAM",2003,4,3247.206,1,"Residual catch",0,"0",FALSE,3013.03729202289,0.189591137573149,0.394777404327198,FALSE
"SAM",2003,5,404.706,1,"Residual catch",0,"0",FALSE,506.281597220236,0.189591137573149,-1.18113196657228,FALSE
"SAM",2003,6,69.87208,1,"Residual catch",0,"0",FALSE,99.7618834268111,0.189591137573149,-1.87835804794381,FALSE
"SAM",2003,7,85.39436,1,"Residual catch",0,"0",TRUE,100.754821690842,0.189591137573149,-0.872456399141314,FALSE
"SAM",2004,1,22089.06,1,"Residual catch",0,"0",FALSE,21101.0988987641,0.189591137573149,0.241347482191497,FALSE
"SAM",2004,2,12574.13,1,"Residual catch",0,"0",FALSE,11393.377539438,0.189591137573149,0.520115343758754,FALSE
"SAM",2004,3,7550.476,1,"Residual catch",0,"0",FALSE,7483.1547683514,0.189591137573149,0.0472392549600762,FALSE
"SAM",2004,4,1661.226,1,"Residual catch",0,"0",FALSE,1503.90159253123,0.189591137573149,0.524777119715589,FALSE
"SAM",2004,5,971.2393,1,"Residual catch",0,"0",FALSE,1018.59762060933,0.189591137573149,-0.25111507966507,FALSE
"SAM",2004,6,157.5161,1,"Residual catch",0,"0",FALSE,181.615483301637,0.189591137573149,-0.750900329852137,FALSE
"SAM",2004,7,56.8747,1,"Residual catch",0,"0",TRUE,70.6089738945657,0.189591137573149,-1.14091115041879,FALSE
"SAM",2005,1,11385.39,1,"Residual catch",0,"0",FALSE,12878.5487334382,0.189591137573149,-0.649988630278068,FALSE
"SAM",2005,2,16623.95,1,"Residual catch",0,"0",FALSE,19635.7268374287,0.189591137573149,-0.878238720771806,FALSE
"SAM",2005,3,4876.308,1,"Residual catch",0,"0",FALSE,4340.30840229375,0.189591137573149,0.614179394778579,FALSE
"SAM",2005,4,1902.84,1,"Residual catch",0,"0",FALSE,1872.58559538381,0.189591137573149,0.0845364399810602,FALSE
"SAM",2005,5,552.7317,1,"Residual catch",0,"0",FALSE,490.790192911047,0.189591137573149,0.626906841355081,FALSE
"SAM",2005,6,357.5672,1,"Residual catch",0,"0",FALSE,360.556157989059,0.189591137573149,-0.043907148074299,FALSE
"SAM",2005,7,79.64181,1,"Residual catch",0,"0",TRUE,90.7692153980328,0.189591137573149,-0.689805368109742,FALSE
"SAM",2006,1,29252.74,1,"Residual catch",0,"0",FALSE,31610.8073584776,0.189591137573149,-0.408910583193225,FALSE
"SAM",2006,2,39885.31,1,"Residual catch",0,"0",FALSE,20539.6552434182,0.189591137573149,3.50043084533153,FALSE
"SAM",2006,3,6478.60100000001,1,"Residual catch",0,"0",FALSE,6869.0495564946,0.189591137573149,-0.308670323279633,FALSE
"SAM",2006,4,1044.687,1,"Residual catch",0,"0",FALSE,1227.91764121636,0.189591137573149,-0.852373392084092,FALSE
"SAM",2006,5,540.814,1,"Residual catch",0,"0",FALSE,507.948346800732,0.189591137573149,0.33068871197,FALSE
"SAM",2006,6,189.9674,1,"Residual catch",0,"0",FALSE,176.129321571869,0.189591137573149,0.398931999582342,FALSE
"SAM",2006,7,150.4909,1,"Residual catch",0,"0",TRUE,158.301038130673,0.189591137573149,-0.266868526999501,FALSE
"SAM",2007,1,17236.66,1,"Residual catch",0,"0",FALSE,14798.5570628147,0.189591137573149,0.804409070268037,FALSE
"SAM",2007,2,30872.29,1,"Residual catch",0,"0",FALSE,32218.8983164276,0.189591137573149,-0.225190730728896,FALSE
"SAM",2007,3,5021.102,1,"Residual catch",0,"0",FALSE,5394.72048016164,0.189591137573149,-0.378558596440221,FALSE
"SAM",2007,4,2106.769,1,"Residual catch",0,"0",FALSE,1801.35452205981,0.189591137573149,0.826075533396905,FALSE
"SAM",2007,5,455.0561,1,"Residual catch",0,"0",FALSE,452.244699989867,0.189591137573149,0.0326877254427748,FALSE
"SAM",2007,6,166.6786,1,"Residual catch",0,"0",FALSE,178.111293948308,0.189591137573149,-0.349917171580699,FALSE
"SAM",2007,7,91.12346,1,"Residual catch",0,"0",TRUE,110.855060347416,0.189591137573149,-1.03384734967769,FALSE
"SAM",2008,1,11249.42,1,"Residual catch",0,"0",FALSE,12221.8813874741,0.189591137573149,-0.437316484744118,FALSE
"SAM",2008,2,12769.79,1,"Residual catch",0,"0",FALSE,13348.2838671209,0.189591137573149,-0.23369025975656,FALSE
"SAM",2008,3,12243.54,1,"Residual catch",0,"0",FALSE,11817.3056732272,0.189591137573149,0.18689381709762,FALSE
"SAM",2008,4,1392.39,1,"Residual catch",0,"0",FALSE,1621.70318183783,0.189591137573149,-0.804126451511388,FALSE
"SAM",2008,5,734.1969,1,"Residual catch",0,"0",FALSE,728.537796037617,0.189591137573149,0.0408127857653472,FALSE
"SAM",2008,6,225.3712,1,"Residual catch",0,"0",FALSE,199.424144852661,0.189591137573149,0.645150846375676,FALSE
"SAM",2008,7,113.2317,1,"Residual catch",0,"0",TRUE,107.550336889822,0.189591137573149,0.271516772621436,FALSE
"SAM",2009,1,10718.7,1,"Residual catch",0,"0",FALSE,11088.4987266678,0.189591137573149,-0.178903619621832,FALSE
"SAM",2009,2,14053.04,1,"Residual catch",0,"0",FALSE,13739.7676669893,0.189591137573149,0.118910437286688,FALSE
"SAM",2009,3,5620.108,1,"Residual catch",0,"0",FALSE,5261.30620741044,0.189591137573149,0.347967512200307,FALSE
"SAM",2009,4,3724.394,1,"Residual catch",0,"0",FALSE,3475.46665936203,0.189591137573149,0.364866177049097,FALSE
"SAM",2009,5,660.0338,1,"Residual catch",0,"0",FALSE,646.0186229459,0.189591137573149,0.113205261851431,FALSE
"SAM",2009,6,262.6321,1,"Residual catch",0,"0",FALSE,249.605058490239,0.189591137573149,0.268336861728977,FALSE
"SAM",2009,7,102.8093,1,"Residual catch",0,"0",TRUE,123.854790580073,0.189591137573149,-0.982292855125604,FALSE
"SAM",2010,1,11402.76,1,"Residual catch",0,"0",FALSE,13144.559773066,0.189591137573149,-0.74978471046985,FALSE
"SAM",2010,2,15077.26,1,"Residual catch",0,"0",FALSE,14283.878738938,0.189591137573149,0.285119382408349,FALSE
"SAM",2010,3,6006.464,1,"Residual catch",0,"0",FALSE,5576.35924569362,0.189591137573149,0.39189661019753,FALSE
"SAM",2010,4,1683.024,1,"Residual catch",0,"0",FALSE,1623.63389673449,0.189591137573149,0.189488773241377,FALSE
"SAM",2010,5,1361.523,1,"Residual catch",0,"0",FALSE,1255.91729865256,0.189591137573149,0.425851684307425,FALSE
"SAM",2010,6,199.4292,1,"Residual catch",0,"0",FALSE,213.798823423628,0.189591137573149,-0.366980282825103,FALSE
"SAM",2010,7,93.52039,1,"Residual catch",0,"0",TRUE,90.0306467858126,0.189591137573149,0.200586143761637,FALSE
"SAM",2011,1,5337.719,1,"Residual catch",0,"0",FALSE,5160.95390752309,0.189591137573149,0.177629505166326,FALSE
"SAM",2011,2,12999.11,1,"Residual catch",0,"0",FALSE,15087.5076136016,0.189591137573149,-0.78582891257946,FALSE
"SAM",2011,3,6276.789,1,"Residual catch",0,"0",FALSE,6276.81432581209,0.189591137573149,-2.12817306369373e-05,FALSE
"SAM",2011,4,1608.329,1,"Residual catch",0,"0",FALSE,1665.00498949955,0.189591137573149,-0.182668708827652,FALSE
"SAM",2011,5,621.3396,1,"Residual catch",0,"0",FALSE,651.275484693025,0.189591137573149,-0.248191621755359,FALSE
"SAM",2011,6,464.3278,1,"Residual catch",0,"0",FALSE,450.926833446122,0.189591137573149,0.154467525086778,FALSE
"SAM",2011,7,86.38886,1,"Residual catch",0,"0",TRUE,89.4841726941833,0.189591137573149,-0.185678699834792,FALSE
"SAM",2012,1,12844.62,1,"Residual catch",0,"0",FALSE,10676.6617481936,0.189591137573149,0.975071064592937,FALSE
"SAM",2012,2,7600.469,1,"Residual catch",0,"0",FALSE,7398.33411577786,0.189591137573149,0.142174897424913,FALSE
"SAM",2012,3,7412.122,1,"Residual catch",0,"0",FALSE,8647.40005816603,0.189591137573149,-0.813022899400252,FALSE
"SAM",2012,4,2178.479,1,"Residual catch",0,"0",FALSE,2441.75836193971,0.189591137573149,-0.601776509702685,FALSE
"SAM",2012,5,641.363,1,"Residual catch",0,"0",FALSE,728.263616134727,0.189591137573149,-0.670218529560026,FALSE
"SAM",2012,6,251.8267,1,"Residual catch",0,"0",FALSE,243.698722813331,0.189591137573149,0.173048345737353,FALSE
"SAM",2012,7,165.7521,1,"Residual catch",0,"0",TRUE,173.438153759649,0.189591137573149,-0.23908171695099,FALSE
"SAM",2013,1,9045.89899999999,1,"Residual catch",0,"0",FALSE,8818.57681128365,0.189591137573149,0.134241549627441,FALSE
"SAM",2013,2,9097.949,1,"Residual catch",0,"0",FALSE,10014.9859691805,0.189591137573149,-0.506529819173522,FALSE
"SAM",2013,3,4146.406,1,"Residual catch",0,"0",FALSE,4203.70292244963,0.189591137573149,-0.0723865593776517,FALSE
"SAM",2013,4,3194.241,1,"Residual catch",0,"0",FALSE,3393.89236429537,0.189591137573149,-0.319782626115688,FALSE
"SAM",2013,5,981.8415,1,"Residual catch",0,"0",FALSE,1089.6287462419,0.189591137573149,-0.549405572060223,FALSE
"SAM",2013,6,231.1535,1,"Residual catch",0,"0",FALSE,260.676367995024,0.189591137573149,-0.633983624408613,FALSE
"SAM",2013,7,148.1907,1,"Residual catch",0,"0",TRUE,147.204724105255,0.189591137573149,0.0352108176352282,FALSE
"SAM",2014,1,10908.68,1,"Residual catch",0,"0",FALSE,10704.9620339008,0.189591137573149,0.0994320061045412,FALSE
"SAM",2014,2,11664.01,1,"Residual catch",0,"0",FALSE,11463.0006246419,0.189591137573149,0.0916895230567641,FALSE
"SAM",2014,3,6526.96900000001,1,"Residual catch",0,"0",FALSE,5788.10729623342,0.189591137573149,0.633665293513542,FALSE
"SAM",2014,4,1917.898,1,"Residual catch",0,"0",FALSE,1831.95249417027,0.189591137573149,0.241822800642398,FALSE
"SAM",2014,5,1414.902,1,"Residual catch",0,"0",FALSE,1525.06067634414,0.189591137573149,-0.395450585127478,FALSE
"SAM",2014,6,341.5452,1,"Residual catch",0,"0",FALSE,381.459700967737,0.189591137573149,-0.582965986426292,FALSE
"SAM",2014,7,110.1715,1,"Residual catch",0,"0",TRUE,132.659988649513,0.189591137573149,-0.979745880178295,FALSE
"SAM",2015,1,4930.116,1,"Residual catch",0,"0",FALSE,5378.71806880235,0.189591137573149,-0.459343999577723,FALSE
"SAM",2015,2,15934.42,1,"Residual catch",0,"0",FALSE,15192.354136162,0.189591137573149,0.251537418954271,FALSE
"SAM",2015,3,7529.175,1,"Residual catch",0,"0",FALSE,7859.65056398386,0.189591137573149,-0.226575326451504,FALSE
"SAM",2015,4,2215.171,1,"Residual catch",0,"0",FALSE,2369.21612367776,0.189591137573149,-0.354602806727552,FALSE
"SAM",2015,5,838.5221,1,"Residual catch",0,"0",FALSE,904.437468430232,0.189591137573149,-0.399133799482137,FALSE
"SAM",2015,6,668.9334,1,"Residual catch",0,"0",FALSE,636.177207264321,0.189591137573149,0.264819083534757,FALSE
"SAM",2015,7,198.1946,1,"Residual catch",0,"0",TRUE,189.161416119537,0.189591137573149,0.246048801695238,FALSE
"SAM",2016,1,4487.877,1,"Residual catch",0,"0",FALSE,3908.08229080761,0.189591137573149,0.729638379865212,FALSE
"SAM",2016,2,7370.7,1,"Residual catch",0,"0",FALSE,7268.96860323273,0.189591137573149,0.0733065389661174,FALSE
"SAM",2016,3,9025.30699999999,1,"Residual catch",0,"0",FALSE,9640.51009604992,0.189591137573149,-0.347808986926922,FALSE
"SAM",2016,4,3553.438,1,"Residual catch",0,"0",FALSE,3898.42856444271,0.189591137573149,-0.4887251344276,FALSE
"SAM",2016,5,1073.68,1,"Residual catch",0,"0",FALSE,1130.34145445231,0.189591137573149,-0.271256134184509,FALSE
"SAM",2016,6,287.2878,1,"Residual catch",0,"0",FALSE,359.328905997801,0.189591137573149,-1.18019040266125,FALSE
"SAM",2016,7,258.7282,1,"Residual catch",0,"0",TRUE,301.533714230412,0.189591137573149,-0.807546933430992,FALSE
"SAM",2017,1,10358.07,1,"Residual catch",0,"0",FALSE,11859.0773123139,0.189591137573149,-0.713786878162824,FALSE
"SAM",2017,2,5495.982,1,"Residual catch",0,"0",FALSE,5253.26462712092,0.189591137573149,0.238236677628048,FALSE
"SAM",2017,3,5467.346,1,"Residual catch",0,"0",FALSE,5783.06536674773,0.189591137573149,-0.296113923656585,FALSE
"SAM",2017,4,4257.37,1,"Residual catch",0,"0",FALSE,4420.54448471222,0.189591137573149,-0.198380983590794,FALSE
"SAM",2017,5,1845.172,1,"Residual catch",0,"0",FALSE,2331.26678513753,0.189591137573149,-1.23338732683787,FALSE
"SAM",2017,6,412.4773,1,"Residual catch",0,"0",FALSE,489.751970787404,0.189591137573149,-0.905727499319551,FALSE
"SAM",2017,7,212.3683,1,"Residual catch",0,"0",TRUE,296.574089634623,0.189591137573149,-1.76155405097845,FALSE
"SAM",2018,1,3029.953,1,"Residual catch",0,"0",FALSE,3028.92072453808,0.189591137573149,0.00179727970429587,FALSE
"SAM",2018,2,15499.91,1,"Residual catch",0,"0",FALSE,15835.5186650361,0.189591137573149,-0.112986380141966,FALSE
"SAM",2018,3,4571.316,1,"Residual catch",0,"0",FALSE,4177.93152401148,0.189591137573149,0.474625851452619,FALSE
"SAM",2018,4,2564.057,1,"Residual catch",0,"0",FALSE,2900.90320962473,0.189591137573149,-0.65103976892381,FALSE
"SAM",2018,5,1889.185,1,"Residual catch",0,"0",FALSE,2162.98401020333,0.189591137573149,-0.713868997887129,FALSE
"SAM",2018,6,829.6226,1,"Residual catch",0,"0",FALSE,1005.41938176739,0.189591137573149,-1.01370313302688,FALSE
"SAM",2018,7,437.7174,1,"Residual catch",0,"0",TRUE,394.512876463463,0.189591137573149,0.54813594285719,FALSE
"SAM",2019,1,5242.475,1,"Residual catch",0,"0",FALSE,5901.84082380603,0.189591137573149,-0.624874098729405,FALSE
"SAM",2019,2,3602.748,1,"Residual catch",0,"0",FALSE,3595.63890336581,0.189591137573149,0.0104181675198213,FALSE
"SAM",2019,3,7112.455,1,"Residual catch",0,"0",FALSE,7175.08128222568,0.189591137573149,-0.0462395958153664,FALSE
"SAM",2019,4,1207.966,1,"Residual catch",0,"0",FALSE,1287.10227782999,0.189591137573149,-0.334696245831346,FALSE
"SAM",2019,5,1074.508,1,"Residual catch",0,"0",FALSE,1065.31770771223,0.189591137573149,0.0453070261178484,FALSE
"SAM",2019,6,553.6771,1,"Residual catch",0,"0",FALSE,556.471501928531,0.189591137573149,-0.0265534304966698,FALSE
"SAM",2019,7,504.2341,1,"Residual catch",0,"0",TRUE,392.326824409621,0.189591137573149,1.32361364252831,FALSE
"SAM",2020,1,12264.74,1,"Residual catch",0,"0",FALSE,10128.8115533978,0.189591137573149,1.00924805627076,FALSE
"SAM",2020,2,7440.144,1,"Residual catch",0,"0",FALSE,6478.23427648066,0.189591137573149,0.730214609361119,FALSE
"SAM",2020,3,1987.611,1,"Residual catch",0,"0",FALSE,1983.66635915844,0.189591137573149,0.0104782644083375,FALSE
"SAM",2020,4,1556.406,1,"Residual catch",0,"0",FALSE,1801.36233282199,0.189591137573149,-0.77094275028988,FALSE
"SAM",2020,5,484.7603,1,"Residual catch",0,"0",FALSE,478.237932866946,0.189591137573149,0.0714493619588737,FALSE
"SAM",2020,6,331.9203,1,"Residual catch",0,"0",FALSE,264.526893738591,0.189591137573149,1.19705994162691,FALSE
"SAM",2020,7,213.7349,1,"Residual catch",0,"0",TRUE,227.728265581819,0.189591137573149,-0.334491576539451,FALSE
"SAM",2021,1,3013.116,1,"Residual catch",0,"0",FALSE,3144.13716825419,0.189591137573149,-0.224508083545306,FALSE
"SAM",2021,2,4275.344,1,"Residual catch",0,"0",FALSE,6425.71082457557,0.189591137573149,-2.14905979817829,FALSE
"SAM",2021,3,2417.779,1,"Residual catch",0,"0",FALSE,3018.88784758269,0.189591137573149,-1.17114731124984,FALSE
"SAM",2021,4,753.3906,1,"Residual catch",0,"0",FALSE,748.695239914845,0.189591137573149,0.03297520692227,FALSE
"SAM",2021,5,643.0462,1,"Residual catch",0,"0",FALSE,647.237858907221,0.189591137573149,-0.0342699992080852,FALSE
"SAM",2021,6,122.4982,1,"Residual catch",0,"0",FALSE,143.322721288004,0.189591137573149,-0.828111196353697,FALSE
"SAM",2021,7,177.2741,1,"Residual catch",0,"0",TRUE,160.564703334839,0.189591137573149,0.522176965712908,FALSE
"SAM",2022,1,NA,1,"Residual catch",0,"0",FALSE,NA,NA,NA,FALSE
"SAM",2022,2,NA,1,"Residual catch",0,"0",FALSE,NA,NA,NA,FALSE
"SAM",2022,3,NA,1,"Residual catch",0,"0",FALSE,NA,NA,NA,FALSE
"SAM",2022,4,NA,1,"Residual catch",0,"0",FALSE,NA,NA,NA,FALSE
"SAM",2022,5,NA,1,"Residual catch",0,"0",FALSE,NA,NA,NA,FALSE
"SAM",2022,6,NA,1,"Residual catch",0,"0",FALSE,NA,NA,NA,FALSE
"SAM",2022,7,NA,1,"Residual catch",0,"0",TRUE,NA,NA,NA,FALSE
"tinyAM",1983,1,83614.55,1,"Residual catch",0,"0",FALSE,114195.220754761,0.241176430410409,-1.29238125808346,FALSE
"tinyAM",1984,1,605110.2,1,"Residual catch",0,"0",FALSE,391131.802755165,0.241176430410409,1.80932272209724,FALSE
"tinyAM",1985,1,78639.43,1,"Residual catch",0,"0",FALSE,59090.1600283852,0.241176430410409,1.18506113362029,FALSE
"tinyAM",1986,1,665109,1,"Residual catch",0,"0",FALSE,395208.179632261,0.241176430410409,2.15832978787843,FALSE
"tinyAM",1987,1,71682,1,"Residual catch",0,"0",FALSE,107608.539027479,0.241176430410409,-1.68449434638325,FALSE
"tinyAM",1988,1,37976.67,1,"Residual catch",0,"0",FALSE,57526.4161057997,0.241176430410409,-1.72186074866632,FALSE
"tinyAM",1989,1,207251.9,1,"Residual catch",0,"0",FALSE,162499.805068374,0.241176430410409,1.00863156089295,FALSE
"tinyAM",1990,1,50197.27,1,"Residual catch",0,"0",FALSE,47388.6627893443,0.241176430410409,0.238736530836245,FALSE
"tinyAM",1991,1,64796.66,1,"Residual catch",0,"0",FALSE,61271.1794104471,0.241176430410409,0.231964967626424,FALSE
"tinyAM",1992,1,138364.3,1,"Residual catch",0,"0",FALSE,136632.816469329,0.241176430410409,0.0522144967910892,FALSE
"tinyAM",1993,1,38727.7,1,"Residual catch",0,"0",FALSE,52915.5876275172,0.241176430410409,-1.29425106259601,FALSE
"tinyAM",1994,1,339776.7,1,"Residual catch",0,"0",FALSE,176255.199244954,0.241176430410409,2.72147529301912,FALSE
"tinyAM",1995,1,61619.59,1,"Residual catch",0,"0",FALSE,72520.2585833013,0.241176430410409,-0.675381552928626,FALSE
"tinyAM",1996,1,19656.02,1,"Residual catch",0,"0",FALSE,31646.1221715636,0.241176430410409,-1.97462067635906,FALSE
"tinyAM",1997,1,112487,1,"Residual catch",0,"0",FALSE,131487.853094234,0.241176430410409,-0.647147881602057,FALSE
"tinyAM",1998,1,17801.32,1,"Residual catch",0,"0",FALSE,13301.163634792,0.241176430410409,1.20833154640224,FALSE
"tinyAM",1999,1,37154.55,1,"Residual catch",0,"0",FALSE,29588.1180160064,0.241176430410409,0.944177577226564,FALSE
"tinyAM",2000,1,48764.24,1,"Residual catch",0,"0",FALSE,43013.36246511,0.241176430410409,0.52030969493572,FALSE
"tinyAM",2001,1,7895.168,1,"Residual catch",0,"0",FALSE,12622.6167862739,0.241176430410409,-1.94562652895971,FALSE
"tinyAM",2002,1,32080,1,"Residual catch",0,"0",FALSE,26905.3272749489,0.241176430410409,0.729376729465549,FALSE
"tinyAM",2003,1,6311.121,1,"Residual catch",0,"0",FALSE,7124.06329208396,0.241176430410409,-0.50239127528808,FALSE
"tinyAM",2004,1,22089.06,1,"Residual catch",0,"0",FALSE,20441.8162722525,0.241176430410409,0.321340866910883,FALSE
"tinyAM",2005,1,11385.39,1,"Residual catch",0,"0",FALSE,12225.2618702125,0.241176430410409,-0.295109689442745,FALSE
"tinyAM",2006,1,29252.74,1,"Residual catch",0,"0",FALSE,28715.4483515042,0.241176430410409,0.0768648762040954,FALSE
"tinyAM",2007,1,17236.66,1,"Residual catch",0,"0",FALSE,13970.3279913587,0.241176430410409,0.871158343922796,FALSE
"tinyAM",2008,1,11249.42,1,"Residual catch",0,"0",FALSE,11960.7900150407,0.241176430410409,-0.254242212806911,FALSE
"tinyAM",2009,1,10718.7,1,"Residual catch",0,"0",FALSE,10510.9138707486,0.241176430410409,0.0811677409471404,FALSE
"tinyAM",2010,1,11402.76,1,"Residual catch",0,"0",FALSE,13467.7003885116,0.241176430410409,-0.690112310029759,FALSE
"tinyAM",2011,1,5337.719,1,"Residual catch",0,"0",FALSE,5612.77170602267,0.241176430410409,-0.208338163583207,FALSE
"tinyAM",2012,1,12844.62,1,"Residual catch",0,"0",FALSE,10853.1199321072,0.241176430410409,0.698544448743394,FALSE
"tinyAM",2013,1,9045.89899999999,1,"Residual catch",0,"0",FALSE,9500.03198506801,0.241176430410409,-0.203103012716816,FALSE
"tinyAM",2014,1,10908.68,1,"Residual catch",0,"0",FALSE,11328.8868237171,0.241176430410409,-0.156719366014449,FALSE
"tinyAM",2015,1,4930.116,1,"Residual catch",0,"0",FALSE,5865.70441987291,0.241176430410409,-0.720468675559512,FALSE
"tinyAM",2016,1,4487.877,1,"Residual catch",0,"0",FALSE,4088.23307104321,0.241176430410409,0.386716465320552,FALSE
"tinyAM",2017,1,10358.07,1,"Residual catch",0,"0",FALSE,12046.0248060189,0.241176430410409,-0.625968249039085,FALSE
"tinyAM",2018,1,3029.953,1,"Residual catch",0,"0",FALSE,2617.36271923945,0.241176430410409,0.606941119808191,FALSE
"tinyAM",2019,1,5242.475,1,"Residual catch",0,"0",FALSE,5214.26855102979,0.241176430410409,0.022369081057317,FALSE
"tinyAM",2020,1,12264.74,1,"Residual catch",0,"0",FALSE,9889.20544137692,0.241176430410409,0.892643927840142,FALSE
"tinyAM",2021,1,3013.116,1,"Residual catch",0,"0",FALSE,4262.29987269978,0.241176430410409,-1.43809298027102,FALSE
"tinyAM",2022,1,NA,1,"Residual catch",0,"0",FALSE,5590.81968160798,0.241176430410409,NA,FALSE
"tinyAM",1983,2,144066,1,"Residual catch",0,"0",FALSE,156949.439636522,0.241176430410409,-0.3551432654425,FALSE
"tinyAM",1984,2,80914.8799999999,1,"Residual catch",0,"0",FALSE,74608.0480070669,0.241176430410409,0.336472988959909,FALSE
"tinyAM",1985,2,159140.1,1,"Residual catch",0,"0",FALSE,173393.406746368,0.241176430410409,-0.355665326721599,FALSE
"tinyAM",1986,2,39569.08,1,"Residual catch",0,"0",FALSE,36302.0556978493,0.241176430410409,0.357305374250292,FALSE
"tinyAM",1987,2,194570.8,1,"Residual catch",0,"0",FALSE,193936.395400419,0.241176430410409,0.0135413753113452,FALSE
"tinyAM",1988,2,81504.01,1,"Residual catch",0,"0",FALSE,77732.7101138614,0.241176430410409,0.196437409065435,FALSE
"tinyAM",1989,2,45855.99,1,"Residual catch",0,"0",FALSE,44986.4757591257,0.241176430410409,0.0793772742459424,FALSE
"tinyAM",1990,2,106092.1,1,"Residual catch",0,"0",FALSE,103662.85766669,0.241176430410409,0.096044645320041,FALSE
"tinyAM",1991,2,33269.32,1,"Residual catch",0,"0",FALSE,33954.4918384816,0.241176430410409,-0.0845252651627262,FALSE
"tinyAM",1992,2,43363.61,1,"Residual catch",0,"0",FALSE,44885.4732663243,0.241176430410409,-0.143022255309862,FALSE
"tinyAM",1993,2,86389.2900000001,1,"Residual catch",0,"0",FALSE,98883.7024371612,0.241176430410409,-0.560090912394815,FALSE
"tinyAM",1994,2,42985.87,1,"Residual catch",0,"0",FALSE,45678.528413973,0.241176430410409,-0.251918865287607,FALSE
"tinyAM",1995,2,108889.7,1,"Residual catch",0,"0",FALSE,123500.072687016,0.241176430410409,-0.522050604746861,FALSE
"tinyAM",1996,2,61741.49,1,"Residual catch",0,"0",FALSE,67066.2040333258,0.241176430410409,-0.343002419580356,FALSE
"tinyAM",1997,2,43594.55,1,"Residual catch",0,"0",FALSE,43093.1545662389,0.241176430410409,0.047964823080586,FALSE
"tinyAM",1998,2,175496.7,1,"Residual catch",0,"0",FALSE,150962.298115597,0.241176430410409,0.624398141926175,FALSE
"tinyAM",1999,2,16068.98,1,"Residual catch",0,"0",FALSE,14976.9418849474,0.241176430410409,0.291814977899951,FALSE
"tinyAM",2000,2,28530.51,1,"Residual catch",0,"0",FALSE,29728.548087467,0.241176430410409,-0.170554635657328,FALSE
"tinyAM",2001,2,54758.82,1,"Residual catch",0,"0",FALSE,51988.843610244,0.241176430410409,0.215233727101085,FALSE
"tinyAM",2002,2,21804.62,1,"Residual catch",0,"0",FALSE,17909.924426411,0.241176430410409,0.815862798780118,FALSE
"tinyAM",2003,2,15488.46,1,"Residual catch",0,"0",FALSE,24036.9910114187,0.241176430410409,-1.822312008949,FALSE
"tinyAM",2004,2,12574.13,1,"Residual catch",0,"0",FALSE,11147.6586503906,0.241176430410409,0.499269514657939,FALSE
"tinyAM",2005,2,16623.95,1,"Residual catch",0,"0",FALSE,20382.157162655,0.241176430410409,-0.845088561235917,FALSE
"tinyAM",2006,2,39885.31,1,"Residual catch",0,"0",FALSE,18595.1016441733,0.241176430410409,3.16411471389554,FALSE
"tinyAM",2007,2,30872.29,1,"Residual catch",0,"0",FALSE,34074.061263666,0.241176430410409,-0.409150305843114,FALSE
"tinyAM",2008,2,12769.79,1,"Residual catch",0,"0",FALSE,13412.3374768125,0.241176430410409,-0.203555402949115,FALSE
"tinyAM",2009,2,14053.04,1,"Residual catch",0,"0",FALSE,13086.0597601614,0.241176430410409,0.295597787887465,FALSE
"tinyAM",2010,2,15077.26,1,"Residual catch",0,"0",FALSE,13888.1746160354,0.241176430410409,0.340621665724489,FALSE
"tinyAM",2011,2,12999.11,1,"Residual catch",0,"0",FALSE,16334.5998187684,0.241176430410409,-0.94704384003403,FALSE
"tinyAM",2012,2,7600.469,1,"Residual catch",0,"0",FALSE,7340.45498155365,0.241176430410409,0.144330557353072,FALSE
"tinyAM",2013,2,9097.949,1,"Residual catch",0,"0",FALSE,10359.5610044928,0.241176430410409,-0.538447551132386,FALSE
"tinyAM",2014,2,11664.01,1,"Residual catch",0,"0",FALSE,11826.44144199,0.241176430410409,-0.0573430503282301,FALSE
"tinyAM",2015,2,15934.42,1,"Residual catch",0,"0",FALSE,15857.1499686032,0.241176430410409,0.0201555707781327,FALSE
"tinyAM",2016,2,7370.7,1,"Residual catch",0,"0",FALSE,7864.31526701549,0.241176430410409,-0.268777469249888,FALSE
"tinyAM",2017,2,5495.982,1,"Residual catch",0,"0",FALSE,5193.94867202285,0.241176430410409,0.234363899842694,FALSE
"tinyAM",2018,2,15499.91,1,"Residual catch",0,"0",FALSE,13282.9290529691,0.241176430410409,0.640006721420803,FALSE
"tinyAM",2019,2,3602.748,1,"Residual catch",0,"0",FALSE,3061.65533420457,0.241176430410409,0.674780527842586,FALSE
"tinyAM",2020,2,7440.144,1,"Residual catch",0,"0",FALSE,6167.71584988389,0.241176430410409,0.77769472088899,FALSE
"tinyAM",2021,2,4275.344,1,"Residual catch",0,"0",FALSE,8555.49712747194,0.241176430410409,-2.87635672801657,FALSE
"tinyAM",2022,2,NA,1,"Residual catch",0,"0",FALSE,5018.3907879521,0.241176430410409,NA,FALSE
"tinyAM",1983,3,22598.7,1,"Residual catch",0,"0",FALSE,21195.1826204908,0.241176430410409,0.26585707988577,FALSE
"tinyAM",1984,3,33655.66,1,"Residual catch",0,"0",FALSE,33122.5815769453,0.241176430410409,0.0662003801789368,FALSE
"tinyAM",1985,3,20271.9,1,"Residual catch",0,"0",FALSE,20226.361458248,0.241176430410409,0.00932476842646493,FALSE
"tinyAM",1986,3,36331.47,1,"Residual catch",0,"0",FALSE,37186.6110210986,0.241176430410409,-0.0964624520864339,FALSE
"tinyAM",1987,3,10749.18,1,"Residual catch",0,"0",FALSE,9894.63644379643,0.241176430410409,0.343469034180114,FALSE
"tinyAM",1988,3,46124,1,"Residual catch",0,"0",FALSE,42018.7701222144,0.241176430410409,0.386509559116505,FALSE
"tinyAM",1989,3,22402.67,1,"Residual catch",0,"0",FALSE,21539.9504740962,0.241176430410409,0.162830072766807,FALSE
"tinyAM",1990,3,12305.27,1,"Residual catch",0,"0",FALSE,11640.8476733233,0.241176430410409,0.2301525152657,FALSE
"tinyAM",1991,3,18809.25,1,"Residual catch",0,"0",FALSE,20625.1808235838,0.241176430410409,-0.382143185052633,FALSE
"tinyAM",1992,3,9102.957,1,"Residual catch",0,"0",FALSE,8753.24568432573,0.241176430410409,0.162431871084376,FALSE
"tinyAM",1993,3,12195.71,1,"Residual catch",0,"0",FALSE,11956.7471127725,0.241176430410409,0.0820499728352612,FALSE
"tinyAM",1994,3,22589.53,1,"Residual catch",0,"0",FALSE,23385.0071959372,0.241176430410409,-0.143498990500855,FALSE
"tinyAM",1995,3,13482.09,1,"Residual catch",0,"0",FALSE,15396.4867129665,0.241176430410409,-0.550539742497743,FALSE
"tinyAM",1996,3,25018.95,1,"Residual catch",0,"0",FALSE,27591.5055802246,0.241176430410409,-0.405820828437798,FALSE
"tinyAM",1997,3,19419.39,1,"Residual catch",0,"0",FALSE,18279.3152003179,0.241176430410409,0.250861776647915,FALSE
"tinyAM",1998,3,18586.26,1,"Residual catch",0,"0",FALSE,14294.1211534572,0.241176430410409,1.08872269577331,FALSE
"tinyAM",1999,3,40950.5,1,"Residual catch",0,"0",FALSE,37508.9663444073,0.241176430410409,0.363982554903572,FALSE
"tinyAM",2000,3,6520.505,1,"Residual catch",0,"0",FALSE,5019.5254931801,0.241176430410409,1.08475119445362,FALSE
"tinyAM",2001,3,6951.91,1,"Residual catch",0,"0",FALSE,8127.68817712902,0.241176430410409,-0.647907773722039,FALSE
"tinyAM",2002,3,17533.92,1,"Residual catch",0,"0",FALSE,15495.6321155965,0.241176430410409,0.512401253981999,FALSE
"tinyAM",2003,3,4427.292,1,"Residual catch",0,"0",FALSE,4961.68733318184,0.241176430410409,-0.472507866420024,FALSE
"tinyAM",2004,3,7550.476,1,"Residual catch",0,"0",FALSE,7346.6562906642,0.241176430410409,0.113465997944205,FALSE
"tinyAM",2005,3,4876.308,1,"Residual catch",0,"0",FALSE,3979.02155924419,0.241176430410409,0.843168738010568,FALSE
"tinyAM",2006,3,6478.60100000001,1,"Residual catch",0,"0",FALSE,6234.35423214856,0.241176430410409,0.159342227546508,FALSE
"tinyAM",2007,3,5021.102,1,"Residual catch",0,"0",FALSE,5288.40180413728,0.241176430410409,-0.21505688673986,FALSE
"tinyAM",2008,3,12243.54,1,"Residual catch",0,"0",FALSE,11486.3410058107,0.241176430410409,0.264701903181506,FALSE
"tinyAM",2009,3,5620.108,1,"Residual catch",0,"0",FALSE,4957.5090966011,0.241176430410409,0.520148110087647,FALSE
"tinyAM",2010,3,6006.464,1,"Residual catch",0,"0",FALSE,5529.22337844848,0.241176430410409,0.343270918866662,FALSE
"tinyAM",2011,3,6276.789,1,"Residual catch",0,"0",FALSE,6710.55884201375,0.241176430410409,-0.27707387643765,FALSE
"tinyAM",2012,3,7412.122,1,"Residual catch",0,"0",FALSE,9130.21140682143,0.241176430410409,-0.864396579236765,FALSE
"tinyAM",2013,3,4146.406,1,"Residual catch",0,"0",FALSE,4434.60186326012,0.241176430410409,-0.27861721460843,FALSE
"tinyAM",2014,3,6526.96900000001,1,"Residual catch",0,"0",FALSE,6099.43044711406,0.241176430410409,0.280903372398098,FALSE
"tinyAM",2015,3,7529.175,1,"Residual catch",0,"0",FALSE,8566.65660117022,0.241176430410409,-0.535259826159365,FALSE
"tinyAM",2016,3,9025.30699999999,1,"Residual catch",0,"0",FALSE,10714.0664850782,0.241176430410409,-0.711201265920507,FALSE
"tinyAM",2017,3,5467.346,1,"Residual catch",0,"0",FALSE,6056.48887958218,0.241176430410409,-0.424323937674672,FALSE
"tinyAM",2018,3,4571.316,1,"Residual catch",0,"0",FALSE,3615.91427046136,0.241176430410409,0.972136432169045,FALSE
"tinyAM",2019,3,7112.455,1,"Residual catch",0,"0",FALSE,6707.46526721277,0.241176430410409,0.24308489573693,FALSE
"tinyAM",2020,3,1987.611,1,"Residual catch",0,"0",FALSE,2084.02283822831,0.241176430410409,-0.196398410697832,FALSE
"tinyAM",2021,3,2417.779,1,"Residual catch",0,"0",FALSE,4230.91229516809,0.241176430410409,-2.32016159830562,FALSE
"tinyAM",2022,3,NA,1,"Residual catch",0,"0",FALSE,8086.11067266874,0.241176430410409,NA,FALSE
"tinyAM",1983,4,13187.1,1,"Residual catch",0,"0",FALSE,11175.3428271165,0.241176430410409,0.686340952431465,FALSE
"tinyAM",1984,4,4685.637,1,"Residual catch",0,"0",FALSE,4813.35979216859,0.241176430410409,-0.111509526147768,FALSE
"tinyAM",1985,4,8870.354,1,"Residual catch",0,"0",FALSE,8945.99077842754,0.241176430410409,-0.0352056328980168,FALSE
"tinyAM",1986,4,6201.814,1,"Residual catch",0,"0",FALSE,6149.65363458128,0.241176430410409,0.0350202929711011,FALSE
"tinyAM",1987,4,9593.558,1,"Residual catch",0,"0",FALSE,9038.59282835713,0.241176430410409,0.247073603953476,FALSE
"tinyAM",1988,4,3394.962,1,"Residual catch",0,"0",FALSE,2986.35472780814,0.241176430410409,0.531723098932838,FALSE
"tinyAM",1989,4,10500.06,1,"Residual catch",0,"0",FALSE,9969.41185625793,0.241176430410409,0.215026735652317,FALSE
"tinyAM",1990,4,5222.331,1,"Residual catch",0,"0",FALSE,5249.95362276477,0.241176430410409,-0.0218735672151231,FALSE
"tinyAM",1991,4,3454.085,1,"Residual catch",0,"0",FALSE,3375.39534885602,0.241176430410409,0.0955529968886593,FALSE
"tinyAM",1992,4,5635.915,1,"Residual catch",0,"0",FALSE,5145.83473277076,0.241176430410409,0.37720068447082,FALSE
"tinyAM",1993,4,3257.423,1,"Residual catch",0,"0",FALSE,2779.5200264326,0.241176430410409,0.65785089892261,FALSE
"tinyAM",1994,4,3325.347,1,"Residual catch",0,"0",FALSE,3385.51235273315,0.241176430410409,-0.074348994464581,FALSE
"tinyAM",1995,4,5852.896,1,"Residual catch",0,"0",FALSE,6208.96040622797,0.241176430410409,-0.244870089256994,FALSE
"tinyAM",1996,4,3372.365,1,"Residual catch",0,"0",FALSE,3760.84267302684,0.241176430410409,-0.452070580139018,FALSE
"tinyAM",1997,4,6690.203,1,"Residual catch",0,"0",FALSE,6136.86347659723,0.241176430410409,0.357955543671093,FALSE
"tinyAM",1998,4,6083.573,1,"Residual catch",0,"0",FALSE,4547.19760292918,0.241176430410409,1.20692165308993,FALSE
"tinyAM",1999,4,4022.684,1,"Residual catch",0,"0",FALSE,3271.71327222269,0.241176430410409,0.856781722086263,FALSE
"tinyAM",2000,4,6760.399,1,"Residual catch",0,"0",FALSE,6497.04819631427,0.241176430410409,0.164750601050883,FALSE
"tinyAM",2001,4,1176.376,1,"Residual catch",0,"0",FALSE,1303.55343180383,0.241176430410409,-0.425644488303469,FALSE
"tinyAM",2002,4,2845.219,1,"Residual catch",0,"0",FALSE,2341.09701684299,0.241176430410409,0.808621353702891,FALSE
"tinyAM",2003,4,3247.206,1,"Residual catch",0,"0",FALSE,3604.79972988059,0.241176430410409,-0.433173678282779,FALSE
"tinyAM",2004,4,1661.226,1,"Residual catch",0,"0",FALSE,1485.81257704914,0.241176430410409,0.46270720262981,FALSE
"tinyAM",2005,4,1902.84,1,"Residual catch",0,"0",FALSE,1827.28181950283,0.241176430410409,0.168001445401563,FALSE
"tinyAM",2006,4,1044.687,1,"Residual catch",0,"0",FALSE,1154.21261520538,0.241176430410409,-0.413394766111184,FALSE
"tinyAM",2007,4,2106.769,1,"Residual catch",0,"0",FALSE,1826.27522887742,0.241176430410409,0.592416910099315,FALSE
"tinyAM",2008,4,1392.39,1,"Residual catch",0,"0",FALSE,1578.01143982972,0.241176430410409,-0.518888917439487,FALSE
"tinyAM",2009,4,3724.394,1,"Residual catch",0,"0",FALSE,3171.08404338116,0.241176430410409,0.666858924844772,FALSE
"tinyAM",2010,4,1683.024,1,"Residual catch",0,"0",FALSE,1571.09381888043,0.241176430410409,0.285351676107437,FALSE
"tinyAM",2011,4,1608.329,1,"Residual catch",0,"0",FALSE,1786.6718495591,0.241176430410409,-0.436024512367906,FALSE
"tinyAM",2012,4,2178.479,1,"Residual catch",0,"0",FALSE,2549.89253179008,0.241176430410409,-0.652734957349346,FALSE
"tinyAM",2013,4,3194.241,1,"Residual catch",0,"0",FALSE,3696.49246039058,0.241176430410409,-0.605510601430771,FALSE
"tinyAM",2014,4,1917.898,1,"Residual catch",0,"0",FALSE,1956.27051037404,0.241176430410409,-0.0821393081530786,FALSE
"tinyAM",2015,4,2215.171,1,"Residual catch",0,"0",FALSE,2606.92628939097,0.241176430410409,-0.675199723052148,FALSE
"tinyAM",2016,4,3553.438,1,"Residual catch",0,"0",FALSE,4421.13516219664,0.241176430410409,-0.905896572168544,FALSE
"tinyAM",2017,4,4257.37,1,"Residual catch",0,"0",FALSE,4634.86287794545,0.241176430410409,-0.352252563204319,FALSE
"tinyAM",2018,4,2564.057,1,"Residual catch",0,"0",FALSE,2457.40501239343,0.241176430410409,0.176156722549167,FALSE
"tinyAM",2019,4,1207.966,1,"Residual catch",0,"0",FALSE,1134.63337257608,0.241176430410409,0.2596786689317,FALSE
"tinyAM",2020,4,1556.406,1,"Residual catch",0,"0",FALSE,1950.81677266523,0.241176430410409,-0.93652943241991,FALSE
"tinyAM",2021,4,753.3906,1,"Residual catch",0,"0",FALSE,1003.92885355109,0.241176430410409,-1.19038421726022,FALSE
"tinyAM",2022,4,NA,1,"Residual catch",0,"0",FALSE,2492.48287054089,0.241176430410409,NA,FALSE
"tinyAM",1983,5,3270.994,1,"Residual catch",0,"0",FALSE,2909.76738381721,0.241176430410409,0.485208164405971,FALSE
"tinyAM",1984,5,3970.123,1,"Residual catch",0,"0",FALSE,3327.01906496271,0.241176430410409,0.732743033345913,FALSE
"tinyAM",1985,5,1508.951,1,"Residual catch",0,"0",FALSE,1543.05138488347,0.241176430410409,-0.0926590019564215,FALSE
"tinyAM",1986,5,3171.411,1,"Residual catch",0,"0",FALSE,2763.85919587614,0.241176430410409,0.570323711080842,FALSE
"tinyAM",1987,5,1664.881,1,"Residual catch",0,"0",FALSE,1707.14259218572,0.241176430410409,-0.1039377051389,FALSE
"tinyAM",1988,5,2753.549,1,"Residual catch",0,"0",FALSE,2517.2856307266,0.241176430410409,0.371966010962234,FALSE
"tinyAM",1989,5,1107.254,1,"Residual catch",0,"0",FALSE,954.516385711668,0.241176430410409,0.615456266925599,FALSE
"tinyAM",1990,5,2614.315,1,"Residual catch",0,"0",FALSE,2684.6228661546,0.241176430410409,-0.110036231991884,FALSE
"tinyAM",1991,5,1637.4,1,"Residual catch",0,"0",FALSE,1496.57975639524,0.241176430410409,0.372869254391409,FALSE
"tinyAM",1992,5,1109.697,1,"Residual catch",0,"0",FALSE,1023.37337634219,0.241176430410409,0.335781580347804,FALSE
"tinyAM",1993,5,1728.794,1,"Residual catch",0,"0",FALSE,1494.50750758849,0.241176430410409,0.603820734611577,FALSE
"tinyAM",1994,5,915.5267,1,"Residual catch",0,"0",FALSE,882.953474500947,0.241176430410409,0.150209616513157,FALSE
"tinyAM",1995,5,860.3785,1,"Residual catch",0,"0",FALSE,1049.2022276393,0.241176430410409,-0.822688030202036,FALSE
"tinyAM",1996,5,2038.024,1,"Residual catch",0,"0",FALSE,1925.74466301313,0.241176430410409,0.234964834747092,FALSE
"tinyAM",1997,5,1287.072,1,"Residual catch",0,"0",FALSE,1257.54736590788,0.241176430410409,0.0962224296018472,FALSE
"tinyAM",1998,5,2435.278,1,"Residual catch",0,"0",FALSE,1815.79629941408,0.241176430410409,1.21710406748593,FALSE
"tinyAM",1999,5,1466.3,1,"Residual catch",0,"0",FALSE,1258.54021699006,0.241176430410409,0.633518496682988,FALSE
"tinyAM",2000,5,1010.906,1,"Residual catch",0,"0",FALSE,836.508081180878,0.241176430410409,0.785176462056201,FALSE
"tinyAM",2001,5,1104.38,1,"Residual catch",0,"0",FALSE,1212.5629738949,0.241176430410409,-0.387484747267635,FALSE
"tinyAM",2002,5,408.3775,1,"Residual catch",0,"0",FALSE,382.952900324225,0.241176430410409,0.266526814637975,FALSE
"tinyAM",2003,5,404.706,1,"Residual catch",0,"0",FALSE,599.748802216836,0.241176430410409,-1.63096379833729,FALSE
"tinyAM",2004,5,971.2393,1,"Residual catch",0,"0",FALSE,1007.01273702642,0.241176430410409,-0.149975916692497,FALSE
"tinyAM",2005,5,552.7317,1,"Residual catch",0,"0",FALSE,455.258718529864,0.241176430410409,0.804418749220976,FALSE
"tinyAM",2006,5,540.814,1,"Residual catch",0,"0",FALSE,489.146728613786,0.241176430410409,0.416346277352017,FALSE
"tinyAM",2007,5,455.0561,1,"Residual catch",0,"0",FALSE,467.312786373602,0.241176430410409,-0.110201910984909,FALSE
"tinyAM",2008,5,734.1969,1,"Residual catch",0,"0",FALSE,703.752941201886,0.241176430410409,0.175597134123368,FALSE
"tinyAM",2009,5,660.0338,1,"Residual catch",0,"0",FALSE,608.368711475667,0.241176430410409,0.337967993737093,FALSE
"tinyAM",2010,5,1361.523,1,"Residual catch",0,"0",FALSE,1221.17955190878,0.241176430410409,0.451066832935473,FALSE
"tinyAM",2011,5,621.3396,1,"Residual catch",0,"0",FALSE,697.442239962107,0.241176430410409,-0.479076282936581,FALSE
"tinyAM",2012,5,641.363,1,"Residual catch",0,"0",FALSE,782.748375511753,0.241176430410409,-0.826016394807533,FALSE
"tinyAM",2013,5,981.8415,1,"Residual catch",0,"0",FALSE,1208.37884141649,0.241176430410409,-0.860801569159166,FALSE
"tinyAM",2014,5,1414.902,1,"Residual catch",0,"0",FALSE,1711.11085173715,0.241176430410409,-0.788147122965016,FALSE
"tinyAM",2015,5,838.5221,1,"Residual catch",0,"0",FALSE,1027.20200965603,0.241176430410409,-0.841512379647447,FALSE
"tinyAM",2016,5,1073.68,1,"Residual catch",0,"0",FALSE,1342.21194590585,0.241176430410409,-0.925575349373451,FALSE
"tinyAM",2017,5,1845.172,1,"Residual catch",0,"0",FALSE,2586.14332620161,0.241176430410409,-1.39978522801047,FALSE
"tinyAM",2018,5,1889.185,1,"Residual catch",0,"0",FALSE,1939.87538087418,0.241176430410409,-0.109787739890434,FALSE
"tinyAM",2019,5,1074.508,1,"Residual catch",0,"0",FALSE,961.342754514528,0.241176430410409,0.461434607772552,FALSE
"tinyAM",2020,5,484.7603,1,"Residual catch",0,"0",FALSE,512.392873545168,0.241176430410409,-0.229861267442307,FALSE
"tinyAM",2021,5,643.0462,1,"Residual catch",0,"0",FALSE,877.675314768945,0.241176430410409,-1.28976182046354,FALSE
"tinyAM",2022,5,NA,1,"Residual catch",0,"0",FALSE,629.37425768302,0.241176430410409,NA,FALSE
"tinyAM",1983,6,1393.521,1,"Residual catch",0,"0",FALSE,1532.07924598048,0.241176430410409,-0.393040726104833,FALSE
"tinyAM",1984,6,1197.487,1,"Residual catch",0,"0",FALSE,1024.98008157583,0.241176430410409,0.644971874891766,FALSE
"tinyAM",1985,6,1424.793,1,"Residual catch",0,"0",FALSE,1291.80938057648,0.241176430410409,0.406269732171573,FALSE
"tinyAM",1986,6,641.7048,1,"Residual catch",0,"0",FALSE,680.418831009794,0.241176430410409,-0.242893352227162,FALSE
"tinyAM",1987,6,1127.421,1,"Residual catch",0,"0",FALSE,1006.56914848298,0.241176430410409,0.47013324465326,FALSE
"tinyAM",1988,6,690.4552,1,"Residual catch",0,"0",FALSE,719.494341423383,0.241176430410409,-0.170819227266618,FALSE
"tinyAM",1989,6,1097.013,1,"Residual catch",0,"0",FALSE,1009.98738325031,0.241176430410409,0.342708417401437,FALSE
"tinyAM",1990,6,330.5396,1,"Residual catch",0,"0",FALSE,354.949737966308,0.241176430410409,-0.295425741088624,FALSE
"tinyAM",1991,6,1109.577,1,"Residual catch",0,"0",FALSE,999.290465525735,0.241176430410409,0.434074953958596,FALSE
"tinyAM",1992,6,539.7525,1,"Residual catch",0,"0",FALSE,495.868907408579,0.241176430410409,0.351606120057825,FALSE
"tinyAM",1993,6,450.1428,1,"Residual catch",0,"0",FALSE,390.128542360821,0.241176430410409,0.593294232353992,FALSE
"tinyAM",1994,6,564.3376,1,"Residual catch",0,"0",FALSE,520.80426020689,0.241176430410409,0.332861643493063,FALSE
"tinyAM",1995,6,297.0553,1,"Residual catch",0,"0",FALSE,310.533220782388,0.241176430410409,-0.183983858065204,FALSE
"tinyAM",1996,6,423.9409,1,"Residual catch",0,"0",FALSE,386.13502758047,0.241176430410409,0.387297124706312,FALSE
"tinyAM",1997,6,752.3927,1,"Residual catch",0,"0",FALSE,669.802098637754,0.241176430410409,0.482120501204364,FALSE
"tinyAM",1998,6,520.2817,1,"Residual catch",0,"0",FALSE,440.203577894865,0.241176430410409,0.692991012567345,FALSE
"tinyAM",1999,6,638.0234,1,"Residual catch",0,"0",FALSE,467.107601926738,0.241176430410409,1.29289299601616,FALSE
"tinyAM",2000,6,387.5941,1,"Residual catch",0,"0",FALSE,361.138755332234,0.241176430410409,0.293131503841347,FALSE
"tinyAM",2001,6,143.1961,1,"Residual catch",0,"0",FALSE,182.159322544571,0.241176430410409,-0.99788641372254,FALSE
"tinyAM",2002,6,397.898,1,"Residual catch",0,"0",FALSE,307.048347920889,0.241176430410409,1.07469237486679,FALSE
"tinyAM",2003,6,69.87208,1,"Residual catch",0,"0",FALSE,119.03389670055,0.241176430410409,-2.20893126319921,FALSE
"tinyAM",2004,6,157.5161,1,"Residual catch",0,"0",FALSE,191.211664403194,0.241176430410409,-0.803782233014623,FALSE
"tinyAM",2005,6,357.5672,1,"Residual catch",0,"0",FALSE,356.683359401672,0.241176430410409,0.0102616857703436,FALSE
"tinyAM",2006,6,189.9674,1,"Residual catch",0,"0",FALSE,167.846008276949,0.241176430410409,0.513340116310522,FALSE
"tinyAM",2007,6,166.6786,1,"Residual catch",0,"0",FALSE,190.625594896257,0.241176430410409,-0.556620979523946,FALSE
"tinyAM",2008,6,225.3712,1,"Residual catch",0,"0",FALSE,196.956792198834,0.241176430410409,0.558779498570736,FALSE
"tinyAM",2009,6,262.6321,1,"Residual catch",0,"0",FALSE,242.927704546883,0.241176430410409,0.323374495965849,FALSE
"tinyAM",2010,6,199.4292,1,"Residual catch",0,"0",FALSE,221.642078238357,0.241176430410409,-0.437872532943537,FALSE
"tinyAM",2011,6,464.3278,1,"Residual catch",0,"0",FALSE,490.328170655737,0.241176430410409,-0.225909864230016,FALSE
"tinyAM",2012,6,251.8267,1,"Residual catch",0,"0",FALSE,260.940052948095,0.241176430410409,-0.147400582073028,FALSE
"tinyAM",2013,6,231.1535,1,"Residual catch",0,"0",FALSE,290.95917560298,0.241176430410409,-0.954077373612961,FALSE
"tinyAM",2014,6,341.5452,1,"Residual catch",0,"0",FALSE,424.670163115714,0.241176430410409,-0.903209127675056,FALSE
"tinyAM",2015,6,668.9334,1,"Residual catch",0,"0",FALSE,694.57941471867,0.241176430410409,-0.155993684942773,FALSE
"tinyAM",2016,6,287.2878,1,"Residual catch",0,"0",FALSE,410.258097459488,0.241176430410409,-1.47734986488687,FALSE
"tinyAM",2017,6,412.4773,1,"Residual catch",0,"0",FALSE,511.221301808375,0.241176430410409,-0.889893751543715,FALSE
"tinyAM",2018,6,829.6226,1,"Residual catch",0,"0",FALSE,851.743617485852,0.241176430410409,-0.109109602737888,FALSE
"tinyAM",2019,6,553.6771,1,"Residual catch",0,"0",FALSE,492.034240321595,0.241176430410409,0.489406682138414,FALSE
"tinyAM",2020,6,331.9203,1,"Residual catch",0,"0",FALSE,261.351772437652,0.241176430410409,0.991090184307595,FALSE
"tinyAM",2021,6,122.4982,1,"Residual catch",0,"0",FALSE,181.192390366085,0.241176430410409,-1.62313979143588,FALSE
"tinyAM",2022,6,NA,1,"Residual catch",0,"0",FALSE,365.837309746412,0.241176430410409,NA,FALSE
"tinyAM",1983,7,967.2413,1,"Residual catch",0,"0",TRUE,922.87315327479,0.241176430410409,0.194696482435725,FALSE
"tinyAM",1984,7,858.1142,1,"Residual catch",0,"0",TRUE,842.111514224411,0.241176430410409,0.0780538366148099,FALSE
"tinyAM",1985,7,745.7115,1,"Residual catch",0,"0",TRUE,582.623264174599,0.241176430410409,1.02330903725625,FALSE
"tinyAM",1986,7,889.5367,1,"Residual catch",0,"0",TRUE,748.876276977519,0.241176430410409,0.713697352179371,FALSE
"tinyAM",1987,7,589.388,1,"Residual catch",0,"0",TRUE,490.132273833982,0.241176430410409,0.764624506711119,FALSE
"tinyAM",1988,7,482.9117,1,"Residual catch",0,"0",TRUE,533.989564010034,0.241176430410409,-0.416883500352888,FALSE
"tinyAM",1989,7,488.9962,1,"Residual catch",0,"0",TRUE,463.585795617081,0.241176430410409,0.221262279667794,FALSE
"tinyAM",1990,7,452.0366,1,"Residual catch",0,"0",TRUE,549.293009706977,0.241176430410409,-0.807992987168898,FALSE
"tinyAM",1991,7,423.2429,1,"Residual catch",0,"0",TRUE,350.125695958543,0.241176430410409,0.78637047688591,FALSE
"tinyAM",1992,7,462.8848,1,"Residual catch",0,"0",TRUE,464.346047178618,0.241176430410409,-0.0130686674382747,FALSE
"tinyAM",1993,7,381.9262,1,"Residual catch",0,"0",TRUE,312.834528868132,0.241176430410409,0.827415045903591,FALSE
"tinyAM",1994,7,271.4406,1,"Residual catch",0,"0",TRUE,240.55620330474,0.241176430410409,0.500834906971221,FALSE
"tinyAM",1995,7,232.4739,1,"Residual catch",0,"0",TRUE,252.238894005795,0.241176430410409,-0.338336004628864,FALSE
"tinyAM",1996,7,312.8461,1,"Residual catch",0,"0",TRUE,219.587552853069,0.241176430410409,1.46764071718911,FALSE
"tinyAM",1997,7,243.6049,1,"Residual catch",0,"0",TRUE,207.294974754652,0.241176430410409,0.66923982815605,FALSE
"tinyAM",1998,7,314.7248,1,"Residual catch",0,"0",TRUE,285.704640629416,0.241176430410409,0.401117364131174,FALSE
"tinyAM",1999,7,342.6244,1,"Residual catch",0,"0",TRUE,258.968116146993,0.241176430410409,1.16068494967468,FALSE
"tinyAM",2000,7,211.0753,1,"Residual catch",0,"0",TRUE,229.997590873477,0.241176430410409,-0.355979613798883,FALSE
"tinyAM",2001,7,132.7561,1,"Residual catch",0,"0",TRUE,165.122113595926,0.241176430410409,-0.904614402414136,FALSE
"tinyAM",2002,7,122.638,1,"Residual catch",0,"0",TRUE,103.520406579136,0.241176430410409,0.702673009806221,FALSE
"tinyAM",2003,7,85.39436,1,"Residual catch",0,"0",TRUE,119.981654065931,0.241176430410409,-1.41000010354504,FALSE
"tinyAM",2004,7,56.8747,1,"Residual catch",0,"0",TRUE,74.5039247672564,0.241176430410409,-1.11951736928103,FALSE
"tinyAM",2005,7,79.64181,1,"Residual catch",0,"0",TRUE,90.1845691690501,0.241176430410409,-0.515469660521809,FALSE
"tinyAM",2006,7,150.4909,1,"Residual catch",0,"0",TRUE,152.998720997441,0.241176430410409,-0.0685263671535262,FALSE
"tinyAM",2007,7,91.12346,1,"Residual catch",0,"0",TRUE,116.430279537583,0.241176430410409,-1.01617452506713,FALSE
"tinyAM",2008,7,113.2317,1,"Residual catch",0,"0",TRUE,104.097796565697,0.241176430410409,0.348729570621994,FALSE
"tinyAM",2009,7,102.8093,1,"Residual catch",0,"0",TRUE,114.621573324544,0.241176430410409,-0.450957083281235,FALSE
"tinyAM",2010,7,93.52039,1,"Residual catch",0,"0",TRUE,90.7226288826391,0.241176430410409,0.125935481305431,FALSE
"tinyAM",2011,7,86.38886,1,"Residual catch",0,"0",TRUE,96.1252243746282,0.241176430410409,-0.442800440846467,FALSE
"tinyAM",2012,7,165.7521,1,"Residual catch",0,"0",TRUE,178.389878196203,0.241176430410409,-0.304665688823548,FALSE
"tinyAM",2013,7,148.1907,1,"Residual catch",0,"0",TRUE,153.558941123055,0.241176430410409,-0.147545581738444,FALSE
"tinyAM",2014,7,110.1715,1,"Residual catch",0,"0",TRUE,143.279250269225,0.241176430410409,-1.08948159686964,FALSE
"tinyAM",2015,7,198.1946,1,"Residual catch",0,"0",TRUE,198.767344540828,0.241176430410409,-0.0119648571544685,FALSE
"tinyAM",2016,7,258.7282,1,"Residual catch",0,"0",TRUE,338.450850561431,0.241176430410409,-1.11371079578527,FALSE
"tinyAM",2017,7,212.3683,1,"Residual catch",0,"0",TRUE,316.734752785493,0.241176430410409,-1.65746980086901,FALSE
"tinyAM",2018,7,437.7174,1,"Residual catch",0,"0",TRUE,337.133071159059,0.241176430410409,1.08259241542847,FALSE
"tinyAM",2019,7,504.2341,1,"Residual catch",0,"0",TRUE,344.26219694002,0.241176430410409,1.582397899564,FALSE
"tinyAM",2020,7,213.7349,1,"Residual catch",0,"0",TRUE,241.818320934949,0.241176430410409,-0.511866943280377,FALSE
"tinyAM",2021,7,177.2741,1,"Residual catch",0,"0",TRUE,192.39501244566,0.241176430410409,-0.339392587399698,FALSE
"tinyAM",2022,7,NA,1,"Residual catch",0,"0",TRUE,156.583434661721,0.241176430410409,NA,FALSE
