"year","age","survey","q_SAM","q_tinyAM","relative_difference"
1983,1,"NScodindicesQ1",0.00794035853360521,0.00805831964120054,0.0148558918462058
1983,2,"NScodindicesQ1",0.0492873677648211,0.0501029659426902,0.016547813666189
1983,3,"NScodindicesQ1",0.0800766944308678,0.0819220155092809,0.023044421245513
1983,4,"NScodindicesQ1",0.0911771628123248,0.0941953155431302,0.0331020689579675
1983,5,"NScodindicesQ1",0.102698997910182,0.106973101502763,0.0416177730995932
1983,6,"NScodindicesQ1",0.122301110739395,0.131706750526907,0.0769055957926135
1983,7,"NScodindicesQ1",0.122301110739395,0.131706750526907,0.0769055957926135
1984,1,"NScodindicesQ1",0.00794035853360521,0.00805831964120054,0.0148558918462058
1984,2,"NScodindicesQ1",0.0492873677648211,0.0501029659426902,0.016547813666189
1984,3,"NScodindicesQ1",0.0800766944308678,0.0819220155092809,0.023044421245513
1984,4,"NScodindicesQ1",0.0911771628123248,0.0941953155431302,0.0331020689579675
1984,5,"NScodindicesQ1",0.102698997910182,0.106973101502763,0.0416177730995932
1984,6,"NScodindicesQ1",0.122301110739395,0.131706750526907,0.0769055957926135
1984,7,"NScodindicesQ1",0.122301110739395,0.131706750526907,0.0769055957926135
1985,1,"NScodindicesQ1",0.00794035853360521,0.00805831964120054,0.0148558918462058
1985,2,"NScodindicesQ1",0.0492873677648211,0.0501029659426902,0.016547813666189
1985,3,"NScodindicesQ1",0.0800766944308678,0.0819220155092809,0.023044421245513
1985,4,"NScodindicesQ1",0.0911771628123248,0.0941953155431302,0.0331020689579675
1985,5,"NScodindicesQ1",0.102698997910182,0.106973101502763,0.0416177730995932
1985,6,"NScodindicesQ1",0.122301110739395,0.131706750526907,0.0769055957926135
1985,7,"NScodindicesQ1",0.122301110739395,0.131706750526907,0.0769055957926135
1986,1,"NScodindicesQ1",0.00794035853360521,0.00805831964120054,0.0148558918462058
1986,2,"NScodindicesQ1",0.0492873677648211,0.0501029659426902,0.016547813666189
1986,3,"NScodindicesQ1",0.0800766944308678,0.0819220155092809,0.023044421245513
1986,4,"NScodindicesQ1",0.0911771628123248,0.0941953155431302,0.0331020689579675
1986,5,"NScodindicesQ1",0.102698997910182,0.106973101502763,0.0416177730995932
1986,6,"NScodindicesQ1",0.122301110739395,0.131706750526907,0.0769055957926135
1986,7,"NScodindicesQ1",0.122301110739395,0.131706750526907,0.0769055957926135
1987,1,"NScodindicesQ1",0.00794035853360521,0.00805831964120054,0.0148558918462058
1987,2,"NScodindicesQ1",0.0492873677648211,0.0501029659426902,0.016547813666189
1987,3,"NScodindicesQ1",0.0800766944308678,0.0819220155092809,0.023044421245513
1987,4,"NScodindicesQ1",0.0911771628123248,0.0941953155431302,0.0331020689579675
1987,5,"NScodindicesQ1",0.102698997910182,0.106973101502763,0.0416177730995932
1987,6,"NScodindicesQ1",0.122301110739395,0.131706750526907,0.0769055957926135
1987,7,"NScodindicesQ1",0.122301110739395,0.131706750526907,0.0769055957926135
1988,1,"NScodindicesQ1",0.00794035853360521,0.00805831964120054,0.0148558918462058
1988,2,"NScodindicesQ1",0.0492873677648211,0.0501029659426902,0.016547813666189
1988,3,"NScodindicesQ1",0.0800766944308678,0.0819220155092809,0.023044421245513
1988,4,"NScodindicesQ1",0.0911771628123248,0.0941953155431302,0.0331020689579675
1988,5,"NScodindicesQ1",0.102698997910182,0.106973101502763,0.0416177730995932
1988,6,"NScodindicesQ1",0.122301110739395,0.131706750526907,0.0769055957926135
1988,7,"NScodindicesQ1",0.122301110739395,0.131706750526907,0.0769055957926135
1989,1,"NScodindicesQ1",0.00794035853360521,0.00805831964120054,0.0148558918462058
1989,2,"NScodindicesQ1",0.0492873677648211,0.0501029659426902,0.016547813666189
1989,3,"NScodindicesQ1",0.0800766944308678,0.0819220155092809,0.023044421245513
1989,4,"NScodindicesQ1",0.0911771628123248,0.0941953155431302,0.0331020689579675
1989,5,"NScodindicesQ1",0.102698997910182,0.106973101502763,0.0416177730995932
1989,6,"NScodindicesQ1",0.122301110739395,0.131706750526907,0.0769055957926135
1989,7,"NScodindicesQ1",0.122301110739395,0.131706750526907,0.0769055957926135
1990,1,"NScodindicesQ1",0.00794035853360521,0.00805831964120054,0.0148558918462058
1990,2,"NScodindicesQ1",0.0492873677648211,0.0501029659426902,0.016547813666189
1990,3,"NScodindicesQ1",0.0800766944308678,0.0819220155092809,0.023044421245513
1990,4,"NScodindicesQ1",0.0911771628123248,0.0941953155431302,0.0331020689579675
1990,5,"NScodindicesQ1",0.102698997910182,0.106973101502763,0.0416177730995932
1990,6,"NScodindicesQ1",0.122301110739395,0.131706750526907,0.0769055957926135
1990,7,"NScodindicesQ1",0.122301110739395,0.131706750526907,0.0769055957926135
1991,1,"NScodindicesQ1",0.00794035853360521,0.00805831964120054,0.0148558918462058
1991,2,"NScodindicesQ1",0.0492873677648211,0.0501029659426902,0.016547813666189
1991,3,"NScodindicesQ1",0.0800766944308678,0.0819220155092809,0.023044421245513
1991,4,"NScodindicesQ1",0.0911771628123248,0.0941953155431302,0.0331020689579675
1991,5,"NScodindicesQ1",0.102698997910182,0.106973101502763,0.0416177730995932
1991,6,"NScodindicesQ1",0.122301110739395,0.131706750526907,0.0769055957926135
1991,7,"NScodindicesQ1",0.122301110739395,0.131706750526907,0.0769055957926135
1992,1,"NScodindicesQ1",0.00794035853360521,0.00805831964120054,0.0148558918462058
1992,1,"NScodindicesQ3&Q4",0.0256213015997414,0.0259911510422019,0.0144352323796191
1992,2,"NScodindicesQ1",0.0492873677648211,0.0501029659426902,0.016547813666189
1992,2,"NScodindicesQ3&Q4",0.0564557212821385,0.0577843811973588,0.0235345485815379
1992,3,"NScodindicesQ1",0.0800766944308678,0.0819220155092809,0.023044421245513
1992,3,"NScodindicesQ3&Q4",0.082761844318646,0.085609202101637,0.0344042330911369
1992,4,"NScodindicesQ1",0.0911771628123248,0.0941953155431302,0.0331020689579675
1992,4,"NScodindicesQ3&Q4",0.0948940048046032,0.0988726197199851,0.0419269365180057
1992,5,"NScodindicesQ1",0.102698997910182,0.106973101502763,0.0416177730995932
1992,5,"NScodindicesQ3&Q4",0.0897331975670765,0.0954042343388547,0.0631988709366911
1992,6,"NScodindicesQ1",0.122301110739395,0.131706750526907,0.0769055957926135
1992,6,"NScodindicesQ3&Q4",0.107042535701336,0.118067309207282,0.102994323085794
1992,7,"NScodindicesQ1",0.122301110739395,0.131706750526907,0.0769055957926135
1992,7,"NScodindicesQ3&Q4",0.107042535701336,0.118067309207282,0.102994323085794
1993,1,"NScodindicesQ1",0.00794035853360521,0.00805831964120054,0.0148558918462058
1993,1,"NScodindicesQ3&Q4",0.0256213015997414,0.0259911510422019,0.0144352323796191
1993,1,"NScodrecruitmentindex",0.00663255880333795,0.00672824255795515,0.0144263710966348
1993,2,"NScodindicesQ1",0.0492873677648211,0.0501029659426902,0.016547813666189
1993,2,"NScodindicesQ3&Q4",0.0564557212821385,0.0577843811973588,0.0235345485815379
1993,3,"NScodindicesQ1",0.0800766944308678,0.0819220155092809,0.023044421245513
1993,3,"NScodindicesQ3&Q4",0.082761844318646,0.085609202101637,0.0344042330911369
1993,4,"NScodindicesQ1",0.0911771628123248,0.0941953155431302,0.0331020689579675
1993,4,"NScodindicesQ3&Q4",0.0948940048046032,0.0988726197199851,0.0419269365180057
1993,5,"NScodindicesQ1",0.102698997910182,0.106973101502763,0.0416177730995932
1993,5,"NScodindicesQ3&Q4",0.0897331975670765,0.0954042343388547,0.0631988709366911
1993,6,"NScodindicesQ1",0.122301110739395,0.131706750526907,0.0769055957926135
1993,6,"NScodindicesQ3&Q4",0.107042535701336,0.118067309207282,0.102994323085794
1993,7,"NScodindicesQ1",0.122301110739395,0.131706750526907,0.0769055957926135
1993,7,"NScodindicesQ3&Q4",0.107042535701336,0.118067309207282,0.102994323085794
1994,1,"NScodindicesQ1",0.00794035853360521,0.00805831964120054,0.0148558918462058
1994,1,"NScodindicesQ3&Q4",0.0256213015997414,0.0259911510422019,0.0144352323796191
1994,1,"NScodrecruitmentindex",0.00663255880333795,0.00672824255795515,0.0144263710966348
1994,2,"NScodindicesQ1",0.0492873677648211,0.0501029659426902,0.016547813666189
1994,2,"NScodindicesQ3&Q4",0.0564557212821385,0.0577843811973588,0.0235345485815379
1994,3,"NScodindicesQ1",0.0800766944308678,0.0819220155092809,0.023044421245513
1994,3,"NScodindicesQ3&Q4",0.082761844318646,0.085609202101637,0.0344042330911369
1994,4,"NScodindicesQ1",0.0911771628123248,0.0941953155431302,0.0331020689579675
1994,4,"NScodindicesQ3&Q4",0.0948940048046032,0.0988726197199851,0.0419269365180057
1994,5,"NScodindicesQ1",0.102698997910182,0.106973101502763,0.0416177730995932
1994,5,"NScodindicesQ3&Q4",0.0897331975670765,0.0954042343388547,0.0631988709366911
1994,6,"NScodindicesQ1",0.122301110739395,0.131706750526907,0.0769055957926135
1994,6,"NScodindicesQ3&Q4",0.107042535701336,0.118067309207282,0.102994323085794
1994,7,"NScodindicesQ1",0.122301110739395,0.131706750526907,0.0769055957926135
1994,7,"NScodindicesQ3&Q4",0.107042535701336,0.118067309207282,0.102994323085794
1995,1,"NScodindicesQ1",0.00794035853360521,0.00805831964120054,0.0148558918462058
1995,1,"NScodindicesQ3&Q4",0.0256213015997414,0.0259911510422019,0.0144352323796191
1995,1,"NScodrecruitmentindex",0.00663255880333795,0.00672824255795515,0.0144263710966348
1995,2,"NScodindicesQ1",0.0492873677648211,0.0501029659426902,0.016547813666189
1995,2,"NScodindicesQ3&Q4",0.0564557212821385,0.0577843811973588,0.0235345485815379
1995,3,"NScodindicesQ1",0.0800766944308678,0.0819220155092809,0.023044421245513
1995,3,"NScodindicesQ3&Q4",0.082761844318646,0.085609202101637,0.0344042330911369
1995,4,"NScodindicesQ1",0.0911771628123248,0.0941953155431302,0.0331020689579675
1995,4,"NScodindicesQ3&Q4",0.0948940048046032,0.0988726197199851,0.0419269365180057
1995,5,"NScodindicesQ1",0.102698997910182,0.106973101502763,0.0416177730995932
1995,5,"NScodindicesQ3&Q4",0.0897331975670765,0.0954042343388547,0.0631988709366911
1995,6,"NScodindicesQ1",0.122301110739395,0.131706750526907,0.0769055957926135
1995,6,"NScodindicesQ3&Q4",0.107042535701336,0.118067309207282,0.102994323085794
1995,7,"NScodindicesQ1",0.122301110739395,0.131706750526907,0.0769055957926135
1995,7,"NScodindicesQ3&Q4",0.107042535701336,0.118067309207282,0.102994323085794
1996,1,"NScodindicesQ1",0.00794035853360521,0.00805831964120054,0.0148558918462058
1996,1,"NScodindicesQ3&Q4",0.0256213015997414,0.0259911510422019,0.0144352323796191
1996,1,"NScodrecruitmentindex",0.00663255880333795,0.00672824255795515,0.0144263710966348
1996,2,"NScodindicesQ1",0.0492873677648211,0.0501029659426902,0.016547813666189
1996,2,"NScodindicesQ3&Q4",0.0564557212821385,0.0577843811973588,0.0235345485815379
1996,3,"NScodindicesQ1",0.0800766944308678,0.0819220155092809,0.023044421245513
1996,3,"NScodindicesQ3&Q4",0.082761844318646,0.085609202101637,0.0344042330911369
1996,4,"NScodindicesQ1",0.0911771628123248,0.0941953155431302,0.0331020689579675
1996,4,"NScodindicesQ3&Q4",0.0948940048046032,0.0988726197199851,0.0419269365180057
1996,5,"NScodindicesQ1",0.102698997910182,0.106973101502763,0.0416177730995932
1996,5,"NScodindicesQ3&Q4",0.0897331975670765,0.0954042343388547,0.0631988709366911
1996,6,"NScodindicesQ1",0.122301110739395,0.131706750526907,0.0769055957926135
1996,6,"NScodindicesQ3&Q4",0.107042535701336,0.118067309207282,0.102994323085794
1996,7,"NScodindicesQ1",0.122301110739395,0.131706750526907,0.0769055957926135
1996,7,"NScodindicesQ3&Q4",0.107042535701336,0.118067309207282,0.102994323085794
1997,1,"NScodindicesQ1",0.00794035853360521,0.00805831964120054,0.0148558918462058
1997,1,"NScodindicesQ3&Q4",0.0256213015997414,0.0259911510422019,0.0144352323796191
1997,1,"NScodrecruitmentindex",0.00663255880333795,0.00672824255795515,0.0144263710966348
1997,2,"NScodindicesQ1",0.0492873677648211,0.0501029659426902,0.016547813666189
1997,2,"NScodindicesQ3&Q4",0.0564557212821385,0.0577843811973588,0.0235345485815379
1997,3,"NScodindicesQ1",0.0800766944308678,0.0819220155092809,0.023044421245513
1997,3,"NScodindicesQ3&Q4",0.082761844318646,0.085609202101637,0.0344042330911369
1997,4,"NScodindicesQ1",0.0911771628123248,0.0941953155431302,0.0331020689579675
1997,4,"NScodindicesQ3&Q4",0.0948940048046032,0.0988726197199851,0.0419269365180057
1997,5,"NScodindicesQ1",0.102698997910182,0.106973101502763,0.0416177730995932
1997,5,"NScodindicesQ3&Q4",0.0897331975670765,0.0954042343388547,0.0631988709366911
1997,6,"NScodindicesQ1",0.122301110739395,0.131706750526907,0.0769055957926135
1997,6,"NScodindicesQ3&Q4",0.107042535701336,0.118067309207282,0.102994323085794
1997,7,"NScodindicesQ1",0.122301110739395,0.131706750526907,0.0769055957926135
1997,7,"NScodindicesQ3&Q4",0.107042535701336,0.118067309207282,0.102994323085794
1998,1,"NScodindicesQ1",0.00794035853360521,0.00805831964120054,0.0148558918462058
1998,1,"NScodindicesQ3&Q4",0.0256213015997414,0.0259911510422019,0.0144352323796191
1998,1,"NScodrecruitmentindex",0.00663255880333795,0.00672824255795515,0.0144263710966348
1998,2,"NScodindicesQ1",0.0492873677648211,0.0501029659426902,0.016547813666189
1998,2,"NScodindicesQ3&Q4",0.0564557212821385,0.0577843811973588,0.0235345485815379
1998,3,"NScodindicesQ1",0.0800766944308678,0.0819220155092809,0.023044421245513
1998,3,"NScodindicesQ3&Q4",0.082761844318646,0.085609202101637,0.0344042330911369
1998,4,"NScodindicesQ1",0.0911771628123248,0.0941953155431302,0.0331020689579675
1998,4,"NScodindicesQ3&Q4",0.0948940048046032,0.0988726197199851,0.0419269365180057
1998,5,"NScodindicesQ1",0.102698997910182,0.106973101502763,0.0416177730995932
1998,5,"NScodindicesQ3&Q4",0.0897331975670765,0.0954042343388547,0.0631988709366911
1998,6,"NScodindicesQ1",0.122301110739395,0.131706750526907,0.0769055957926135
1998,6,"NScodindicesQ3&Q4",0.107042535701336,0.118067309207282,0.102994323085794
1998,7,"NScodindicesQ1",0.122301110739395,0.131706750526907,0.0769055957926135
1998,7,"NScodindicesQ3&Q4",0.107042535701336,0.118067309207282,0.102994323085794
1999,1,"NScodindicesQ1",0.00794035853360521,0.00805831964120054,0.0148558918462058
1999,1,"NScodindicesQ3&Q4",0.0256213015997414,0.0259911510422019,0.0144352323796191
1999,1,"NScodrecruitmentindex",0.00663255880333795,0.00672824255795515,0.0144263710966348
1999,2,"NScodindicesQ1",0.0492873677648211,0.0501029659426902,0.016547813666189
1999,2,"NScodindicesQ3&Q4",0.0564557212821385,0.0577843811973588,0.0235345485815379
1999,3,"NScodindicesQ1",0.0800766944308678,0.0819220155092809,0.023044421245513
1999,3,"NScodindicesQ3&Q4",0.082761844318646,0.085609202101637,0.0344042330911369
1999,4,"NScodindicesQ1",0.0911771628123248,0.0941953155431302,0.0331020689579675
1999,4,"NScodindicesQ3&Q4",0.0948940048046032,0.0988726197199851,0.0419269365180057
1999,5,"NScodindicesQ1",0.102698997910182,0.106973101502763,0.0416177730995932
1999,5,"NScodindicesQ3&Q4",0.0897331975670765,0.0954042343388547,0.0631988709366911
1999,6,"NScodindicesQ1",0.122301110739395,0.131706750526907,0.0769055957926135
1999,6,"NScodindicesQ3&Q4",0.107042535701336,0.118067309207282,0.102994323085794
1999,7,"NScodindicesQ1",0.122301110739395,0.131706750526907,0.0769055957926135
1999,7,"NScodindicesQ3&Q4",0.107042535701336,0.118067309207282,0.102994323085794
2000,1,"NScodindicesQ1",0.00794035853360521,0.00805831964120054,0.0148558918462058
2000,1,"NScodindicesQ3&Q4",0.0256213015997414,0.0259911510422019,0.0144352323796191
2000,1,"NScodrecruitmentindex",0.00663255880333795,0.00672824255795515,0.0144263710966348
2000,2,"NScodindicesQ1",0.0492873677648211,0.0501029659426902,0.016547813666189
2000,2,"NScodindicesQ3&Q4",0.0564557212821385,0.0577843811973588,0.0235345485815379
2000,3,"NScodindicesQ1",0.0800766944308678,0.0819220155092809,0.023044421245513
2000,3,"NScodindicesQ3&Q4",0.082761844318646,0.085609202101637,0.0344042330911369
2000,4,"NScodindicesQ1",0.0911771628123248,0.0941953155431302,0.0331020689579675
2000,4,"NScodindicesQ3&Q4",0.0948940048046032,0.0988726197199851,0.0419269365180057
2000,5,"NScodindicesQ1",0.102698997910182,0.106973101502763,0.0416177730995932
2000,5,"NScodindicesQ3&Q4",0.0897331975670765,0.0954042343388547,0.0631988709366911
2000,6,"NScodindicesQ1",0.122301110739395,0.131706750526907,0.0769055957926135
2000,6,"NScodindicesQ3&Q4",0.107042535701336,0.118067309207282,0.102994323085794
2000,7,"NScodindicesQ1",0.122301110739395,0.131706750526907,0.0769055957926135
2000,7,"NScodindicesQ3&Q4",0.107042535701336,0.118067309207282,0.102994323085794
2001,1,"NScodindicesQ1",0.00794035853360521,0.00805831964120054,0.0148558918462058
2001,1,"NScodindicesQ3&Q4",0.0256213015997414,0.0259911510422019,0.0144352323796191
2001,1,"NScodrecruitmentindex",0.00663255880333795,0.00672824255795515,0.0144263710966348
2001,2,"NScodindicesQ1",0.0492873677648211,0.0501029659426902,0.016547813666189
2001,2,"NScodindicesQ3&Q4",0.0564557212821385,0.0577843811973588,0.0235345485815379
2001,3,"NScodindicesQ1",0.0800766944308678,0.0819220155092809,0.023044421245513
2001,3,"NScodindicesQ3&Q4",0.082761844318646,0.085609202101637,0.0344042330911369
2001,4,"NScodindicesQ1",0.0911771628123248,0.0941953155431302,0.0331020689579675
2001,4,"NScodindicesQ3&Q4",0.0948940048046032,0.0988726197199851,0.0419269365180057
2001,5,"NScodindicesQ1",0.102698997910182,0.106973101502763,0.0416177730995932
2001,5,"NScodindicesQ3&Q4",0.0897331975670765,0.0954042343388547,0.0631988709366911
2001,6,"NScodindicesQ1",0.122301110739395,0.131706750526907,0.0769055957926135
2001,6,"NScodindicesQ3&Q4",0.107042535701336,0.118067309207282,0.102994323085794
2001,7,"NScodindicesQ1",0.122301110739395,0.131706750526907,0.0769055957926135
2001,7,"NScodindicesQ3&Q4",0.107042535701336,0.118067309207282,0.102994323085794
2002,1,"NScodindicesQ1",0.00794035853360521,0.00805831964120054,0.0148558918462058
2002,1,"NScodindicesQ3&Q4",0.0256213015997414,0.0259911510422019,0.0144352323796191
2002,1,"NScodrecruitmentindex",0.00663255880333795,0.00672824255795515,0.0144263710966348
2002,2,"NScodindicesQ1",0.0492873677648211,0.0501029659426902,0.016547813666189
2002,2,"NScodindicesQ3&Q4",0.0564557212821385,0.0577843811973588,0.0235345485815379
2002,3,"NScodindicesQ1",0.0800766944308678,0.0819220155092809,0.023044421245513
2002,3,"NScodindicesQ3&Q4",0.082761844318646,0.085609202101637,0.0344042330911369
2002,4,"NScodindicesQ1",0.0911771628123248,0.0941953155431302,0.0331020689579675
2002,4,"NScodindicesQ3&Q4",0.0948940048046032,0.0988726197199851,0.0419269365180057
2002,5,"NScodindicesQ1",0.102698997910182,0.106973101502763,0.0416177730995932
2002,5,"NScodindicesQ3&Q4",0.0897331975670765,0.0954042343388547,0.0631988709366911
2002,6,"NScodindicesQ1",0.122301110739395,0.131706750526907,0.0769055957926135
2002,6,"NScodindicesQ3&Q4",0.107042535701336,0.118067309207282,0.102994323085794
2002,7,"NScodindicesQ1",0.122301110739395,0.131706750526907,0.0769055957926135
2002,7,"NScodindicesQ3&Q4",0.107042535701336,0.118067309207282,0.102994323085794
2003,1,"NScodindicesQ1",0.00794035853360521,0.00805831964120054,0.0148558918462058
2003,1,"NScodindicesQ3&Q4",0.0256213015997414,0.0259911510422019,0.0144352323796191
2003,1,"NScodrecruitmentindex",0.00663255880333795,0.00672824255795515,0.0144263710966348
2003,2,"NScodindicesQ1",0.0492873677648211,0.0501029659426902,0.016547813666189
2003,2,"NScodindicesQ3&Q4",0.0564557212821385,0.0577843811973588,0.0235345485815379
2003,3,"NScodindicesQ1",0.0800766944308678,0.0819220155092809,0.023044421245513
2003,3,"NScodindicesQ3&Q4",0.082761844318646,0.085609202101637,0.0344042330911369
2003,4,"NScodindicesQ1",0.0911771628123248,0.0941953155431302,0.0331020689579675
2003,4,"NScodindicesQ3&Q4",0.0948940048046032,0.0988726197199851,0.0419269365180057
2003,5,"NScodindicesQ1",0.102698997910182,0.106973101502763,0.0416177730995932
2003,5,"NScodindicesQ3&Q4",0.0897331975670765,0.0954042343388547,0.0631988709366911
2003,6,"NScodindicesQ1",0.122301110739395,0.131706750526907,0.0769055957926135
2003,6,"NScodindicesQ3&Q4",0.107042535701336,0.118067309207282,0.102994323085794
2003,7,"NScodindicesQ1",0.122301110739395,0.131706750526907,0.0769055957926135
2003,7,"NScodindicesQ3&Q4",0.107042535701336,0.118067309207282,0.102994323085794
2004,1,"NScodindicesQ1",0.00794035853360521,0.00805831964120054,0.0148558918462058
2004,1,"NScodindicesQ3&Q4",0.0256213015997414,0.0259911510422019,0.0144352323796191
2004,1,"NScodrecruitmentindex",0.00663255880333795,0.00672824255795515,0.0144263710966348
2004,2,"NScodindicesQ1",0.0492873677648211,0.0501029659426902,0.016547813666189
2004,2,"NScodindicesQ3&Q4",0.0564557212821385,0.0577843811973588,0.0235345485815379
2004,3,"NScodindicesQ1",0.0800766944308678,0.0819220155092809,0.023044421245513
2004,3,"NScodindicesQ3&Q4",0.082761844318646,0.085609202101637,0.0344042330911369
2004,4,"NScodindicesQ1",0.0911771628123248,0.0941953155431302,0.0331020689579675
2004,4,"NScodindicesQ3&Q4",0.0948940048046032,0.0988726197199851,0.0419269365180057
2004,5,"NScodindicesQ1",0.102698997910182,0.106973101502763,0.0416177730995932
2004,5,"NScodindicesQ3&Q4",0.0897331975670765,0.0954042343388547,0.0631988709366911
2004,6,"NScodindicesQ1",0.122301110739395,0.131706750526907,0.0769055957926135
2004,6,"NScodindicesQ3&Q4",0.107042535701336,0.118067309207282,0.102994323085794
2004,7,"NScodindicesQ1",0.122301110739395,0.131706750526907,0.0769055957926135
2004,7,"NScodindicesQ3&Q4",0.107042535701336,0.118067309207282,0.102994323085794
2005,1,"NScodindicesQ1",0.00794035853360521,0.00805831964120054,0.0148558918462058
2005,1,"NScodindicesQ3&Q4",0.0256213015997414,0.0259911510422019,0.0144352323796191
2005,1,"NScodrecruitmentindex",0.00663255880333795,0.00672824255795515,0.0144263710966348
2005,2,"NScodindicesQ1",0.0492873677648211,0.0501029659426902,0.016547813666189
2005,2,"NScodindicesQ3&Q4",0.0564557212821385,0.0577843811973588,0.0235345485815379
2005,3,"NScodindicesQ1",0.0800766944308678,0.0819220155092809,0.023044421245513
2005,3,"NScodindicesQ3&Q4",0.082761844318646,0.085609202101637,0.0344042330911369
2005,4,"NScodindicesQ1",0.0911771628123248,0.0941953155431302,0.0331020689579675
2005,4,"NScodindicesQ3&Q4",0.0948940048046032,0.0988726197199851,0.0419269365180057
2005,5,"NScodindicesQ1",0.102698997910182,0.106973101502763,0.0416177730995932
2005,5,"NScodindicesQ3&Q4",0.0897331975670765,0.0954042343388547,0.0631988709366911
2005,6,"NScodindicesQ1",0.122301110739395,0.131706750526907,0.0769055957926135
2005,6,"NScodindicesQ3&Q4",0.107042535701336,0.118067309207282,0.102994323085794
2005,7,"NScodindicesQ1",0.122301110739395,0.131706750526907,0.0769055957926135
2005,7,"NScodindicesQ3&Q4",0.107042535701336,0.118067309207282,0.102994323085794
2006,1,"NScodindicesQ1",0.00794035853360521,0.00805831964120054,0.0148558918462058
2006,1,"NScodindicesQ3&Q4",0.0256213015997414,0.0259911510422019,0.0144352323796191
2006,1,"NScodrecruitmentindex",0.00663255880333795,0.00672824255795515,0.0144263710966348
2006,2,"NScodindicesQ1",0.0492873677648211,0.0501029659426902,0.016547813666189
2006,2,"NScodindicesQ3&Q4",0.0564557212821385,0.0577843811973588,0.0235345485815379
2006,3,"NScodindicesQ1",0.0800766944308678,0.0819220155092809,0.023044421245513
2006,3,"NScodindicesQ3&Q4",0.082761844318646,0.085609202101637,0.0344042330911369
2006,4,"NScodindicesQ1",0.0911771628123248,0.0941953155431302,0.0331020689579675
2006,4,"NScodindicesQ3&Q4",0.0948940048046032,0.0988726197199851,0.0419269365180057
2006,5,"NScodindicesQ1",0.102698997910182,0.106973101502763,0.0416177730995932
2006,5,"NScodindicesQ3&Q4",0.0897331975670765,0.0954042343388547,0.0631988709366911
2006,6,"NScodindicesQ1",0.122301110739395,0.131706750526907,0.0769055957926135
2006,6,"NScodindicesQ3&Q4",0.107042535701336,0.118067309207282,0.102994323085794
2006,7,"NScodindicesQ1",0.122301110739395,0.131706750526907,0.0769055957926135
2006,7,"NScodindicesQ3&Q4",0.107042535701336,0.118067309207282,0.102994323085794
2007,1,"NScodindicesQ1",0.00794035853360521,0.00805831964120054,0.0148558918462058
2007,1,"NScodindicesQ3&Q4",0.0256213015997414,0.0259911510422019,0.0144352323796191
2007,1,"NScodrecruitmentindex",0.00663255880333795,0.00672824255795515,0.0144263710966348
2007,2,"NScodindicesQ1",0.0492873677648211,0.0501029659426902,0.016547813666189
2007,2,"NScodindicesQ3&Q4",0.0564557212821385,0.0577843811973588,0.0235345485815379
2007,3,"NScodindicesQ1",0.0800766944308678,0.0819220155092809,0.023044421245513
2007,3,"NScodindicesQ3&Q4",0.082761844318646,0.085609202101637,0.0344042330911369
2007,4,"NScodindicesQ1",0.0911771628123248,0.0941953155431302,0.0331020689579675
2007,4,"NScodindicesQ3&Q4",0.0948940048046032,0.0988726197199851,0.0419269365180057
2007,5,"NScodindicesQ1",0.102698997910182,0.106973101502763,0.0416177730995932
2007,5,"NScodindicesQ3&Q4",0.0897331975670765,0.0954042343388547,0.0631988709366911
2007,6,"NScodindicesQ1",0.122301110739395,0.131706750526907,0.0769055957926135
2007,6,"NScodindicesQ3&Q4",0.107042535701336,0.118067309207282,0.102994323085794
2007,7,"NScodindicesQ1",0.122301110739395,0.131706750526907,0.0769055957926135
2007,7,"NScodindicesQ3&Q4",0.107042535701336,0.118067309207282,0.102994323085794
2008,1,"NScodindicesQ1",0.00794035853360521,0.00805831964120054,0.0148558918462058
2008,1,"NScodindicesQ3&Q4",0.0256213015997414,0.0259911510422019,0.0144352323796191
2008,1,"NScodrecruitmentindex",0.00663255880333795,0.00672824255795515,0.0144263710966348
2008,2,"NScodindicesQ1",0.0492873677648211,0.0501029659426902,0.016547813666189
2008,2,"NScodindicesQ3&Q4",0.0564557212821385,0.0577843811973588,0.0235345485815379
2008,3,"NScodindicesQ1",0.0800766944308678,0.0819220155092809,0.023044421245513
2008,3,"NScodindicesQ3&Q4",0.082761844318646,0.085609202101637,0.0344042330911369
2008,4,"NScodindicesQ1",0.0911771628123248,0.0941953155431302,0.0331020689579675
2008,4,"NScodindicesQ3&Q4",0.0948940048046032,0.0988726197199851,0.0419269365180057
2008,5,"NScodindicesQ1",0.102698997910182,0.106973101502763,0.0416177730995932
2008,5,"NScodindicesQ3&Q4",0.0897331975670765,0.0954042343388547,0.0631988709366911
2008,6,"NScodindicesQ1",0.122301110739395,0.131706750526907,0.0769055957926135
2008,6,"NScodindicesQ3&Q4",0.107042535701336,0.118067309207282,0.102994323085794
2008,7,"NScodindicesQ1",0.122301110739395,0.131706750526907,0.0769055957926135
2008,7,"NScodindicesQ3&Q4",0.107042535701336,0.118067309207282,0.102994323085794
2009,1,"NScodindicesQ1",0.00794035853360521,0.00805831964120054,0.0148558918462058
2009,1,"NScodindicesQ3&Q4",0.0256213015997414,0.0259911510422019,0.0144352323796191
2009,1,"NScodrecruitmentindex",0.00663255880333795,0.00672824255795515,0.0144263710966348
2009,2,"NScodindicesQ1",0.0492873677648211,0.0501029659426902,0.016547813666189
2009,2,"NScodindicesQ3&Q4",0.0564557212821385,0.0577843811973588,0.0235345485815379
2009,3,"NScodindicesQ1",0.0800766944308678,0.0819220155092809,0.023044421245513
2009,3,"NScodindicesQ3&Q4",0.082761844318646,0.085609202101637,0.0344042330911369
2009,4,"NScodindicesQ1",0.0911771628123248,0.0941953155431302,0.0331020689579675
2009,4,"NScodindicesQ3&Q4",0.0948940048046032,0.0988726197199851,0.0419269365180057
2009,5,"NScodindicesQ1",0.102698997910182,0.106973101502763,0.0416177730995932
2009,5,"NScodindicesQ3&Q4",0.0897331975670765,0.0954042343388547,0.0631988709366911
2009,6,"NScodindicesQ1",0.122301110739395,0.131706750526907,0.0769055957926135
2009,6,"NScodindicesQ3&Q4",0.107042535701336,0.118067309207282,0.102994323085794
2009,7,"NScodindicesQ1",0.122301110739395,0.131706750526907,0.0769055957926135
2009,7,"NScodindicesQ3&Q4",0.107042535701336,0.118067309207282,0.102994323085794
2010,1,"NScodindicesQ1",0.00794035853360521,0.00805831964120054,0.0148558918462058
2010,1,"NScodindicesQ3&Q4",0.0256213015997414,0.0259911510422019,0.0144352323796191
2010,1,"NScodrecruitmentindex",0.00663255880333795,0.00672824255795515,0.0144263710966348
2010,2,"NScodindicesQ1",0.0492873677648211,0.0501029659426902,0.016547813666189
2010,2,"NScodindicesQ3&Q4",0.0564557212821385,0.0577843811973588,0.0235345485815379
2010,3,"NScodindicesQ1",0.0800766944308678,0.0819220155092809,0.023044421245513
2010,3,"NScodindicesQ3&Q4",0.082761844318646,0.085609202101637,0.0344042330911369
2010,4,"NScodindicesQ1",0.0911771628123248,0.0941953155431302,0.0331020689579675
2010,4,"NScodindicesQ3&Q4",0.0948940048046032,0.0988726197199851,0.0419269365180057
2010,5,"NScodindicesQ1",0.102698997910182,0.106973101502763,0.0416177730995932
2010,5,"NScodindicesQ3&Q4",0.0897331975670765,0.0954042343388547,0.0631988709366911
2010,6,"NScodindicesQ1",0.122301110739395,0.131706750526907,0.0769055957926135
2010,6,"NScodindicesQ3&Q4",0.107042535701336,0.118067309207282,0.102994323085794
2010,7,"NScodindicesQ1",0.122301110739395,0.131706750526907,0.0769055957926135
2010,7,"NScodindicesQ3&Q4",0.107042535701336,0.118067309207282,0.102994323085794
2011,1,"NScodindicesQ1",0.00794035853360521,0.00805831964120054,0.0148558918462058
2011,1,"NScodindicesQ3&Q4",0.0256213015997414,0.0259911510422019,0.0144352323796191
2011,1,"NScodrecruitmentindex",0.00663255880333795,0.00672824255795515,0.0144263710966348
2011,2,"NScodindicesQ1",0.0492873677648211,0.0501029659426902,0.016547813666189
2011,2,"NScodindicesQ3&Q4",0.0564557212821385,0.0577843811973588,0.0235345485815379
2011,3,"NScodindicesQ1",0.0800766944308678,0.0819220155092809,0.023044421245513
2011,3,"NScodindicesQ3&Q4",0.082761844318646,0.085609202101637,0.0344042330911369
2011,4,"NScodindicesQ1",0.0911771628123248,0.0941953155431302,0.0331020689579675
2011,4,"NScodindicesQ3&Q4",0.0948940048046032,0.0988726197199851,0.0419269365180057
2011,5,"NScodindicesQ1",0.102698997910182,0.106973101502763,0.0416177730995932
2011,5,"NScodindicesQ3&Q4",0.0897331975670765,0.0954042343388547,0.0631988709366911
2011,6,"NScodindicesQ1",0.122301110739395,0.131706750526907,0.0769055957926135
2011,6,"NScodindicesQ3&Q4",0.107042535701336,0.118067309207282,0.102994323085794
2011,7,"NScodindicesQ1",0.122301110739395,0.131706750526907,0.0769055957926135
2011,7,"NScodindicesQ3&Q4",0.107042535701336,0.118067309207282,0.102994323085794
2012,1,"NScodindicesQ1",0.00794035853360521,0.00805831964120054,0.0148558918462058
2012,1,"NScodindicesQ3&Q4",0.0256213015997414,0.0259911510422019,0.0144352323796191
2012,1,"NScodrecruitmentindex",0.00663255880333795,0.00672824255795515,0.0144263710966348
2012,2,"NScodindicesQ1",0.0492873677648211,0.0501029659426902,0.016547813666189
2012,2,"NScodindicesQ3&Q4",0.0564557212821385,0.0577843811973588,0.0235345485815379
2012,3,"NScodindicesQ1",0.0800766944308678,0.0819220155092809,0.023044421245513
2012,3,"NScodindicesQ3&Q4",0.082761844318646,0.085609202101637,0.0344042330911369
2012,4,"NScodindicesQ1",0.0911771628123248,0.0941953155431302,0.0331020689579675
2012,4,"NScodindicesQ3&Q4",0.0948940048046032,0.0988726197199851,0.0419269365180057
2012,5,"NScodindicesQ1",0.102698997910182,0.106973101502763,0.0416177730995932
2012,5,"NScodindicesQ3&Q4",0.0897331975670765,0.0954042343388547,0.0631988709366911
2012,6,"NScodindicesQ1",0.122301110739395,0.131706750526907,0.0769055957926135
2012,6,"NScodindicesQ3&Q4",0.107042535701336,0.118067309207282,0.102994323085794
2012,7,"NScodindicesQ1",0.122301110739395,0.131706750526907,0.0769055957926135
2012,7,"NScodindicesQ3&Q4",0.107042535701336,0.118067309207282,0.102994323085794
2013,1,"NScodindicesQ1",0.00794035853360521,0.00805831964120054,0.0148558918462058
2013,1,"NScodindicesQ3&Q4",0.0256213015997414,0.0259911510422019,0.0144352323796191
2013,1,"NScodrecruitmentindex",0.00663255880333795,0.00672824255795515,0.0144263710966348
2013,2,"NScodindicesQ1",0.0492873677648211,0.0501029659426902,0.016547813666189
2013,2,"NScodindicesQ3&Q4",0.0564557212821385,0.0577843811973588,0.0235345485815379
2013,3,"NScodindicesQ1",0.0800766944308678,0.0819220155092809,0.023044421245513
2013,3,"NScodindicesQ3&Q4",0.082761844318646,0.085609202101637,0.0344042330911369
2013,4,"NScodindicesQ1",0.0911771628123248,0.0941953155431302,0.0331020689579675
2013,4,"NScodindicesQ3&Q4",0.0948940048046032,0.0988726197199851,0.0419269365180057
2013,5,"NScodindicesQ1",0.102698997910182,0.106973101502763,0.0416177730995932
2013,5,"NScodindicesQ3&Q4",0.0897331975670765,0.0954042343388547,0.0631988709366911
2013,6,"NScodindicesQ1",0.122301110739395,0.131706750526907,0.0769055957926135
2013,6,"NScodindicesQ3&Q4",0.107042535701336,0.118067309207282,0.102994323085794
2013,7,"NScodindicesQ1",0.122301110739395,0.131706750526907,0.0769055957926135
2013,7,"NScodindicesQ3&Q4",0.107042535701336,0.118067309207282,0.102994323085794
2014,1,"NScodindicesQ1",0.00794035853360521,0.00805831964120054,0.0148558918462058
2014,1,"NScodindicesQ3&Q4",0.0256213015997414,0.0259911510422019,0.0144352323796191
2014,1,"NScodrecruitmentindex",0.00663255880333795,0.00672824255795515,0.0144263710966348
2014,2,"NScodindicesQ1",0.0492873677648211,0.0501029659426902,0.016547813666189
2014,2,"NScodindicesQ3&Q4",0.0564557212821385,0.0577843811973588,0.0235345485815379
2014,3,"NScodindicesQ1",0.0800766944308678,0.0819220155092809,0.023044421245513
2014,3,"NScodindicesQ3&Q4",0.082761844318646,0.085609202101637,0.0344042330911369
2014,4,"NScodindicesQ1",0.0911771628123248,0.0941953155431302,0.0331020689579675
2014,4,"NScodindicesQ3&Q4",0.0948940048046032,0.0988726197199851,0.0419269365180057
2014,5,"NScodindicesQ1",0.102698997910182,0.106973101502763,0.0416177730995932
2014,5,"NScodindicesQ3&Q4",0.0897331975670765,0.0954042343388547,0.0631988709366911
2014,6,"NScodindicesQ1",0.122301110739395,0.131706750526907,0.0769055957926135
2014,6,"NScodindicesQ3&Q4",0.107042535701336,0.118067309207282,0.102994323085794
2014,7,"NScodindicesQ1",0.122301110739395,0.131706750526907,0.0769055957926135
2014,7,"NScodindicesQ3&Q4",0.107042535701336,0.118067309207282,0.102994323085794
2015,1,"NScodindicesQ1",0.00794035853360521,0.00805831964120054,0.0148558918462058
2015,1,"NScodindicesQ3&Q4",0.0256213015997414,0.0259911510422019,0.0144352323796191
2015,1,"NScodrecruitmentindex",0.00663255880333795,0.00672824255795515,0.0144263710966348
2015,2,"NScodindicesQ1",0.0492873677648211,0.0501029659426902,0.016547813666189
2015,2,"NScodindicesQ3&Q4",0.0564557212821385,0.0577843811973588,0.0235345485815379
2015,3,"NScodindicesQ1",0.0800766944308678,0.0819220155092809,0.023044421245513
2015,3,"NScodindicesQ3&Q4",0.082761844318646,0.085609202101637,0.0344042330911369
2015,4,"NScodindicesQ1",0.0911771628123248,0.0941953155431302,0.0331020689579675
2015,4,"NScodindicesQ3&Q4",0.0948940048046032,0.0988726197199851,0.0419269365180057
2015,5,"NScodindicesQ1",0.102698997910182,0.106973101502763,0.0416177730995932
2015,5,"NScodindicesQ3&Q4",0.0897331975670765,0.0954042343388547,0.0631988709366911
2015,6,"NScodindicesQ1",0.122301110739395,0.131706750526907,0.0769055957926135
2015,6,"NScodindicesQ3&Q4",0.107042535701336,0.118067309207282,0.102994323085794
2015,7,"NScodindicesQ1",0.122301110739395,0.131706750526907,0.0769055957926135
2015,7,"NScodindicesQ3&Q4",0.107042535701336,0.118067309207282,0.102994323085794
2016,1,"NScodindicesQ1",0.00794035853360521,0.00805831964120054,0.0148558918462058
2016,1,"NScodindicesQ3&Q4",0.0256213015997414,0.0259911510422019,0.0144352323796191
2016,1,"NScodrecruitmentindex",0.00663255880333795,0.00672824255795515,0.0144263710966348
2016,2,"NScodindicesQ1",0.0492873677648211,0.0501029659426902,0.016547813666189
2016,2,"NScodindicesQ3&Q4",0.0564557212821385,0.0577843811973588,0.0235345485815379
2016,3,"NScodindicesQ1",0.0800766944308678,0.0819220155092809,0.023044421245513
2016,3,"NScodindicesQ3&Q4",0.082761844318646,0.085609202101637,0.0344042330911369
2016,4,"NScodindicesQ1",0.0911771628123248,0.0941953155431302,0.0331020689579675
2016,4,"NScodindicesQ3&Q4",0.0948940048046032,0.0988726197199851,0.0419269365180057
2016,5,"NScodindicesQ1",0.102698997910182,0.106973101502763,0.0416177730995932
2016,5,"NScodindicesQ3&Q4",0.0897331975670765,0.0954042343388547,0.0631988709366911
2016,6,"NScodindicesQ1",0.122301110739395,0.131706750526907,0.0769055957926135
2016,6,"NScodindicesQ3&Q4",0.107042535701336,0.118067309207282,0.102994323085794
2016,7,"NScodindicesQ1",0.122301110739395,0.131706750526907,0.0769055957926135
2016,7,"NScodindicesQ3&Q4",0.107042535701336,0.118067309207282,0.102994323085794
2017,1,"NScodindicesQ1",0.00794035853360521,0.00805831964120054,0.0148558918462058
2017,1,"NScodindicesQ3&Q4",0.0256213015997414,0.0259911510422019,0.0144352323796191
2017,1,"NScodrecruitmentindex",0.00663255880333795,0.00672824255795515,0.0144263710966348
2017,2,"NScodindicesQ1",0.0492873677648211,0.0501029659426902,0.016547813666189
2017,2,"NScodindicesQ3&Q4",0.0564557212821385,0.0577843811973588,0.0235345485815379
2017,3,"NScodindicesQ1",0.0800766944308678,0.0819220155092809,0.023044421245513
2017,3,"NScodindicesQ3&Q4",0.082761844318646,0.085609202101637,0.0344042330911369
2017,4,"NScodindicesQ1",0.0911771628123248,0.0941953155431302,0.0331020689579675
2017,4,"NScodindicesQ3&Q4",0.0948940048046032,0.0988726197199851,0.0419269365180057
2017,5,"NScodindicesQ1",0.102698997910182,0.106973101502763,0.0416177730995932
2017,5,"NScodindicesQ3&Q4",0.0897331975670765,0.0954042343388547,0.0631988709366911
2017,6,"NScodindicesQ1",0.122301110739395,0.131706750526907,0.0769055957926135
2017,6,"NScodindicesQ3&Q4",0.107042535701336,0.118067309207282,0.102994323085794
2017,7,"NScodindicesQ1",0.122301110739395,0.131706750526907,0.0769055957926135
2017,7,"NScodindicesQ3&Q4",0.107042535701336,0.118067309207282,0.102994323085794
2018,1,"NScodindicesQ1",0.00794035853360521,0.00805831964120054,0.0148558918462058
2018,1,"NScodindicesQ3&Q4",0.0256213015997414,0.0259911510422019,0.0144352323796191
2018,1,"NScodrecruitmentindex",0.00663255880333795,0.00672824255795515,0.0144263710966348
2018,2,"NScodindicesQ1",0.0492873677648211,0.0501029659426902,0.016547813666189
2018,2,"NScodindicesQ3&Q4",0.0564557212821385,0.0577843811973588,0.0235345485815379
2018,3,"NScodindicesQ1",0.0800766944308678,0.0819220155092809,0.023044421245513
2018,3,"NScodindicesQ3&Q4",0.082761844318646,0.085609202101637,0.0344042330911369
2018,4,"NScodindicesQ1",0.0911771628123248,0.0941953155431302,0.0331020689579675
2018,4,"NScodindicesQ3&Q4",0.0948940048046032,0.0988726197199851,0.0419269365180057
2018,5,"NScodindicesQ1",0.102698997910182,0.106973101502763,0.0416177730995932
2018,5,"NScodindicesQ3&Q4",0.0897331975670765,0.0954042343388547,0.0631988709366911
2018,6,"NScodindicesQ1",0.122301110739395,0.131706750526907,0.0769055957926135
2018,6,"NScodindicesQ3&Q4",0.107042535701336,0.118067309207282,0.102994323085794
2018,7,"NScodindicesQ1",0.122301110739395,0.131706750526907,0.0769055957926135
2018,7,"NScodindicesQ3&Q4",0.107042535701336,0.118067309207282,0.102994323085794
2019,1,"NScodindicesQ1",0.00794035853360521,0.00805831964120054,0.0148558918462058
2019,1,"NScodindicesQ3&Q4",0.0256213015997414,0.0259911510422019,0.0144352323796191
2019,1,"NScodrecruitmentindex",0.00663255880333795,0.00672824255795515,0.0144263710966348
2019,2,"NScodindicesQ1",0.0492873677648211,0.0501029659426902,0.016547813666189
2019,2,"NScodindicesQ3&Q4",0.0564557212821385,0.0577843811973588,0.0235345485815379
2019,3,"NScodindicesQ1",0.0800766944308678,0.0819220155092809,0.023044421245513
2019,3,"NScodindicesQ3&Q4",0.082761844318646,0.085609202101637,0.0344042330911369
2019,4,"NScodindicesQ1",0.0911771628123248,0.0941953155431302,0.0331020689579675
2019,4,"NScodindicesQ3&Q4",0.0948940048046032,0.0988726197199851,0.0419269365180057
2019,5,"NScodindicesQ1",0.102698997910182,0.106973101502763,0.0416177730995932
2019,5,"NScodindicesQ3&Q4",0.0897331975670765,0.0954042343388547,0.0631988709366911
2019,6,"NScodindicesQ1",0.122301110739395,0.131706750526907,0.0769055957926135
2019,6,"NScodindicesQ3&Q4",0.107042535701336,0.118067309207282,0.102994323085794
2019,7,"NScodindicesQ1",0.122301110739395,0.131706750526907,0.0769055957926135
2019,7,"NScodindicesQ3&Q4",0.107042535701336,0.118067309207282,0.102994323085794
2020,1,"NScodindicesQ1",0.00794035853360521,0.00805831964120054,0.0148558918462058
2020,1,"NScodindicesQ3&Q4",0.0256213015997414,0.0259911510422019,0.0144352323796191
2020,1,"NScodrecruitmentindex",0.00663255880333795,0.00672824255795515,0.0144263710966348
2020,2,"NScodindicesQ1",0.0492873677648211,0.0501029659426902,0.016547813666189
2020,2,"NScodindicesQ3&Q4",0.0564557212821385,0.0577843811973588,0.0235345485815379
2020,3,"NScodindicesQ1",0.0800766944308678,0.0819220155092809,0.023044421245513
2020,3,"NScodindicesQ3&Q4",0.082761844318646,0.085609202101637,0.0344042330911369
2020,4,"NScodindicesQ1",0.0911771628123248,0.0941953155431302,0.0331020689579675
2020,4,"NScodindicesQ3&Q4",0.0948940048046032,0.0988726197199851,0.0419269365180057
2020,5,"NScodindicesQ1",0.102698997910182,0.106973101502763,0.0416177730995932
2020,5,"NScodindicesQ3&Q4",0.0897331975670765,0.0954042343388547,0.0631988709366911
2020,6,"NScodindicesQ1",0.122301110739395,0.131706750526907,0.0769055957926135
2020,6,"NScodindicesQ3&Q4",0.107042535701336,0.118067309207282,0.102994323085794
2020,7,"NScodindicesQ1",0.122301110739395,0.131706750526907,0.0769055957926135
2020,7,"NScodindicesQ3&Q4",0.107042535701336,0.118067309207282,0.102994323085794
2021,1,"NScodindicesQ1",0.00794035853360521,0.00805831964120054,0.0148558918462058
2021,1,"NScodindicesQ3&Q4",0.0256213015997414,0.0259911510422019,0.0144352323796191
2021,1,"NScodrecruitmentindex",0.00663255880333795,0.00672824255795515,0.0144263710966348
2021,2,"NScodindicesQ1",0.0492873677648211,0.0501029659426902,0.016547813666189
2021,2,"NScodindicesQ3&Q4",0.0564557212821385,0.0577843811973588,0.0235345485815379
2021,3,"NScodindicesQ1",0.0800766944308678,0.0819220155092809,0.023044421245513
2021,3,"NScodindicesQ3&Q4",0.082761844318646,0.085609202101637,0.0344042330911369
2021,4,"NScodindicesQ1",0.0911771628123248,0.0941953155431302,0.0331020689579675
2021,4,"NScodindicesQ3&Q4",0.0948940048046032,0.0988726197199851,0.0419269365180057
2021,5,"NScodindicesQ1",0.102698997910182,0.106973101502763,0.0416177730995932
2021,5,"NScodindicesQ3&Q4",0.0897331975670765,0.0954042343388547,0.0631988709366911
2021,6,"NScodindicesQ1",0.122301110739395,0.131706750526907,0.0769055957926135
2021,6,"NScodindicesQ3&Q4",0.107042535701336,0.118067309207282,0.102994323085794
2021,7,"NScodindicesQ1",0.122301110739395,0.131706750526907,0.0769055957926135
2021,7,"NScodindicesQ3&Q4",0.107042535701336,0.118067309207282,0.102994323085794
2022,1,"NScodindicesQ1",0.00794035853360521,0.00805831964120054,0.0148558918462058
2022,1,"NScodrecruitmentindex",0.00663255880333795,0.00672824255795515,0.0144263710966348
2022,2,"NScodindicesQ1",0.0492873677648211,0.0501029659426902,0.016547813666189
2022,3,"NScodindicesQ1",0.0800766944308678,0.0819220155092809,0.023044421245513
2022,4,"NScodindicesQ1",0.0911771628123248,0.0941953155431302,0.0331020689579675
2022,5,"NScodindicesQ1",0.102698997910182,0.106973101502763,0.0416177730995932
2022,6,"NScodindicesQ1",0.122301110739395,0.131706750526907,0.0769055957926135
2022,7,"NScodindicesQ1",0.122301110739395,0.131706750526907,0.0769055957926135
