"quantity","available","method"
"N",TRUE,"exp(t(fitted logN)); SAM ntable"
"F",TRUE,"mapped fitted logF, summed across catch fleets; SAM faytable"
"q",TRUE,"exp(fitted logFpar) mapped by keyLogFpar"
"SSB",TRUE,"stored sdreport logssb; exponentiated"
"recruitment",TRUE,"stored sdreport logR; exponentiated"
"Fbar",TRUE,"stored sdreport logfbar; exponentiated"
"catch",TRUE,"stored logobs and rep$predObs; exponentiated, with SAM scaling"
"index",TRUE,"stored logobs and rep$predObs; exponentiated"
"observation_predictions",TRUE,"direct fitted rep$predObs extraction"
