"year","fleet_id","age","obs","pred","fleet_type"
1963,1,1,19347.25522,21323.368620232,0
1963,1,2,62279.70774,47166.1333051324,0
1963,1,3,7027.909322,7391.99370819908,0
1963,1,4,3518.647989,3506.2097649457,0
1963,1,5,2774.357966,2784.79280541666,0
1963,1,6,1795.8880769,1800.09347405106,0
1964,1,1,13052.40755,39216.9985268155,0
1964,1,2,28540.95295,36451.6113274959,0
1964,1,3,20118.48934,20237.0582896954,0
1964,1,4,4284.771889,4195.47394979071,0
1964,1,5,1907.661325,1892.22664689284,0
1964,1,6,2630.382136937,2574.34333416188,0
1965,1,1,113654.631,59649.7872854421,0
1965,1,2,58226.78547,67891.2260319891,0
1965,1,3,17646.35406,17055.2072438512,0
1965,1,4,9135.49031299999,8874.2492992831,0
1965,1,5,2375.093736,2340.80592424474,0
1965,1,6,2030.462950741,2114.36501818969,0
1966,1,1,126507.5318,75859.6287935187,0
1966,1,2,84326.89232,82851.4963608583,0
1966,1,3,29765.84297,28911.1015662601,0
1966,1,4,6153.320487,6327.14772350611,0
1966,1,5,3361.895602,3566.15235042293,0
1966,1,6,2378.15827923,2335.82321045226,0
1967,1,1,60962.2575599999,70076.3201965631,0
1967,1,2,95275.4311500001,106902.571415135,0
1967,1,3,32688.92283,32469.2314796653,0
1967,1,4,11204.50383,11574.3591629071,0
1967,1,5,3254.6137,3199.5788659925,0
1967,1,6,3394.489209292,3277.87248499811,0
1968,1,1,36914.75797,38819.5043088102,0
1968,1,2,106372.6849,96197.304374655,0
1968,1,3,42569.23647,41750.0795667088,0
1968,1,4,12330.08971,12081.1626009015,0
1968,1,5,6045.574924,5934.78746418698,0
1968,1,6,2865.252521314,2928.51862549149,0
1969,1,1,5434.237328,32308.1892022938,0
1969,1,2,32839.54613,45275.6568113788,0
1969,1,3,31532.0189,32375.1455395016,0
1969,1,4,13641.36303,13773.870210972,0
1969,1,5,4542.291039,4583.92712029624,0
1969,1,6,4155.674019745,4004.37063659511,0
1970,1,1,107177.436,121631.897502481,0
1970,1,2,42403.37801,44923.0747517386,0
1970,1,3,18546.81341,18006.1568608443,0
1970,1,4,13271.74229,13377.2659195879,0
1970,1,5,6265.50366899999,6261.61096125709,0
1970,1,6,3240.54664934,3392.39072797264,0
1971,1,1,303519.3161,200810.144845549,0
1971,1,2,191789.3786,158408.960056085,0
1971,1,3,17179.31068,16919.8214360196,0
1971,1,4,6720.10977100001,6681.02360823508,0
1971,1,5,7065.25197700001,6971.55461594924,0
1971,1,6,4426.97267078,4520.97693482164,0
1972,1,1,42062.34309,59009.1937670053,0
1972,1,2,246085.7061,212628.696801904,0
1972,1,3,48061.65237,47782.5405009129,0
1972,1,4,5653.371083,5700.3049030352,0
1972,1,5,2712.742735,2731.82709767933,0
1972,1,6,5981.954805085,5676.45351862714,0
1973,1,1,111750.9804,88081.6125751677,0
1973,1,2,48982.56854,49070.1535726561,0
1973,1,3,54901.2644,54853.4740395748,0
1973,1,4,14001.72945,13691.165851235,0
1973,1,5,2194.669741,2199.1330299136,0
1973,1,6,2942.9277513,3071.90436668404,0
1974,1,1,139634.8166,85228.4267692476,0
1974,1,2,74501.8538799999,71127.2851900648,0
1974,1,3,11417.98409,11885.8311721006,0
1974,1,4,15744.85863,16059.8927050976,0
1974,1,5,4600.550197,4740.34192170824,0
1974,1,6,2383.055578693,2325.04734993699,0
1975,1,1,169861.8137,163988.083025564,0
1975,1,2,63121.01145,72694.9071688422,0
1975,1,3,18848.81321,19295.6565332676,0
1975,1,4,4639.872866,4444.86616224831,0
1975,1,5,7525.18322099999,7393.35652652293,0
1975,1,6,3083.977338794,3100.06129653096,0
1976,1,1,232476.0163,126523.858852825,0
1976,1,2,182989.3274,130709.455118016,0
1976,1,3,18672.20198,18572.2380907117,0
1976,1,4,6707.141181,6459.69020272241,0
1976,1,5,1732.035132,1762.68406668789,0
1976,1,6,4277.261768192,4353.48663879467,0
1977,1,1,547728.8452,293828.763317421,0
1977,1,2,98934.8820600001,76442.7205934183,0
1977,1,3,25989.26138,27113.2503505506,0
1977,1,4,4597.347713,4949.70694356919,0
1977,1,5,2285.629931,2311.51216560576,0
1977,1,6,2726.9037568,2649.77722351786,0
1978,1,1,58501.20894,206546.451631534,0
1978,1,2,253025.4702,209310.20399275,0
1978,1,3,17177.97954,17498.4343415528,0
1978,1,4,9396.00165599999,9245.5513335377,0
1978,1,5,2989.062611,2729.35268383092,0
1978,1,6,2145.685591154,2132.50515095706,0
1979,1,1,615698.2582,232227.173788869,0
1979,1,2,96412.9366199999,122740.962187229,0
1979,1,3,44383.6424,44099.0585627982,0
1979,1,4,4010.797096,4203.56984214836,0
1979,1,5,3374.578443,3366.01363332231,0
1979,1,6,1458.267006042,1524.75985794443,0
1980,1,1,1248083.667,405571.821200894,0
1980,1,2,122047.9043,147633.058994565,0
1980,1,3,34937.96559,34208.8080792442,0
1980,1,4,12274.39446,12311.7340708274,0
1980,1,5,1958.058882,1907.08302869872,0
1980,1,6,2113.137360606,2106.07382515377,0
1981,1,1,175862.7759,162086.719425608,0
1981,1,2,221933.0285,233047.567091041,0
1981,1,3,34646.06648,34641.3522226019,0
1981,1,4,8953.284133,8955.20893280456,0
1981,1,5,4087.987337,4255.36951559882,0
1981,1,6,1632.9218573,1635.25464354901,0
1982,1,1,248166.4216,292366.532218262,0
1982,1,2,73132.1943100001,95755.2400933281,0
1982,1,3,60005.22037,58112.033249789,0
1982,1,4,9487.47256400001,9406.66558015344,0
1982,1,5,3446.7535,3428.03000315668,0
1982,1,6,2826.359190685,2719.74279333446,0
1983,1,1,80436.50858,156459.224900741,0
1983,1,2,139525.7591,158367.044005712,0
1983,1,3,21480.39045,20817.0914230892,0
1983,1,4,11786.78555,11757.6822769091,0
1983,1,5,2803.407532,2807.02208448323,0
1983,1,6,2153.298909902,2168.73083929653,0
1983,2,1,3711.0243,5821.05872247095,2
1983,2,2,14010.183,9040.56047873271,2
1983,2,3,1723.1592,1847.49018212945,2
1983,2,4,872.2522,1225.34680734458,2
1983,2,5,366.3461,435.33963513919,2
1984,1,1,601879.3595,255786.032871414,0
1984,1,2,78543.48164,83748.0491121816,0
1984,1,3,31091.86559,31290.6747017519,0
1984,1,4,4237.91994,4294.16310000669,0
1984,1,5,3414.979835,3387.45982552547,0
1984,1,6,1812.479380485,1795.15393668696,0
1984,2,1,11283.1644,10466.1596502734,2
1984,2,2,5359.6578,5049.6302422859,2
1984,2,3,2370.8004,2933.00136282367,2
1984,2,4,410.2633,466.473118580692,2
1984,2,5,419.7146,547.175472259244,2
1985,1,1,72096.28555,59401.8576177787,0
1985,1,2,153956.7475,151488.216737806,0
1985,1,3,19003.26796,19387.7012318654,0
1985,1,4,7779.001156,7807.22171903642,0
1985,1,5,1368.947848,1370.29982643235,0
1985,1,6,1924.620618598,1928.90014836005,0
1985,2,1,531.9761,2585.40192447092,2
1985,2,2,13656.1522,9432.18382778811,2
1985,2,3,2060.2817,1875.42459499168,2
1985,2,4,693.5728,862.420885149464,2
1985,2,5,221.2748,225.825749183067,2
1986,1,1,663346.682899999,274661.491955709,0
1986,1,2,38069.24593,39844.7057206447,0
1986,1,3,34276.63505,34988.6893231993,0
1986,1,4,5791.013147,5671.25861135764,0
1986,1,5,2980.645037,2898.10617725515,0
1986,1,6,1461.235518956,1439.26421268136,0
1986,2,1,11063.2646,11470.8254333688,2
1986,2,2,2193.9972,2416.91246203923,2
1986,2,3,3395.5501,3256.9201493122,2
1986,2,4,833.0882,589.071822644196,2
1986,2,5,391.939,451.06805852171,2
1987,1,1,49450.71967,100610.837227047,0
1987,1,2,189722.1936,177315.071583125,0
1987,1,3,9761.48282200001,9803.55503165228,0
1987,1,4,8688.926057,8558.31420282675,0
1987,1,5,1528.236936,1550.00916880467,0
1987,1,6,1634.080324116,1598.27497259881,0
1987,2,1,4370.5692,4418.69735046408,2
1987,2,2,13350.6056,10992.2414363319,2
1987,2,3,707.2291,926.378946159756,2
1987,2,4,692.2547,893.676427806304,2
1987,2,5,209.06,243.469441274853,2
1988,1,1,36737.65635,70682.4132128798,0
1988,1,2,72108.8931600001,70424.0100057549,0
1988,1,3,43928.63526,42654.156131472,0
1988,1,4,3116.683773,2941.65453879544,0
1988,1,5,2543.337776,2567.49657308215,0
1988,1,6,1114.464851707,1133.35872826557,0
1988,2,1,2355.0036,3051.06201392691,2
1988,2,2,3249.4364,4319.92907087579,2
1988,2,3,3477.6745,3954.9102896608,2
1988,2,4,170.78,301.865279290673,2
1988,2,5,340.5603,400.09752423656,2
1989,1,1,198992.1133,123497.44840598,0
1989,1,2,44768.29689,50419.7519123541,0
1989,1,3,18544.45841,18574.0455172049,0
1989,1,4,9791.406052,9966.6564570311,0
1989,1,5,994.3888215,958.790831763481,0
1989,1,6,1483.643572623,1426.66267271916,0
1989,2,1,8538.4001,5172.14507770073,2
1989,2,2,3147.976,3054.45546027981,2
1989,2,3,2599.7381,1705.70386664749,2
1989,2,4,1023.6056,1007.05057118976,2
1989,2,5,146.2016,146.606167063579,2
1990,1,1,45503.55587,45536.8312397157,0
1990,1,2,102026.9603,81158.6340365538,0
1990,1,3,11873.01451,11853.6478365506,0
1990,1,4,4298.631776,4296.68162665263,0
1990,1,5,2444.600543,2576.87955021048,0
1990,1,6,748.393201375,769.280064482499,0
1990,2,1,1799.5192,2078.43950751345,2
1990,2,2,6841.75870000001,5163.80660432094,2
1990,2,3,1145.8856,1153.29334893387,2
1990,2,4,393.2619,463.483497732114,2
1990,2,5,489.919,425.329961628413,2
1991,1,1,60760.84765,50514.8844882085,0
1991,1,2,31527.58586,33428.8270651663,0
1991,1,3,17002.15215,17811.2004236906,0
1991,1,4,3266.528977,3313.24168056143,0
1991,1,5,1371.764237,1369.26878704208,0
1991,1,6,1439.576606238,1367.46320913942,0
1991,2,1,1533.5333,2390.49815719147,2
1991,2,2,2083.0322,2169.23199112133,2
1991,2,3,1923.0725,1748.03283656554,2
1991,2,4,466.9774,355.467447407221,2
1991,2,5,264.902,222.108163204208,2
1992,1,1,129572.0506,110578.906122837,0
1992,1,2,41352.94905,39698.4479499673,0
1992,1,3,8524.80068899999,8658.73857976538,0
1992,1,4,4915.530191,4850.74129045885,0
1992,1,5,1040.803381,1028.5743115002,0
1992,1,6,920.991295257,940.121696424741,0
1992,2,1,8231.8679,5427.35772264881,2
1992,2,2,2827.4738,2623.08263526255,2
1992,2,3,719.4282,856.277685179586,2
1992,2,4,461.8427,522.375381816776,2
1992,2,5,155.675,168.247287412262,2
1992,3,1,17494.1087,9945.9162663787,2
1992,3,2,1633.3446,1679.06111274948,2
1992,3,3,375.8874,462.094820928184,2
1992,3,4,321.8533,300.855009748377,2
1993,1,1,38120.81698,60352.1793619008,0
1993,1,2,82709.17456,94143.1828638917,0
1993,1,3,11145.01604,11258.4795934096,0
1993,1,4,3126.055331,2994.65132084087,0
1993,1,5,1545.895415,1565.66069827617,0
1993,1,6,772.171975718,776.963514497812,0
1993,2,1,2815.8093,2774.20282065407,2
1993,2,2,7368.43090000001,5803.50281575042,2
1993,2,3,934.4869,1022.41462162416,2
1993,2,4,304.0957,297.489309386295,2
1993,2,5,243.7442,237.727516045517,2
1993,3,1,4909.4103,5116.2691003034,2
1993,3,2,4107.3697,3697.23764834409,2
1993,3,3,439.5719,543.26392407441,2
1993,3,4,131.5496,169.547566144616,2
1994,1,1,336091.6135,128302.88405517,0
1994,1,2,41772.88463,45649.7734520678,0
1994,1,3,21044.6992,21186.5021535261,0
1994,1,4,3045.390737,3014.22542099541,0
1994,1,5,859.2006654,871.872511475483,0
1994,1,6,763.930157899,760.471237660381,0
1994,2,1,6169.8428,6482.37460558808,2
1994,2,2,1972.0162,3086.99865638876,2
1994,2,3,1521.8112,2068.60740845716,2
1994,2,4,438.6568,324.648783836148,2
1994,2,5,222.1338,143.793600283929,2
1994,3,1,17697.986,12007.1653771457,2
1994,3,2,2121.3508,1957.8365041052,2
1994,3,3,926.5128,1079.50636306613,2
1994,3,4,151.1476,183.193314990585,2
1995,1,1,60241.90882,68578.3544995228,0
1995,1,2,106083.6807,95413.0232119656,0
1995,1,3,12782.56688,12341.9375563167,0
1995,1,4,5222.594954,5110.65080664438,0
1995,1,5,790.39549,812.390087841574,0
1995,1,6,503.887187008,522.418708190944,0
1995,2,1,6860.0151,3799.28478404428,2
1995,2,2,8652.80430000001,7111.21773040122,2
1995,2,3,1590.4771,1308.60089070384,2
1995,2,4,516.1628,604.705133852533,2
1995,2,5,150.9966,147.460489387205,2
1995,3,1,9435.3087,7030.52089766,2
1995,3,2,6536.2513,4420.16880748696,2
1995,3,3,661.3748,659.603290941178,2
1995,3,4,285.7361,334.098327399132,2
1996,1,1,19124.32964,46936.8675820121,0
1996,1,2,59360.42637,61533.5995725611,0
1996,1,3,23809.37535,24288.8741512949,0
1996,1,4,3125.33983,3275.00222162723,0
1996,1,5,1834.237376,1789.01628373988,0
1996,1,6,693.075039442,656.895861633406,0
1996,2,1,1679.943,2406.22481889854,2
1996,2,2,4033.2219,4075.49308403948,2
1996,2,3,2028.6555,2219.83794827576,2
1996,2,4,311.1963,330.17039998732,2
1996,2,5,222.2762,269.308862063619,2
1996,3,1,5254.1957,4506.8163287475,2
1996,3,2,2813.4823,2564.09052998066,2
1996,3,3,965.1706,1115.35049345943,2
1996,3,4,205.7604,180.624267118481,2
1997,1,1,109552.0037,156117.997770064,0
1997,1,2,42493.94755,47831.8046703016,0
1997,1,3,18430.27803,18560.7621959173,0
1997,1,4,6409.359328,6477.97444398246,0
1997,1,5,1221.441038,1198.31040608355,0
1997,1,6,926.923600946,919.610801008951,0
1997,2,1,14075.8839,7394.0843072375,2
1997,2,2,2445.7216,2805.24539084808,2
1997,2,3,1135.4035,1456.32599354589,2
1997,2,4,476.4661,551.337846207132,2
1997,2,5,174.9073,150.765822455022,2
1997,3,1,29945.9172,14048.377396827,2
1997,3,2,1898.6551,1801.92809587537,2
1997,3,3,702.8359,739.840671492966,2
1997,3,4,245.9585,301.238294684824,2
1998,1,1,16700.8306,23082.6006380869,0
1998,1,2,171206.4843,176517.175191988,0
1998,1,3,18293.43688,18058.0812489028,0
1998,1,4,5909.243783,5844.97249032787,0
1998,1,5,2378.512368,2366.79368830272,0
1998,1,6,810.465463326,829.917966372247,0
1998,2,1,1578.627,915.341801683063,2
1998,2,2,9254.02740000001,8646.16378894547,2
1998,2,3,879.9417,1158.53270976513,2
1998,2,4,423.1864,402.902592827952,2
1998,2,5,216.1956,241.478932315569,2
1998,3,1,912.6939,1748.28408864656,2
1998,3,2,8466.8461,5533.9317655224,2
1998,3,3,709.1402,579.542287226894,2
1998,3,4,190.3466,216.000906367021,2
1999,1,1,36792.61273,34803.77332993,0
1999,1,2,15179.5251,18601.4434511453,0
1999,1,3,39903.72856,40674.4483422705,0
1999,1,4,3958.970234,3992.76421965984,0
1999,1,5,1418.555215,1422.85643879662,0
1999,1,6,947.333841996,908.894989911649,0
1999,2,1,1308.967,1611.13991993858,2
1999,2,2,854.2742,1076.50370061093,2
1999,2,3,3972.7019,3002.12585962558,2
1999,2,4,336.2157,312.408890676965,2
1999,2,5,207.8794,163.641747231206,2
1999,3,1,3315.0844,3083.88424137212,2
1999,3,2,436.4009,679.033866081178,2
1999,3,3,2332.6577,1447.4525291905,2
1999,3,4,150.6936,160.710688036462,2
2000,1,1,45117.69596,56621.6731265493,0
2000,1,2,27965.39735,30159.2697108411,0
2000,1,3,6309.983342,5871.67768928303,0
2000,1,4,6529.268213,6963.82276173017,0
2000,1,5,995.5802238,989.364513711649,0
2000,1,6,573.387379282,578.165492411925,0
2000,2,1,3605.3276,2946.37319781337,2
2000,2,2,1963.2327,1945.37381590078,2
2000,2,3,409.5208,476.647809293253,2
2000,2,4,907.1128,592.202358924581,2
2000,2,5,189.0487,124.237151292468,2
2000,3,1,6512.9993,5678.7032463894,2
2000,3,2,899.9301,1225.65719539854,2
2000,3,3,108.9756,229.21334038916,2
2000,3,4,328.1614,301.57863390611,2
2001,1,1,7623.65226199999,13882.538061857,0
2001,1,2,53402.72774,39347.0226795386,0
2001,1,3,6797.216949,6815.46995470362,0
2001,1,4,1113.800282,1076.18705300529,0
2001,1,5,1052.66189,1066.07885028149,0
2001,1,6,269.612188581,279.240021030262,0
2001,2,1,950.0874,1088.69469845654,2
2001,2,2,3625.3886,3681.60849130924,2
2001,2,3,793.8536,796.593718054005,2
2001,2,4,155.5569,130.783978329565,2
2001,2,5,154.7877,193.043553262209,2
2001,3,1,1445.6838,2124.65024748692,2
2001,3,2,2063.6167,2368.18778821289,2
2001,3,3,353.5733,399.335776847527,2
2001,3,4,71.8018,68.9311386849243,2
2002,1,1,30692.45464,27919.071211655,0
2002,1,2,21265.31185,21271.6305858604,0
2002,1,3,17012.23963,17595.321482383,0
2002,1,4,2804.693375,2748.62116063099,0
2002,1,5,395.069504,395.309534367525,0
2002,1,6,502.898008,498.234594325708,0
2002,2,1,2536.3176,1593.90241204762,2
2002,2,2,1383.3141,1411.56897331833,2
2002,2,3,1492.2448,1439.33591343919,2
2002,2,4,237.8449,233.583483543582,2
2002,2,5,51.6885,50.3353962401038,2
2002,3,1,3916.2243,3132.76490432875,2
2002,3,2,827.6748,921.208053107183,2
2002,3,3,733.3665,743.62144105549,2
2002,3,4,202.1408,126.776446752704,2
2003,1,1,6134.9127,8013.46317893373,0
2003,1,2,14974.65499,16981.6143406939,0
2003,1,3,4327.524618,4289.18513144485,0
2003,1,4,3127.017488,2904.01413278023,0
2003,1,5,397.350046,411.204720479082,0
2003,1,6,151.79544,157.572121130928,0
2003,2,1,371.8816,803.984385835448,2
2003,2,2,2055.0076,1976.31430946817,2
2003,2,3,544.2488,609.08679918449,2
2003,2,4,405.4926,434.945244428773,2
2003,2,5,129.4464,93.9707353511531,2
2003,3,1,1002.0049,1578.26676381132,2
2003,3,2,1162.1108,1284.64910699799,2
2003,3,3,259.2209,316.169800218572,2
2003,3,4,169.4686,239.951789703828,2
2004,1,1,21806.67907,16671.7166799203,0
2004,1,2,12452.13204,12029.1164113244,0
2004,1,3,7460.138116,7387.76925143773,0
2004,1,4,1649.618995,1589.91914443749,0
2004,1,5,944.481335,978.309078071225,0
2004,1,6,210.866845,214.643356479073,0
2004,2,1,2564.475,1302.50865422221,2
2004,2,2,1139.9831,1089.38521374194,2
2004,2,3,1126.5768,812.180285155791,2
2004,2,4,203.9999,189.696029370192,2
2004,2,5,179.4581,178.388903127443,2
2004,3,1,3197.034,2549.59398151798,2
2004,3,2,731.2449,706.951128684465,2
2004,3,3,459.7268,426.605800855902,2
2004,3,4,89.03,107.832182198764,2
2005,1,1,11222.1596,13934.4042763672,0
2005,1,2,16477.98662,19263.8829918836,0
2005,1,3,4830.605264,4714.80391856076,0
2005,1,4,1862.916604,1950.67184242632,0
2005,1,5,545.581723,536.290785986701,0
2005,1,6,430.558979,424.070365935618,0
2005,2,1,955.443,1009.59270220253,2
2005,2,2,1420.3402,1568.61882226229,2
2005,2,3,468.3995,464.329041732754,2
2005,2,4,380.2725,213.030054433371,2
2005,2,5,68.2763,87.8649645310287,2
2005,3,1,1103.9053,1978.22811882983,2
2005,3,2,702.0069,1031.71957961121,2
2005,3,3,275.1722,252.487120795656,2
2005,3,4,112.3161,126.344940062425,2
2006,1,1,28176.69273,27248.5841157634,0
2006,1,2,39742.74732,14588.3574232298,0
2006,1,3,6374.892914,6451.2598900311,0
2006,1,4,1019.577134,1101.18916664475,0
2006,1,5,524.127984,524.623752888029,0
2006,1,6,336.362287,326.32817756548,0
2006,2,1,3629.5843,2330.20531862593,2
2006,2,2,853.3999,1338.12406777817,2
2006,2,3,731.6965,719.333580834425,2
2006,2,4,147.6761,139.468586706026,2
2006,2,5,86.1586,98.1724616986599,2
2006,3,1,5575.4543,4576.99886214989,2
2006,3,2,670.3974,901.167043522443,2
2006,3,3,563.0227,411.978786368391,2
2006,3,4,109.8052,87.3602155122255,2
2007,1,1,16946.78751,11458.3360670894,0
2007,1,2,29380.71781,30107.6806252931,0
2007,1,3,4921.18052,4990.9041959502,0
2007,1,4,2042.91759,1953.78138993882,0
2007,1,5,450.516128,440.684933121502,0
2007,1,6,249.815062,267.131339404345,0
2007,2,1,1229.3808,1103.03567311663,2
2007,2,2,2583.1871,2976.92523574216,2
2007,2,3,677.971,587.82075906565,2
2007,2,4,218.0365,263.53198202245,2
2007,2,5,86.0786,88.2130520700495,2
2007,3,1,1872.0097,2166.05756715079,2
2007,3,2,2283.343,2046.59977022582,2
2007,3,3,414.5199,346.833065309436,2
2007,3,4,158.0961,169.625913371825,2
2008,1,1,11185.14067,11935.2316556332,0
2008,1,2,12598.54867,13244.9755095436,0
2008,1,3,11721.04881,11410.5655126557,0
2008,1,4,1368.806725,1476.02950617842,0
2008,1,5,719.532896,732.28716076795,0
2008,1,6,335.122906,315.822943965623,0
2008,2,1,1945.5028,1268.79096886477,2
2008,2,2,1045.4222,1389.57902343739,2
2008,2,3,1153.6793,1395.66534044238,2
2008,2,4,280.6736,208.167154635583,2
2008,2,5,201.1811,151.070402067339,2
2008,3,1,2465.8223,2483.15859475409,2
2008,3,2,1149.6104,969.383329834035,2
2008,3,3,1071.9661,839.714763556291,2
2008,3,4,207.9124,136.390866012931,2
2009,1,1,10127.23255,11243.5014111746,0
2009,1,2,13887.27179,14743.5193080257,0
2009,1,3,5494.282116,5440.91734266466,0
2009,1,4,3538.549395,3479.13260645399,0
2009,1,5,646.352845,625.188477298271,0
2009,1,6,356.542379,357.959980981606,0
2009,2,1,1022.2262,1270.67159596151,2
2009,2,2,1714.9509,1603.62877374346,2
2009,2,3,857.2865,677.301508422277,2
2009,2,4,377.0243,496.353367989886,2
2009,2,5,125.4064,131.016270986987,2
2009,3,1,1969.1554,2467.48291704754,2
2009,3,2,901.0811,1126.16017251105,2
2009,3,3,287.2931,411.26096826222,2
2009,3,4,224.078,326.644733811851,2
2010,1,1,10986.82622,13728.8563661958,0
2010,1,2,14187.83189,13459.3579374811,0
2010,1,3,5831.35079199999,5719.81364599388,0
2010,1,4,1646.316466,1649.79559526546,0
2010,1,5,1344.18232,1303.50887031712,0
2010,1,6,291.591619,304.126410573991,0
2010,2,1,2532.2568,1924.11884629898,2
2010,2,2,1563.5553,1668.52659724444,2
2010,2,3,1165.8718,799.672796036841,2
2010,2,4,306.1194,265.881455481538,2
2010,2,5,200.2807,310.987840433345,2
2010,3,1,4702.6031,3721.22604610879,2
2010,3,2,1680.2399,1207.47479480213,2
2010,3,3,544.5849,510.802380568949,2
2010,3,4,174.5131,182.538623634064,2
2011,1,1,5034.638365,5120.98696443615,0
2011,1,2,12391.057,16448.7541527785,0
2011,1,3,4970.243291,5089.786542966,0
2011,1,4,1488.631935,1575.92484534726,0
2011,1,5,616.270572,621.971589994228,0
2011,1,6,540.411666,517.909590329087,0
2011,2,1,671.5127,965.665849051885,2
2011,2,2,2862.2137,2453.18215338262,2
2011,2,3,627.0988,846.402770262248,2
2011,2,4,342.04,301.168217204832,2
2011,2,5,227.9039,175.673203578299,2
2011,3,1,1234.0548,1854.68354914971,2
2011,3,2,2768.411,1836.75354208164,2
2011,3,3,860.629,574.584953048234,2
2011,3,4,343.3184,216.990083507718,2
2012,1,1,11814.78428,6079.92896695597,0
2012,1,2,7419.699775,7789.02974101168,0
2012,1,3,6789.359918,7188.20467535861,0
2012,1,4,2077.416169,2052.44748185538,0
2012,1,5,638.136986,649.084882566308,0
2012,1,6,413.182812,417.963434872792,0
2012,2,1,1314.2827,1314.17754798604,2
2012,2,2,1526.9115,1267.53489647178,2
2012,2,3,1918.388,1293.96379600762,2
2012,2,4,440.1813,425.299915714962,2
2012,2,5,244.5775,203.405679698656,2
2012,3,1,2110.5527,2482.81506767825,2
2012,3,2,949.5002,956.3664975286,2
2012,3,3,1239.7381,899.192500785906,2
2012,3,4,365.2349,312.406365883999,2
2013,1,1,6870.781286,7129.1021850438,0
2013,1,2,8743.12298,9624.19042722436,0
2013,1,3,3918.796282,3949.12954111424,0
2013,1,4,2988.534888,2965.98759459085,0
2013,1,5,948.684474,951.704681042227,0
2013,1,6,373.756229,386.681640790699,0
2013,2,1,1445.5053,1617.33889337335,2
2013,2,2,1370.1826,1608.51018390252,2
2013,2,3,800.2606,719.459702197709,2
2013,2,4,594.4043,627.90914331533,2
2013,2,5,409.6156,312.589528325702,2
2013,3,1,3216.911,2993.7882269422,2
2013,3,2,1047.6486,1207.59521277165,2
2013,3,3,518.217,501.736355659232,2
2013,3,4,521.1461,463.445384544321,2
2014,1,1,10076.14838,10916.0913662212,0
2014,1,2,10695.48,11627.6507181446,0
2014,1,3,5784.651172,5483.93034533754,0
2014,1,4,1766.719604,1732.58480992154,0
2014,1,5,1344.196138,1353.44590686445,0
2014,1,6,447.276148,473.183490731095,0
2014,2,1,2401.0057,2417.25287939745,2
2014,2,2,1707.8124,1912.08023313197,2
2014,2,3,762.567,977.047678562164,2
2014,2,4,304.3014,363.009142441666,2
2014,2,5,364.1481,449.650117269745,2
2014,3,1,3538.5575,4471.59789704423,2
2014,3,2,1440.8451,1431.40992991021,2
2014,3,3,591.3422,677.213274508504,2
2014,3,4,288.5161,267.3135075501,2
2015,2,1,1548.2452,1758.28393191923,2
2015,2,2,3520.639,2980.20041704711,2
2015,2,3,1315.4862,1110.73688892395,2
2015,2,4,502.9421,493.121162343659,2
2015,2,5,229.864,267.953435687118,2
