"year","age","obs"
1963,1,496584.776626787
1964,1,818562.976667012
1965,1,1058650.43653893
1966,1,1292489.11531023
1967,1,1093336.20236279
1968,1,553621.243026013
1969,1,489594.893376977
1970,1,1586321.25195358
1971,1,2068562.68551324
1972,1,517662.305061954
1973,1,746030.209639019
1974,1,727688.612342598
1975,1,1242215.2982218
1976,1,849800.965463351
1977,1,2098412.70595971
1978,1,1341243.28185773
1979,1,1638140.57801991
1980,1,2624027.27653101
1981,1,1058632.06825462
1982,1,1729608.73474942
1983,1,950152.257085921
1984,1,1698167.43195368
1985,1,417378.979582768
1986,1,1848867.806303
1987,1,708304.49279006
1988,1,487616.243792585
1989,1,824580.766122931
1990,1,329201.174811516
1991,1,377064.402361834
1992,1,853089.244006081
1993,1,435366.013578332
1994,1,1016196.3705274
1995,1,595731.468144203
1996,1,376160.24487574
1997,1,1151778.75355121
1998,1,142395.487142667
1999,1,250502.556829704
2000,1,457317.169981412
2001,1,168453.826196727
2002,1,246187.112967005
2003,1,124217.997013648
2004,1,201385.465130483
2005,1,156057.184526176
2006,1,359971.105799449
2007,1,170407.833797552
2008,1,196180.840424677
2009,1,196855.802550338
2010,1,298392.883031786
2011,1,150015.537641836
2012,1,204998.917492486
2013,1,253580.658831288
2014,1,379059.188722653
2015,1,275718.241836256
1963,2,186392.052503979
1964,2,135368.981325848
1965,2,232235.164086973
1966,2,278189.051740685
1967,2,341948.147826629
1968,2,293408.89921588
1969,2,143019.392439619
1970,2,132686.571594172
1971,2,419074.018302425
1972,2,524401.129412036
1973,2,120538.556656431
1974,2,177266.377511006
1975,2,169641.393168317
1976,2,286256.649492852
1977,2,171358.754027563
1978,2,443805.156373242
1979,2,271961.76966423
1980,2,312684.780150533
1981,2,492796.211831677
1982,2,191703.381072334
1983,2,320238.461667347
1984,2,177306.289588461
1985,2,329574.473346863
1986,2,84793.4881838422
1987,2,384329.874601353
1988,2,151304.405854884
1989,2,107218.224863127
1990,2,179954.083887026
1991,2,75400.0707200886
1992,2,90966.0661792613
1993,2,201499.736279659
1994,2,107301.926543738
1995,2,248428.450481158
1996,2,141945.927313864
1997,2,97198.6609669253
1998,2,299848.546088861
1999,2,37469.4764253314
2000,2,67731.8054503449
2001,2,127518.749089911
2002,2,48715.7365050352
2003,2,68273.9395865704
2004,2,37649.6177905033
2005,2,54030.3068089919
2006,2,45819.4874567528
2007,2,101410.460238922
2008,2,47164.0672094648
2009,2,54338.8988674282
2010,2,56114.8715780534
2011,2,81805.1412058142
2012,2,42186.6356195546
2013,2,53601.9386486589
2014,2,63763.5822433294
2015,2,99374.9313543944
1963,3,20538.5296893669
1964,3,52153.7508988627
1965,3,40587.0172271235
1966,3,68174.5849266875
1967,3,73166.8875254383
1968,3,90419.9843893355
1969,3,73230.1231718315
1970,3,39067.8650967726
1971,3,33822.17485041
1972,3,91069.971443583
1973,3,106510.851605432
1974,3,23904.2982633147
1975,3,36966.018689895
1976,3,34026.8959799567
1977,3,51283.6183071728
1978,3,30791.2876269992
1979,3,80292.4797480712
1980,3,58825.5287543018
1981,3,58727.3739235329
1982,3,91946.4460167394
1983,3,33116.9922868751
1984,3,52016.3221404778
1985,3,33073.3742142464
1986,3,57849.2043261966
1987,3,16410.1486562718
1988,3,70317.7195639157
1989,3,30387.2330437934
1990,3,20329.6771598863
1991,3,30768.8920170098
1992,3,15053.1687987202
1993,3,18043.6137600112
1994,3,36671.9257778032
1995,3,23400.8016238187
1996,3,39727.4941418464
1997,3,25991.4868935015
1998,3,20756.614353345
1999,3,54284.7023506891
2000,3,8624.41116286044
2001,3,14264.4149956211
2002,3,25580.3893437389
2003,3,10812.1313144442
2004,3,14374.7827186389
2005,3,8147.32284800025
2006,3,12459.0987864032
2007,3,10105.7476538289
2008,3,23877.3482481789
2009,3,11560.8723006396
2010,3,13477.8183375707
2011,3,14049.9638540185
2012,3,21354.1314377815
2013,3,11862.6474377657
2014,3,16134.5090452185
2015,3,18340.0265464387
1963,4,10327.6346699663
1964,4,11534.5408878038
1965,4,22922.5186928003
1966,4,16481.2690350043
1967,4,28716.5949487792
1968,4,28697.5069685288
1969,4,34169.1427548481
1970,4,32405.3919269007
1971,4,14960.0551150327
1972,4,12157.9704617254
1973,4,29918.1447250157
1974,4,36690.6660315851
1975,4,9677.88291710803
1976,4,13657.2277058385
1977,4,10967.1965497644
1978,4,18877.0645603606
1979,4,9030.71204575124
1980,4,24753.9802192406
1981,4,17699.0137718714
1982,4,17023.4296069351
1983,4,21233.9737480355
1984,4,8033.22433834413
1985,4,14816.3345719842
1986,4,10213.3160855195
1987,4,15481.7352245668
1988,4,5243.79241313191
1989,4,17537.7131161688
1990,4,7989.92357449627
1991,4,6132.75619006862
1992,4,9007.36888212557
1993,4,5143.1027192953
1994,4,5626.63448799212
1995,4,10535.8572594124
1996,4,5766.8350475904
1997,4,9632.82333499707
1998,4,7072.86010629839
1999,4,5541.17574660099
2000,4,10530.4373260113
2001,4,2305.6755847256
2002,4,4087.91544072659
2003,4,7580.90612754887
2004,4,3281.66757521178
2005,4,3646.4521447372
2006,4,2354.918924212
2007,4,4419.54433090246
2008,4,3475.58424324119
2009,4,8278.06219506377
2010,4,4387.63255688817
2011,4,4910.3260967452
2012,4,6900.77767724003
2013,4,10176.0739037182
2014,4,5886.4113977629
2015,4,7995.63538410323
1963,5,8246.9515827606
1964,5,5256.69407022763
1965,5,6209.57847442958
1966,5,9518.15360728627
1967,5,8033.3420605097
1968,5,14308.310812355
1969,5,11430.8269888908
1970,5,15446.8810536163
1971,5,16052.8563965731
1972,5,5983.7320391342
1973,5,4967.7354518058
1974,5,11088.0741402186
1975,5,16468.3548404248
1976,5,3815.53238651669
1977,5,5144.25004897384
1978,5,5603.83247402049
1979,5,7395.48492556685
1980,5,3993.74870719166
1981,5,8913.91236606003
1982,5,6610.29518303341
1983,5,5439.25594438758
1984,5,6800.13860804739
1985,5,2799.47305371881
1986,5,5633.05849557629
1987,5,3036.78033977694
1988,5,4995.70586649253
1989,5,1835.30569022329
1990,5,5271.64298419677
1991,5,2758.82923324033
1992,5,2087.62537997258
1993,5,2953.92105883402
1994,5,1790.02221959188
1995,5,1843.26677168228
1996,5,3386.31553112936
1997,5,1899.07323530584
1998,5,3053.78542435871
1999,5,2090.6709467731
2000,5,1589.4913014967
2001,5,2447.71872534249
2002,5,633.679536797084
2003,5,1175.87244070755
2004,5,2217.83552357057
2005,5,1085.04023623794
2006,5,1199.86941502191
2007,5,1071.17925727011
2008,5,1829.51753170246
2009,5,1584.49969972916
2010,5,3723.09732775038
2011,5,2080.58383299702
2012,5,2395.71900998182
2013,5,3673.32109371411
2014,5,5281.13917906276
2015,5,3146.95896186189
1963,6,5208.94052531707
1964,6,7034.11915676042
1965,6,5589.31676490419
1966,6,6172.08125571752
1967,6,8182.11689987227
1968,6,7107.42667509536
1969,6,10027.3625235574
1970,6,8544.9641631712
1971,6,10749.192221786
1972,6,12852.6593595464
1973,6,7246.16191019867
1974,6,5658.66498848919
1975,6,7264.7813180277
1976,6,9991.59663608017
1977,6,6221.74965616666
1978,6,4679.99292075524
1979,6,3604.06004124463
1980,6,4765.54489039435
1981,6,3701.22652378693
1982,6,5684.91235729606
1983,6,4579.78447892824
1984,6,3927.93972666977
1985,6,4306.3652620189
1986,6,3068.0326799301
1987,6,3439.46497346582
1988,6,2442.54455839166
1989,6,3033.25228568768
1990,6,1764.98135329262
1991,6,3107.60724818934
1992,6,2195.15732841753
1993,6,1714.38755036243
1994,6,1853.65459150543
1995,6,1432.11329302483
1996,6,1506.5637067603
1997,6,1792.8511154348
1998,6,1341.87526482675
1999,6,1689.24377076412
2000,6,1202.88311053822
2001,6,855.398278010181
2002,6,1090.10259556124
2003,6,634.639038416197
2004,6,701.155784728672
2005,6,1257.39259479234
2006,6,1117.26199751716
2007,6,1005.06803868823
2008,6,1230.81621889317
2009,6,1456.79268238868
2010,6,1437.91954339353
2011,6,2903.78577993455
2012,6,2667.49380904949
2013,6,2663.19426464374
2014,6,3366.57345367706
2015,6,5437.97218780495
