"year","est"
1963,0.469500667497391
1964,0.512629976495269
1965,0.564931667681294
1966,0.569662546298831
1967,0.606780856176195
1968,0.643479994692551
1969,0.60872732054405
1970,0.646176083225597
1971,0.732832397814799
1972,0.7940843431392
1973,0.779451875314616
1974,0.742467311774241
1975,0.800770696754134
1976,0.856616060395331
1977,0.813043299469478
1978,0.901259982871832
1979,0.84398077383255
1980,0.919556686837295
1981,0.935960732269258
1982,1.04992312662623
1983,1.04234516212952
1984,0.972848447528254
1985,0.937904994616783
1986,0.992053076168132
1987,0.973359581776875
1988,0.994715954594781
1989,1.01185745700443
1990,0.936444350309117
1991,0.927115562023279
1992,0.915516002876456
1993,0.935275978242307
1994,0.955805546645815
1995,1.00474602850405
1996,1.00311677758163
1997,0.979922774727009
1998,1.00178481526998
1999,1.05943796723142
2000,1.06363692834474
2001,0.992947098366867
2002,0.936345661696811
2003,0.917142313374082
2004,0.883090532724609
2005,0.816778730207464
2006,0.725729099593673
2007,0.671120257991347
2008,0.634474690079729
2009,0.619021609829596
2010,0.534354155092113
2011,0.435047436648652
2012,0.396369256712536
2013,0.388400547039452
2014,0.395918424243829
2015,0.395180574027149
