"metric","age","n_years","mean_percent_difference","mean_absolute_percent_difference","terminal_year","terminal_percent_difference"
"F",1,40,3.12717036187677,9.08774795641363,2022,59.3798458869167
"F",2,40,3.65516743556786,8.80038652709297,2022,38.2525785511932
"F",3,40,4.52598279718502,9.52208578614644,2022,53.4259466424679
"F",4,40,5.74525081588482,10.1538703094387,2022,55.7312573219312
"F",5,40,6.8874449283139,10.7556209390086,2022,54.4260964535409
"F",6,40,8.19944851109463,12.3806176353041,2022,44.002590368331
"F",7,40,13.7309023295334,16.1562371085604,2022,44.6828530978632
"Fbar",NA,40,4.88452687927301,9.44399421438835,2022,51.6641551306353
"M",1,40,0,0,2022,0
"M",2,40,0,0,2022,0
"M",3,40,0,0,2022,0
"M",4,40,0,0,2022,0
"M",5,40,0,0,2022,0
"M",6,40,0,0,2022,0
"M",7,40,0,0,2022,0
"N",1,40,-1.32089672143359,4.45882678503242,2022,-2.27759867426947
"N",2,40,-1.41793107740747,2.69302654554702,2022,-12.0143908070421
"N",3,40,-2.05833193970984,2.86015802671282,2022,-5.77000105964502
"N",4,40,-2.90805547625743,3.55374114856454,2022,-12.7248211332904
"N",5,40,-3.60216990621762,4.22805890530687,2022,-16.8714186963512
"N",6,40,-4.67796121079,5.0702790439589,2022,-18.4399243245511
"N",7,40,-7.70953421066682,7.91632851695897,2022,-19.8855117829982
"recruitment",NA,40,-1.32089672143359,4.45882678503242,2022,-2.27759867426947
"ssb",NA,40,-3.54388834974496,3.80682778358141,2022,-13.2311261003936
