"metric","definition","n","mean_relative_difference","mean_absolute_relative_difference","trend_correlation","terminal_year","terminal_relative_difference"
"Fbar_arithmetic","common",40,0.0488446557151755,0.0944393877697391,0.970132764341158,2022,0.51663717620129
"SSB_original_biology","common",40,-0.0340010583557258,0.0369492289793408,0.997354377978195,2022,-0.130691383969062
"abundance","common",40,-0.017087611239133,0.0353727212979438,0.997568185355365,2022,-0.0486720354137342
"biomass_original_weight","common",40,-0.026200904526831,0.0287306044998835,0.999248243419403,2022,-0.10068192694686
"native_F_bar","different definitions",40,-0.0927076754559771,0.111472295714901,0.953370894499549,2022,0.211128005925179
"native_recruitment","same age",40,-0.0132088524536766,0.0445878047139851,0.997833539115174,2022,-0.0227758851419423
"native_ssb","different definitions",40,-0.0354379758113859,0.0380674280492649,0.997144851325532,2022,-0.132309965978578
"predicted_catch_original_weight","common",39,0.00924900677552082,0.0634564487207709,0.996576934764045,2021,0.348017235540098
"recruitment_age1","common",40,-0.0132088524536766,0.0445878047139851,0.997833539115174,2022,-0.0227758851419423
