"year","metric","est_SAM","est_tinyAM","relative_difference","definition","lwr_SAM","upr_SAM","se_SAM","se_scale_SAM","lwr_tinyAM","upr_tinyAM","se_tinyAM","se_scale_tinyAM"
1983,"Fbar_arithmetic",0.99384424927207,1.00369316363032,0.0099099173391215,"common",NA,NA,NA,NA,NA,NA,NA,NA
1983,"SSB_original_biology",113901.274517818,107058.847645681,-0.0600733126218558,"common",NA,NA,NA,NA,NA,NA,NA,NA
1983,"abundance",990535.365802514,1046528.40913802,0.056528060752419,"common",NA,NA,NA,NA,NA,NA,NA,NA
1983,"biomass_original_weight",443808.823443753,441184.603602239,-0.00591295103407563,"common",NA,NA,NA,NA,NA,NA,NA,NA
1983,"predicted_catch_original_weight",309818.754248837,312255.766056977,0.00786592733564251,"common",NA,NA,NA,NA,NA,NA,NA,NA
1983,"recruitment_age1",606068.861262048,648524.406324398,0.0700506951865867,"common",NA,NA,NA,NA,NA,NA,NA,NA
1984,"Fbar_arithmetic",1.02670203466476,0.974052621132793,-0.0512801297302984,"common",NA,NA,NA,NA,NA,NA,NA,NA
1984,"SSB_original_biology",94050.7109583611,90533.6356055567,-0.0373955211711429,"common",NA,NA,NA,NA,NA,NA,NA,NA
1984,"abundance",2464792.79495133,2273557.50165667,-0.0775867625410041,"common",NA,NA,NA,NA,NA,NA,NA,NA
1984,"biomass_original_weight",433590.093492599,417377.030016348,-0.0373926058726433,"common",NA,NA,NA,NA,NA,NA,NA,NA
1984,"predicted_catch_original_weight",342300.228055612,322083.032129367,-0.0590627591488503,"common",NA,NA,NA,NA,NA,NA,NA,NA
1984,"recruitment_age1",2229849.65170581,2037921.59393491,-0.0860721966721293,"common",NA,NA,NA,NA,NA,NA,NA,NA
1985,"Fbar_arithmetic",0.987850894767806,0.970135652403363,-0.0179331136493098,"common",NA,NA,NA,NA,NA,NA,NA,NA
1985,"SSB_original_biology",90827.7017369233,88794.5608807629,-0.0223845899134303,"common",NA,NA,NA,NA,NA,NA,NA,NA
1985,"abundance",765336.68581025,741502.831750815,-0.0311416589604649,"common",NA,NA,NA,NA,NA,NA,NA,NA
1985,"biomass_original_weight",392462.99788797,386653.52194841,-0.0148026080696099,"common",NA,NA,NA,NA,NA,NA,NA,NA
1985,"predicted_catch_original_weight",274999.482629541,268189.677340482,-0.0247629749116036,"common",NA,NA,NA,NA,NA,NA,NA,NA
1985,"recruitment_age1",328580.941311361,311108.642607232,-0.0531750217599257,"common",NA,NA,NA,NA,NA,NA,NA,NA
1986,"Fbar_arithmetic",1.03081233761599,0.980598096682336,-0.0487132711758043,"common",NA,NA,NA,NA,NA,NA,NA,NA
1986,"SSB_original_biology",70619.8319543414,68102.4733568838,-0.0356466240118665,"common",NA,NA,NA,NA,NA,NA,NA,NA
1986,"abundance",2589842.63658274,2328173.26941285,-0.101036782495462,"common",NA,NA,NA,NA,NA,NA,NA,NA
1986,"biomass_original_weight",403266.418036183,381844.282968823,-0.0531215447387881,"common",NA,NA,NA,NA,NA,NA,NA,NA
1986,"predicted_catch_original_weight",289878.867827536,267631.920514097,-0.0767456678721232,"common",NA,NA,NA,NA,NA,NA,NA,NA
1986,"recruitment_age1",2424740.29698877,2167284.81209606,-0.106178581356708,"common",NA,NA,NA,NA,NA,NA,NA,NA
1987,"Fbar_arithmetic",0.942001418863364,0.989036390009676,0.0499308920394896,"common",NA,NA,NA,NA,NA,NA,NA,NA
1987,"SSB_original_biology",80202.1449571512,78886.5025106634,-0.0164040805540887,"common",NA,NA,NA,NA,NA,NA,NA,NA
1987,"abundance",1119116.15635205,1148200.45526102,0.0259886328545029,"common",NA,NA,NA,NA,NA,NA,NA,NA
1987,"biomass_original_weight",383357.709289885,376639.14424858,-0.0175255769702677,"common",NA,NA,NA,NA,NA,NA,NA,NA
1987,"predicted_catch_original_weight",268399.676609816,273103.609001259,0.0175258496986979,"common",NA,NA,NA,NA,NA,NA,NA,NA
1987,"recruitment_age1",641996.854885968,689433.474739429,0.073889177949146,"common",NA,NA,NA,NA,NA,NA,NA,NA
1988,"Fbar_arithmetic",0.925008821540253,0.993327182252477,0.0738569828971645,"common",NA,NA,NA,NA,NA,NA,NA,NA
1988,"SSB_original_biology",64224.4809158361,61877.7517285552,-0.0365394807994827,"common",NA,NA,NA,NA,NA,NA,NA,NA
1988,"abundance",622806.800822917,647214.260362595,0.0391894557147221,"common",NA,NA,NA,NA,NA,NA,NA,NA
1988,"biomass_original_weight",287672.8403168,281937.305152794,-0.0199377013057253,"common",NA,NA,NA,NA,NA,NA,NA,NA
1988,"predicted_catch_original_weight",205144.23671549,210553.509887755,0.0263681459390275,"common",NA,NA,NA,NA,NA,NA,NA,NA
1988,"recruitment_age1",364874.979489405,392642.745115312,0.0761021368600414,"common",NA,NA,NA,NA,NA,NA,NA,NA
1989,"Fbar_arithmetic",1.01793312900379,0.998325673188366,-0.0192620273933017,"common",NA,NA,NA,NA,NA,NA,NA,NA
1989,"SSB_original_biology",90723.8385710501,86509.7831674283,-0.0464492626193455,"common",NA,NA,NA,NA,NA,NA,NA,NA
1989,"abundance",1292325.93833153,1232667.49859083,-0.0461636170653089,"common",NA,NA,NA,NA,NA,NA,NA,NA
1989,"biomass_original_weight",277454.55152841,266457.160421423,-0.0396367298586592,"common",NA,NA,NA,NA,NA,NA,NA,NA
1989,"predicted_catch_original_weight",208659.056971014,197798.204349139,-0.0520507126771096,"common",NA,NA,NA,NA,NA,NA,NA,NA
1989,"recruitment_age1",1132651.93211973,1074848.0966488,-0.0510340677764524,"common",NA,NA,NA,NA,NA,NA,NA,NA
1990,"Fbar_arithmetic",0.969999034615769,0.994078650288048,0.0248243707601397,"common",NA,NA,NA,NA,NA,NA,NA,NA
1990,"SSB_original_biology",62761.6693251255,61569.9635882713,-0.0189877954118898,"common",NA,NA,NA,NA,NA,NA,NA,NA
1990,"abundance",596628.512433072,586141.0328884,-0.0175779053902465,"common",NA,NA,NA,NA,NA,NA,NA,NA
1990,"biomass_original_weight",234062.556641821,229880.52300167,-0.0178671620961194,"common",NA,NA,NA,NA,NA,NA,NA,NA
1990,"predicted_catch_original_weight",161436.854315292,161936.458256503,0.00309473288073514,"common",NA,NA,NA,NA,NA,NA,NA,NA
1990,"recruitment_age1",327823.137959269,322613.106232229,-0.015892812690017,"common",NA,NA,NA,NA,NA,NA,NA,NA
1991,"Fbar_arithmetic",0.983762469802151,0.976509028121305,-0.00737316364823792,"common",NA,NA,NA,NA,NA,NA,NA,NA
1991,"SSB_original_biology",68493.0637078334,65864.6278230839,-0.0383752126487072,"common",NA,NA,NA,NA,NA,NA,NA,NA
1991,"abundance",566815.223944504,558484.261133968,-0.0146978458915779,"common",NA,NA,NA,NA,NA,NA,NA,NA
1991,"biomass_original_weight",185259.238729914,181125.583166341,-0.0223128173899071,"common",NA,NA,NA,NA,NA,NA,NA,NA
1991,"predicted_catch_original_weight",134141.201463902,131358.470575297,-0.0207447887616655,"common",NA,NA,NA,NA,NA,NA,NA,NA
1991,"recruitment_age1",441822.499768944,434744.176455428,-0.0160207398156896,"common",NA,NA,NA,NA,NA,NA,NA,NA
1992,"Fbar_arithmetic",0.951393503052231,0.962313200602768,0.0114775826358964,"common",NA,NA,NA,NA,NA,NA,NA,NA
1992,"SSB_original_biology",77811.6142666919,75920.3850957663,-0.0243052298650891,"common",NA,NA,NA,NA,NA,NA,NA,NA
1992,"abundance",1183388.16384898,1156770.31587395,-0.0224929138115236,"common",NA,NA,NA,NA,NA,NA,NA,NA
1992,"biomass_original_weight",201442.513446971,197488.681544958,-0.0196275941674766,"common",NA,NA,NA,NA,NA,NA,NA,NA
1992,"predicted_catch_original_weight",156779.522028072,156817.874489532,0.000244626727800457,"common",NA,NA,NA,NA,NA,NA,NA,NA
1992,"recruitment_age1",1049880.02413596,1024293.66733286,-0.0243707435277261,"common",NA,NA,NA,NA,NA,NA,NA,NA
1993,"Fbar_arithmetic",0.946175593347068,0.953837889131596,0.00809817526303203,"common",NA,NA,NA,NA,NA,NA,NA,NA
1993,"SSB_original_biology",56608.4750337014,54442.1405343484,-0.0382687309287749,"common",NA,NA,NA,NA,NA,NA,NA,NA
1993,"abundance",665642.028485583,684742.52010695,0.028694840175316,"common",NA,NA,NA,NA,NA,NA,NA,NA
1993,"biomass_original_weight",218191.165633306,216417.99523619,-0.00812668281948847,"common",NA,NA,NA,NA,NA,NA,NA,NA
1993,"predicted_catch_original_weight",159836.211689935,161828.351708221,0.0124636338488215,"common",NA,NA,NA,NA,NA,NA,NA,NA
1993,"recruitment_age1",402245.830915282,421287.158900522,0.0473375396878899,"common",NA,NA,NA,NA,NA,NA,NA,NA
1994,"Fbar_arithmetic",0.982945691895277,0.94682647942103,-0.0367458881727264,"common",NA,NA,NA,NA,NA,NA,NA,NA
1994,"SSB_original_biology",80753.0156671434,79418.3166074176,-0.0165281636691726,"common",NA,NA,NA,NA,NA,NA,NA,NA
1994,"abundance",1752574.00212592,1555977.26952363,-0.11217599505859,"common",NA,NA,NA,NA,NA,NA,NA,NA
1994,"biomass_original_weight",249598.211931822,238997.148891058,-0.0424725119571751,"common",NA,NA,NA,NA,NA,NA,NA,NA
1994,"predicted_catch_original_weight",180328.205244301,171113.930352595,-0.0510972472621402,"common",NA,NA,NA,NA,NA,NA,NA,NA
1994,"recruitment_age1",1594171.27392417,1395632.8298924,-0.124540221793767,"common",NA,NA,NA,NA,NA,NA,NA,NA
1995,"Fbar_arithmetic",0.857828035468442,0.963877959590645,0.123626087907341,"common",NA,NA,NA,NA,NA,NA,NA,NA
1995,"SSB_original_biology",67122.7395630536,67049.6264479222,-0.00108924509946007,"common",NA,NA,NA,NA,NA,NA,NA,NA
1995,"abundance",1017981.98750172,1001568.64412922,-0.0161234123727242,"common",NA,NA,NA,NA,NA,NA,NA,NA
1995,"biomass_original_weight",271534.579113222,268886.566363164,-0.00975202774801642,"common",NA,NA,NA,NA,NA,NA,NA,NA
1995,"predicted_catch_original_weight",185700.503800616,201105.045941248,0.0829536906220347,"common",NA,NA,NA,NA,NA,NA,NA,NA
1995,"recruitment_age1",677946.614223656,667612.428404839,-0.0152433622382649,"common",NA,NA,NA,NA,NA,NA,NA,NA
1996,"Fbar_arithmetic",0.916996431908585,0.999798698850456,0.0902972618656006,"common",NA,NA,NA,NA,NA,NA,NA,NA
1996,"SSB_original_biology",99407.2792913575,96715.7441161945,-0.0270758358376781,"common",NA,NA,NA,NA,NA,NA,NA,NA
1996,"abundance",524918.518569984,545736.10010896,0.0396586914016455,"common",NA,NA,NA,NA,NA,NA,NA,NA
1996,"biomass_original_weight",213836.052734672,211417.479911195,-0.0113104071672977,"common",NA,NA,NA,NA,NA,NA,NA,NA
1996,"predicted_catch_original_weight",154424.889047984,162996.551361035,0.0555069999783995,"common",NA,NA,NA,NA,NA,NA,NA,NA
1996,"recruitment_age1",306691.232247104,328474.312387874,0.0710260935115987,"common",NA,NA,NA,NA,NA,NA,NA,NA
1997,"Fbar_arithmetic",0.971402261151494,1.03054238484607,0.0608811880100795,"common",NA,NA,NA,NA,NA,NA,NA,NA
1997,"SSB_original_biology",96438.9108193121,91696.1486216363,-0.049178927441039,"common",NA,NA,NA,NA,NA,NA,NA,NA
1997,"abundance",1531116.31610754,1515555.01850665,-0.0101633673661404,"common",NA,NA,NA,NA,NA,NA,NA,NA
1997,"biomass_original_weight",214405.065475176,207243.578470551,-0.0334016688866626,"common",NA,NA,NA,NA,NA,NA,NA,NA
1997,"predicted_catch_original_weight",164469.655974796,164256.324367508,-0.00129708794016525,"common",NA,NA,NA,NA,NA,NA,NA,NA
1997,"recruitment_age1",1378458.65429138,1366443.40804318,-0.00871643571665037,"common",NA,NA,NA,NA,NA,NA,NA,NA
1998,"Fbar_arithmetic",1.17525721348491,1.08127596820621,-0.0799665334535802,"common",NA,NA,NA,NA,NA,NA,NA,NA
1998,"SSB_original_biology",90182.9376839754,82770.301020304,-0.0821955555456316,"common",NA,NA,NA,NA,NA,NA,NA,NA
1998,"abundance",555992.220991046,532740.415158898,-0.0418203797720439,"common",NA,NA,NA,NA,NA,NA,NA,NA
1998,"biomass_original_weight",238720.560297283,223378.530610147,-0.0642677349116094,"common",NA,NA,NA,NA,NA,NA,NA,NA
1998,"predicted_catch_original_weight",175952.568923898,157012.079364975,-0.107645427826146,"common",NA,NA,NA,NA,NA,NA,NA,NA
1998,"recruitment_age1",134598.62779598,132975.592143388,-0.0120583372889395,"common",NA,NA,NA,NA,NA,NA,NA,NA
1999,"Fbar_arithmetic",1.21414482294522,1.09243087635864,-0.100246646270197,"common",NA,NA,NA,NA,NA,NA,NA,NA
1999,"SSB_original_biology",78982.7729041743,75673.0216240591,-0.0419047237570489,"common",NA,NA,NA,NA,NA,NA,NA,NA
1999,"abundance",414983.627919168,409902.358622398,-0.0122445054573577,"common",NA,NA,NA,NA,NA,NA,NA,NA
1999,"biomass_original_weight",150957.937314738,145620.9596403,-0.0353540712689465,"common",NA,NA,NA,NA,NA,NA,NA,NA
1999,"predicted_catch_original_weight",107855.55541233,98122.6850514933,-0.0902398612999391,"common",NA,NA,NA,NA,NA,NA,NA,NA
1999,"recruitment_age1",306938.830538716,305042.538578318,-0.0061780777527225,"common",NA,NA,NA,NA,NA,NA,NA,NA
2000,"Fbar_arithmetic",1.13429463510396,1.05721803078818,-0.0679511318580029,"common",NA,NA,NA,NA,NA,NA,NA,NA
2000,"SSB_original_biology",59111.2739043347,58970.0466768878,-0.00238917583937337,"common",NA,NA,NA,NA,NA,NA,NA,NA
2000,"abundance",578763.134270411,581869.119681187,0.00536659166221964,"common",NA,NA,NA,NA,NA,NA,NA,NA
2000,"biomass_original_weight",119361.477361257,119647.854521271,0.00239924275691772,"common",NA,NA,NA,NA,NA,NA,NA,NA
2000,"predicted_catch_original_weight",85313.9027893738,81386.2470341968,-0.0460376987426511,"common",NA,NA,NA,NA,NA,NA,NA,NA
2000,"recruitment_age1",482845.90809287,484729.918631419,0.00390188775957556,"common",NA,NA,NA,NA,NA,NA,NA,NA
2001,"Fbar_arithmetic",0.872747653447631,0.96860936442083,0.10983897876381,"common",NA,NA,NA,NA,NA,NA,NA,NA
2001,"SSB_original_biology",38417.1770483438,39097.8882822507,0.0177189290366202,"common",NA,NA,NA,NA,NA,NA,NA,NA
2001,"abundance",309247.503184834,316757.322602842,0.0242841715476034,"common",NA,NA,NA,NA,NA,NA,NA,NA
2001,"biomass_original_weight",105289.928694583,106520.569243887,0.0116881126672053,"common",NA,NA,NA,NA,NA,NA,NA,NA
2001,"predicted_catch_original_weight",62407.8547481057,68673.216578256,0.100393802277597,"common",NA,NA,NA,NA,NA,NA,NA,NA
2001,"recruitment_age1",151097.639841293,159896.645472352,0.0582339051774787,"common",NA,NA,NA,NA,NA,NA,NA,NA
2002,"Fbar_arithmetic",0.9944792683201,0.940025444307222,-0.0547561178473459,"common",NA,NA,NA,NA,NA,NA,NA,NA
2002,"SSB_original_biology",45210.3735907121,42676.4717726794,-0.0560469117325161,"common",NA,NA,NA,NA,NA,NA,NA,NA
2002,"abundance",432594.034376195,425404.298065386,-0.0166200542297731,"common",NA,NA,NA,NA,NA,NA,NA,NA
2002,"biomass_original_weight",108463.268766485,103936.734677516,-0.041733336459878,"common",NA,NA,NA,NA,NA,NA,NA,NA
2002,"predicted_catch_original_weight",63145.7145197214,57720.5038918308,-0.0859157374202535,"common",NA,NA,NA,NA,NA,NA,NA,NA
2002,"recruitment_age1",347361.384782408,343202.162305431,-0.0119737617915755,"common",NA,NA,NA,NA,NA,NA,NA,NA
2003,"Fbar_arithmetic",0.726535852146851,0.882588677039681,0.214790260427903,"common",NA,NA,NA,NA,NA,NA,NA,NA
2003,"SSB_original_biology",33748.6628744937,34400.5471868708,0.0193158560029891,"common",NA,NA,NA,NA,NA,NA,NA,NA
2003,"abundance",182814.949539459,185076.079816086,0.0123684101454651,"common",NA,NA,NA,NA,NA,NA,NA,NA
2003,"biomass_original_weight",78052.1412389627,80156.5718601243,0.0269618563662295,"common",NA,NA,NA,NA,NA,NA,NA,NA
2003,"predicted_catch_original_weight",39326.4936052052,46623.4358709197,0.185547746487846,"common",NA,NA,NA,NA,NA,NA,NA,NA
2003,"recruitment_age1",98559.563378421,96760.3775669381,-0.0182548070406413,"common",NA,NA,NA,NA,NA,NA,NA,NA
2004,"Fbar_arithmetic",0.823906424736074,0.863102477581676,0.0475734278418305,"common",NA,NA,NA,NA,NA,NA,NA,NA
2004,"SSB_original_biology",40423.7646258181,38525.6887760936,-0.046954455313452,"common",NA,NA,NA,NA,NA,NA,NA,NA
2004,"abundance",348008.621609008,338142.262895369,-0.0283509031127532,"common",NA,NA,NA,NA,NA,NA,NA,NA
2004,"biomass_original_weight",80893.4012825661,77573.177752438,-0.0410444297987956,"common",NA,NA,NA,NA,NA,NA,NA,NA
2004,"predicted_catch_original_weight",36218.0390791336,35676.316177179,-0.014957267586215,"common",NA,NA,NA,NA,NA,NA,NA,NA
2004,"recruitment_age1",292867.892770232,285432.555142739,-0.0253880258336352,"common",NA,NA,NA,NA,NA,NA,NA,NA
2005,"Fbar_arithmetic",0.845568443438921,0.835613457525079,-0.0117731284688862,"common",NA,NA,NA,NA,NA,NA,NA,NA
2005,"SSB_original_biology",33113.732208243,31686.643165707,-0.0430965930859586,"common",NA,NA,NA,NA,NA,NA,NA,NA
2005,"abundance",252925.64989752,255765.883544138,0.0112295200102057,"common",NA,NA,NA,NA,NA,NA,NA,NA
2005,"biomass_original_weight",72669.8539470756,71547.9112073743,-0.0154389018108997,"common",NA,NA,NA,NA,NA,NA,NA,NA
2005,"predicted_catch_original_weight",40650.3831454756,40138.1843390226,-0.0126000978790285,"common",NA,NA,NA,NA,NA,NA,NA,NA
2005,"recruitment_age1",178807.99032332,180687.662557347,0.010512238466684,"common",NA,NA,NA,NA,NA,NA,NA,NA
2006,"Fbar_arithmetic",0.852895170763404,0.791449496600394,-0.0720436417854392,"common",NA,NA,NA,NA,NA,NA,NA,NA
2006,"SSB_original_biology",27831.3412161657,26790.1852480907,-0.0374094787595159,"common",NA,NA,NA,NA,NA,NA,NA,NA
2006,"abundance",505158.791674164,513503.161386935,0.0165183103814082,"common",NA,NA,NA,NA,NA,NA,NA,NA
2006,"biomass_original_weight",89524.8585366367,87015.4334660425,-0.0280304835060674,"common",NA,NA,NA,NA,NA,NA,NA,NA
2006,"predicted_catch_original_weight",35690.5494353032,32847.0826824054,-0.0796700190354929,"common",NA,NA,NA,NA,NA,NA,NA,NA
2006,"recruitment_age1",426338.419081443,440995.549562513,0.034379098446367,"common",NA,NA,NA,NA,NA,NA,NA,NA
2007,"Fbar_arithmetic",0.713480228103425,0.738369200007346,0.0348838985630771,"common",NA,NA,NA,NA,NA,NA,NA,NA
2007,"SSB_original_biology",38983.9636443374,38436.3055376449,-0.0140482920538545,"common",NA,NA,NA,NA,NA,NA,NA,NA
2007,"abundance",367266.331335526,355599.122593604,-0.0317677057395792,"common",NA,NA,NA,NA,NA,NA,NA,NA
2007,"biomass_original_weight",103680.68510988,102464.07857099,-0.0117341676282402,"common",NA,NA,NA,NA,NA,NA,NA,NA
2007,"predicted_catch_original_weight",57052.4706854762,58599.6976868091,0.0271193689378078,"common",NA,NA,NA,NA,NA,NA,NA,NA
2007,"recruitment_age1",236430.031036315,224195.503577071,-0.051746926588036,"common",NA,NA,NA,NA,NA,NA,NA,NA
2008,"Fbar_arithmetic",0.694005325501989,0.696186254313806,0.00314252460561359,"common",NA,NA,NA,NA,NA,NA,NA,NA
2008,"SSB_original_biology",57796.7549439742,55877.6631956738,-0.0332041435572067,"common",NA,NA,NA,NA,NA,NA,NA,NA
2008,"abundance",292044.555726968,291510.484606534,-0.00182873164371977,"common",NA,NA,NA,NA,NA,NA,NA,NA
2008,"biomass_original_weight",100529.8479963,97987.6066131653,-0.0252884236254695,"common",NA,NA,NA,NA,NA,NA,NA,NA
2008,"predicted_catch_original_weight",54092.0628503804,53006.3473595545,-0.0200716229630393,"common",NA,NA,NA,NA,NA,NA,NA,NA
2008,"recruitment_age1",211319.058972297,212410.801011129,0.00516632074807255,"common",NA,NA,NA,NA,NA,NA,NA,NA
2009,"Fbar_arithmetic",0.695887667457898,0.656387978733228,-0.0567615874972519,"common",NA,NA,NA,NA,NA,NA,NA,NA
2009,"SSB_original_biology",53027.8977183339,51245.2263892467,-0.0336176127244591,"common",NA,NA,NA,NA,NA,NA,NA,NA
2009,"abundance",272066.804511427,276741.047128879,0.0171804958927142,"common",NA,NA,NA,NA,NA,NA,NA,NA
2009,"biomass_original_weight",98380.7764571054,96536.0271619416,-0.018751115427191,"common",NA,NA,NA,NA,NA,NA,NA,NA
2009,"predicted_catch_original_weight",53591.532542301,50297.1345486298,-0.0614723602291237,"common",NA,NA,NA,NA,NA,NA,NA,NA
2009,"recruitment_age1",198458.976544568,203932.432886488,0.0275797872044894,"common",NA,NA,NA,NA,NA,NA,NA,NA
2010,"Fbar_arithmetic",0.597048310082315,0.594194345368045,-0.00478012359481705,"common",NA,NA,NA,NA,NA,NA,NA,NA
2010,"SSB_original_biology",48677.2953876864,47610.1899680458,-0.02192203595417,"common",NA,NA,NA,NA,NA,NA,NA,NA
2010,"abundance",358861.484351162,368324.551172812,0.0263696920240941,"common",NA,NA,NA,NA,NA,NA,NA,NA
2010,"biomass_original_weight",111794.842901204,110661.414212986,-0.0101384702442803,"common",NA,NA,NA,NA,NA,NA,NA,NA
2010,"predicted_catch_original_weight",48973.9281521768,48221.9201581877,-0.0153552721287203,"common",NA,NA,NA,NA,NA,NA,NA,NA
2010,"recruitment_age1",274423.134524191,285274.669346114,0.0395430758443103,"common",NA,NA,NA,NA,NA,NA,NA,NA
2011,"Fbar_arithmetic",0.47816105568344,0.53239202609915,0.113415699106228,"common",NA,NA,NA,NA,NA,NA,NA,NA
2011,"SSB_original_biology",68580.8792986352,66996.0610803902,-0.0231087474300805,"common",NA,NA,NA,NA,NA,NA,NA,NA
2011,"abundance",236053.734216456,232515.639544066,-0.0149885138827979,"common",NA,NA,NA,NA,NA,NA,NA,NA
2011,"biomass_original_weight",124555.11853127,123148.172568288,-0.0112957699336035,"common",NA,NA,NA,NA,NA,NA,NA,NA
2011,"predicted_catch_original_weight",47068.5134271141,50653.4937188189,0.0761651480082566,"common",NA,NA,NA,NA,NA,NA,NA,NA
2011,"recruitment_age1",128820.57804156,124356.487409494,-0.0346535522502099,"common",NA,NA,NA,NA,NA,NA,NA,NA
2012,"Fbar_arithmetic",0.461644612300548,0.497074439807605,0.0767469749738814,"common",NA,NA,NA,NA,NA,NA,NA,NA
2012,"SSB_original_biology",70146.3673158671,68018.7045896918,-0.0303317592569621,"common",NA,NA,NA,NA,NA,NA,NA,NA
2012,"abundance",343672.317476127,320412.56198938,-0.0676800379430107,"common",NA,NA,NA,NA,NA,NA,NA,NA
2012,"biomass_original_weight",135636.344451055,131220.584125243,-0.0325558783206888,"common",NA,NA,NA,NA,NA,NA,NA,NA
2012,"predicted_catch_original_weight",46612.2607369061,48679.89646574,0.0443581945210578,"common",NA,NA,NA,NA,NA,NA,NA,NA
2012,"recruitment_age1",268458.734164775,247159.184883646,-0.0793401240879569,"common",NA,NA,NA,NA,NA,NA,NA,NA
2013,"Fbar_arithmetic",0.427106258427949,0.478951863343328,0.121388071217235,"common",NA,NA,NA,NA,NA,NA,NA,NA
2013,"SSB_original_biology",78526.0499571599,75586.3789834014,-0.037435615001166,"common",NA,NA,NA,NA,NA,NA,NA,NA
2013,"abundance",328127.328178585,317123.592711992,-0.0335349558589784,"common",NA,NA,NA,NA,NA,NA,NA,NA
2013,"biomass_original_weight",138357.608192091,133631.134029994,-0.0341612884456265,"common",NA,NA,NA,NA,NA,NA,NA,NA
2013,"predicted_catch_original_weight",45410.2748330706,48709.559623574,0.0726550280224389,"common",NA,NA,NA,NA,NA,NA,NA,NA
2013,"recruitment_age1",240968.824690073,232314.854021042,-0.035913237657034,"common",NA,NA,NA,NA,NA,NA,NA,NA
2014,"Fbar_arithmetic",0.41598301443352,0.470156285622417,0.130229526949964,"common",NA,NA,NA,NA,NA,NA,NA,NA
2014,"SSB_original_biology",72101.3669232219,68450.4226420824,-0.0506362699756763,"common",NA,NA,NA,NA,NA,NA,NA,NA
2014,"abundance",403908.075177022,390338.350213956,-0.0335960724655445,"common",NA,NA,NA,NA,NA,NA,NA,NA
2014,"biomass_original_weight",147541.591312212,141363.493890358,-0.0418735989418784,"common",NA,NA,NA,NA,NA,NA,NA,NA
2014,"predicted_catch_original_weight",47798.5747504952,51025.9077513278,0.0675194400184329,"common",NA,NA,NA,NA,NA,NA,NA,NA
2014,"recruitment_age1",303484.870324633,293094.569050119,-0.0342366367832422,"common",NA,NA,NA,NA,NA,NA,NA,NA
2015,"Fbar_arithmetic",0.397051194755194,0.461735191215556,0.162910972979804,"common",NA,NA,NA,NA,NA,NA,NA,NA
2015,"SSB_original_biology",88058.0328666182,83086.1328520353,-0.0564616293679178,"common",NA,NA,NA,NA,NA,NA,NA,NA
2015,"abundance",299195.606149726,288857.568686177,-0.0345527716686279,"common",NA,NA,NA,NA,NA,NA,NA,NA
2015,"biomass_original_weight",167678.207879403,159376.412202989,-0.0495102839027551,"common",NA,NA,NA,NA,NA,NA,NA,NA
2015,"predicted_catch_original_weight",53820.9802959893,58273.2450754397,0.082723591338639,"common",NA,NA,NA,NA,NA,NA,NA,NA
2015,"recruitment_age1",161885.619595013,158324.070624501,-0.0220004036147384,"common",NA,NA,NA,NA,NA,NA,NA,NA
2016,"Fbar_arithmetic",0.389990857569953,0.47089876776348,0.207461043311804,"common",NA,NA,NA,NA,NA,NA,NA,NA
2016,"SSB_original_biology",81015.2773268989,76737.4569733664,-0.0528026379058283,"common",NA,NA,NA,NA,NA,NA,NA,NA
2016,"abundance",215498.540624502,202396.347333731,-0.0607994525290126,"common",NA,NA,NA,NA,NA,NA,NA,NA
2016,"biomass_original_weight",161983.782022227,154071.711469336,-0.0488448315881694,"common",NA,NA,NA,NA,NA,NA,NA,NA
2016,"predicted_catch_original_weight",55990.5270327342,62847.9618721279,0.122474911432511,"common",NA,NA,NA,NA,NA,NA,NA,NA
2016,"recruitment_age1",119349.130636692,110125.760874789,-0.0772805776858138,"common",NA,NA,NA,NA,NA,NA,NA,NA
2017,"Fbar_arithmetic",0.44764386556454,0.503892727959656,0.125655385278605,"common",NA,NA,NA,NA,NA,NA,NA,NA
2017,"SSB_original_biology",99944.5777282212,94474.813724408,-0.0547279715232489,"common",NA,NA,NA,NA,NA,NA,NA,NA
2017,"abundance",402520.332907696,395562.624984313,-0.0172853576690726,"common",NA,NA,NA,NA,NA,NA,NA,NA
2017,"biomass_original_weight",155736.627230818,148269.927177554,-0.0479444057960595,"common",NA,NA,NA,NA,NA,NA,NA,NA
2017,"predicted_catch_original_weight",55904.3666797722,58996.7739594611,0.0553160238341068,"common",NA,NA,NA,NA,NA,NA,NA,NA
2017,"recruitment_age1",334481.217018346,331171.288660881,-0.00989570770810555,"common",NA,NA,NA,NA,NA,NA,NA,NA
2018,"Fbar_arithmetic",0.606725630538252,0.527040961527442,-0.131335590586669,"common",NA,NA,NA,NA,NA,NA,NA,NA
2018,"SSB_original_biology",72266.0982012024,67830.972919231,-0.0613721425726238,"common",NA,NA,NA,NA,NA,NA,NA,NA
2018,"abundance",168098.628860118,170357.389420538,0.0134371147209007,"common",NA,NA,NA,NA,NA,NA,NA,NA
2018,"biomass_original_weight",126150.50502996,121098.131322147,-0.0400503644960704,"common",NA,NA,NA,NA,NA,NA,NA,NA
2018,"predicted_catch_original_weight",54488.0840279303,46839.9539755464,-0.140363350791772,"common",NA,NA,NA,NA,NA,NA,NA,NA
2018,"recruitment_age1",67396.227188583,70981.3680405961,0.0531949784367212,"common",NA,NA,NA,NA,NA,NA,NA,NA
2019,"Fbar_arithmetic",0.595649650425404,0.505722906200852,-0.150972545959404,"common",NA,NA,NA,NA,NA,NA,NA,NA
2019,"SSB_original_biology",50014.2229526528,49842.6355523927,-0.00343077209102138,"common",NA,NA,NA,NA,NA,NA,NA,NA
2019,"abundance",178206.938406505,186919.157328539,0.0488882138929991,"common",NA,NA,NA,NA,NA,NA,NA,NA
2019,"biomass_original_weight",76725.8469489791,77458.1788669616,0.00954478767069844,"common",NA,NA,NA,NA,NA,NA,NA,NA
2019,"predicted_catch_original_weight",37927.4312833337,34250.170983779,-0.0969551634563387,"common",NA,NA,NA,NA,NA,NA,NA,NA
2019,"recruitment_age1",137009.763321443,144773.025591863,0.0566621099272089,"common",NA,NA,NA,NA,NA,NA,NA,NA
2020,"Fbar_arithmetic",0.438043371768572,0.450713144183301,0.0289235569609836,"common",NA,NA,NA,NA,NA,NA,NA,NA
2020,"SSB_original_biology",38130.8661669709,38967.0237248321,0.0219286274326893,"common",NA,NA,NA,NA,NA,NA,NA,NA
2020,"abundance",361066.604967476,339311.242925298,-0.0602530440170097,"common",NA,NA,NA,NA,NA,NA,NA,NA
2020,"biomass_original_weight",80539.6559147438,79958.1262553906,-0.00722041400287099,"common",NA,NA,NA,NA,NA,NA,NA,NA
2020,"predicted_catch_original_weight",24801.9845285416,25532.2116188439,0.0294422847277378,"common",NA,NA,NA,NA,NA,NA,NA,NA
2020,"recruitment_age1",304337.006903299,282768.365794139,-0.0708709115878687,"common",NA,NA,NA,NA,NA,NA,NA,NA
2021,"Fbar_arithmetic",0.263173480337283,0.399808128346298,0.519180913798399,"common",NA,NA,NA,NA,NA,NA,NA,NA
2021,"SSB_original_biology",35358.3310192238,34067.1923316239,-0.0365158266915347,"common",NA,NA,NA,NA,NA,NA,NA,NA
2021,"abundance",246146.674558844,222503.826570595,-0.0960518683854782,"common",NA,NA,NA,NA,NA,NA,NA,NA
2021,"biomass_original_weight",93012.1057831535,89337.226001506,-0.0395096933964169,"common",NA,NA,NA,NA,NA,NA,NA,NA
2021,"predicted_catch_original_weight",24097.1418033943,32483.3624782294,0.348017235540098,"common",NA,NA,NA,NA,NA,NA,NA,NA
2021,"recruitment_age1",154774.877353828,132777.96421668,-0.142121987193443,"common",NA,NA,NA,NA,NA,NA,NA,NA
2022,"Fbar_arithmetic",0.26313411774412,0.39907898529766,0.51663717620129,"common",NA,NA,NA,NA,NA,NA,NA,NA
2022,"SSB_original_biology",49624.0205938098,43138.5886642956,-0.130691383969062,"common",NA,NA,NA,NA,NA,NA,NA,NA
2022,"abundance",262855.451220644,250061.74139014,-0.0486720354137342,"common",NA,NA,NA,NA,NA,NA,NA,NA
2022,"biomass_original_weight",118233.198754501,106329.252474806,-0.10068192694686,"common",NA,NA,NA,NA,NA,NA,NA,NA
2022,"predicted_catch_original_weight",NA,NA,NA,"common",NA,NA,NA,NA,NA,NA,NA,NA
2022,"recruitment_age1",178215.75294211,174156.731422616,-0.0227758851419423,"common",NA,NA,NA,NA,NA,NA,NA,NA
1983,"native_ssb",114371.256941315,107058.847645681,-0.0639357255589615,"different definitions",100434.591029009,130241.824856518,0.066298726817172,"log",93002.7380291955,123239.348669747,0.0718124049689965,"log"
1984,"native_ssb",94102.2649307623,90533.6356055568,-0.0379228845111355,"different definitions",83107.7291014387,106551.296261398,0.0633911691763299,"log",79991.2436109048,102465.455041911,0.0631666055920659,"log"
1985,"native_ssb",91079.0540035759,88794.5608807629,-0.0250825302019858,"different definitions",80161.2166287023,103483.884440148,0.0651481562872936,"log",78062.4443273851,101002.141425919,0.0657238209936428,"log"
1986,"native_ssb",71088.3393284865,68102.4733568838,-0.0420021905112383,"different definitions",62767.6591275117,80512.0353176754,0.0635130858234577,"log",60335.8258788448,76868.8720137541,0.0617804603972344,"log"
1987,"native_ssb",80724.6712108144,78886.5025106634,-0.0227708415851036,"different definitions",70589.6022635139,92314.9066312603,0.0684509449196348,"log",68804.2911405799,90446.1069971639,0.0697686433178069,"log"
1988,"native_ssb",64728.8513185112,61877.7517285551,-0.0440468126944923,"different definitions",56854.3205250251,73694.0333526584,0.0661822419683223,"log",54677.6142021387,70026.0282905859,0.0631166257923426,"log"
1989,"native_ssb",89438.6065908541,86509.7831674283,-0.0327467470152342,"different definitions",79284.3306031966,100893.383195078,0.0614868019449753,"log",76857.2356459428,97374.6000721603,0.0603622772062181,"log"
1990,"native_ssb",63626.6351920063,61569.9635882713,-0.0323240667611694,"different definitions",56183.3774339103,72055.9868551656,0.0634762873365622,"log",54501.7604097486,69554.825160895,0.0622160132805807,"log"
1991,"native_ssb",68815.7503723206,65864.6278230838,-0.0428844055796823,"different definitions",60857.9399928329,77814.1274558955,0.0627003118100098,"log",58232.4099244045,74497.1606688611,0.0628376193336954,"log"
1992,"native_ssb",77086.6464410998,75920.3850957663,-0.0151292266453004,"different definitions",68709.1512856281,86485.5837737307,0.058698869837445,"log",67537.8647461103,85343.3091904406,0.059693355489824,"log"
1993,"native_ssb",57412.3112165365,54442.1405343484,-0.0517340378614222,"different definitions",51340.187299051,64202.5994183579,0.0570341795504658,"log",48824.9512173777,60705.5735246044,0.0555607242713633,"log"
1994,"native_ssb",80204.0597188232,79418.3166074176,-0.00979679974006564,"different definitions",71098.7456870917,90475.4526006841,0.0614829860933559,"log",70296.2919261519,89724.064241994,0.0622511328595637,"log"
1995,"native_ssb",68268.5381057336,67049.6264479222,-0.0178546617758766,"different definitions",60116.0463293784,77526.6102757061,0.0648849769918829,"log",58934.0000987982,76282.8316297775,0.0658251192972193,"log"
1996,"native_ssb",99018.560923812,96715.7441161946,-0.0232564156268569,"different definitions",88027.823519391,111381.549780824,0.0600288457884365,"log",85719.5508195997,109122.540546613,0.0615803523331516,"log"
1997,"native_ssb",96414.4329921343,91696.1486216363,-0.0489375316959333,"different definitions",85543.2596856501,108667.15768553,0.0610387241630543,"log",81079.4567041853,103703.009539372,0.0627821525106245,"log"
1998,"native_ssb",90604.1191439933,82770.3010203039,-0.086462052693647,"different definitions",80664.9066898124,101768.002254389,0.0592847923440319,"log",73634.4468987716,93039.6440732416,0.0596727133163015,"log"
1999,"native_ssb",78989.4030148046,75673.0216240591,-0.0419851431226025,"different definitions",69641.4664055099,89592.1081314506,0.0642631873793036,"log",66481.9397080369,86134.7642211327,0.0660682467078577,"log"
2000,"native_ssb",59028.9329635627,58970.0466768878,-0.000997583451342599,"different definitions",52051.8275004836,66941.26016583,0.0641786323548484,"log",51758.1390658484,67186.8515336338,0.0665562919337643,"log"
2001,"native_ssb",38594.7699167641,39097.8882822507,0.0130359208403539,"different definitions",34442.9632927478,43247.0415587498,0.0580684419529494,"log",34976.3337314411,43705.1201497776,0.0568361483218029,"log"
2002,"native_ssb",45077.7230595009,42676.4717726793,-0.053269134371583,"different definitions",39872.3442724261,50962.6698231109,0.0626058552152391,"log",37795.4891935397,48187.7938829696,0.0619695030008757,"log"
2003,"native_ssb",33908.437313011,34400.5471868708,0.0145129033614002,"different definitions",30021.4997879395,38298.6236241367,0.0621185328334275,"log",30473.075614856,38834.2043879287,0.0618526385101127,"log"
2004,"native_ssb",40348.9997493278,38525.6887760936,-0.0451885049087127,"different definitions",35787.3732329638,45492.07258586,0.0612110619341083,"log",34068.8333134217,43565.5862359014,0.0627268018276599,"log"
2005,"native_ssb",33052.0843785407,31686.643165707,-0.04131180343108,"different definitions",29543.5966067927,36977.2271232204,0.0572549338392257,"log",28337.5586724954,35431.5404059622,0.0569944934756388,"log"
2006,"native_ssb",27986.8969176373,26790.1852480907,-0.042759712627962,"different definitions",25046.5156005196,31272.469654909,0.0566345678902593,"log",24045.0402447525,29848.734638057,0.0551575696048586,"log"
2007,"native_ssb",39041.7096370166,38436.3055376449,-0.0155065980716598,"different definitions",34814.1697992535,43782.6063401862,0.0584735594003029,"log",34389.0661363054,42959.8633916819,0.0567682883649974,"log"
2008,"native_ssb",57598.6066320114,55877.6631956739,-0.0298782129806093,"different definitions",50977.4887204759,65079.6963369564,0.0623043281988954,"log",49368.2652709489,63245.3505723344,0.0631934575787028,"log"
2009,"native_ssb",53024.3566976898,51245.2263892467,-0.0335530767225805,"different definitions",47004.961240325,59814.5882692871,0.0614798102551357,"log",45374.041931552,57876.1140928695,0.0620839429243566,"log"
2010,"native_ssb",48973.9301022337,47610.1899680457,-0.0278462465916272,"different definitions",43494.0624052526,55144.2127275014,0.0605438091652206,"log",42388.1250884317,53475.5944988005,0.0592758641789609,"log"
2011,"native_ssb",68254.4844246991,66996.0610803902,-0.0184372258455386,"different definitions",60334.4774675107,77214.1375814538,0.0629294378713109,"log",59404.3455987578,75557.9773675889,0.0613615591131193,"log"
2012,"native_ssb",70320.5016091303,68018.7045896917,-0.0327329436902052,"different definitions",62070.9553313339,79666.4546270233,0.0636670959627555,"log",60059.9071313182,77032.1566422675,0.0634910740912196,"log"
2013,"native_ssb",78397.3737021983,75586.3789834013,-0.035855725594519,"different definitions",68777.1515951367,89363.2268981131,0.0667965525168533,"log",66396.3484203387,86048.4171757893,0.0661410283542212,"log"
2014,"native_ssb",72241.3007431962,68450.4226420824,-0.0524752193290323,"different definitions",63795.6827158742,81804.9954306755,0.0634330001747923,"log",60800.399014746,77062.9870166367,0.06046711848861,"log"
2015,"native_ssb",87718.2700544348,83086.1328520352,-0.0528069830780407,"different definitions",77709.1475124584,99016.5913235525,0.0618160456222759,"log",74033.8661733385,93245.2380123315,0.058855762820883,"log"
2016,"native_ssb",81511.4724087805,76737.4569733664,-0.0585686320506198,"different definitions",71478.5775358368,92952.6071068811,0.0670144896565149,"log",67348.4564669551,87435.3713752675,0.066587938643531,"log"
2017,"native_ssb",99664.1272642899,94474.813724408,-0.0520680176742111,"different definitions",87702.2788118012,113257.470591699,0.0652348324975823,"log",82562.0595095578,108106.4411581,0.0687681159311053,"log"
2018,"native_ssb",72458.1839990008,67830.972919231,-0.0638604340378393,"different definitions",64694.9846254197,81152.9434442461,0.0578204205837366,"log",60175.9198825449,76459.8347004923,0.0610963512353185,"log"
2019,"native_ssb",49918.8978510351,49842.6355523927,-0.00152772400684653,"different definitions",44556.7617295681,55926.3345434827,0.0579784759149052,"log",44419.8249600151,55927.4675450634,0.0587688734909442,"log"
2020,"native_ssb",38015.116815321,38967.0237248321,0.0250402205558251,"different definitions",33703.6600269595,42878.1059780016,0.0614181969144803,"log",34563.8646746037,43931.1099110777,0.061178154866034,"log"
2021,"native_ssb",35497.0955344239,34067.1923316239,-0.0402822591897224,"different definitions",31008.2505443992,40635.7588466921,0.0689796152383489,"log",29968.6430524809,38726.2643599667,0.0654008017642277,"log"
2022,"native_ssb",49716.5888426356,43138.5886642956,-0.132309965978578,"different definitions",40895.4634115476,60440.4254152489,0.0996546470330159,"log",35595.2255450229,52280.546153401,0.0980662970014138,"log"
1983,"native_F_bar",0.99384424927207,0.979902764403634,-0.014027836734627,"different definitions",0.852926110313694,1.1580445010036,0.0780155065531469,"log",0.774269863136226,1.24014826535608,0.12017204162883,"log"
1984,"native_F_bar",1.02670203466476,0.971405051615754,-0.0538588423729618,"different definitions",0.886303401278642,1.18934110651502,0.0750257177490598,"log",0.820747037998035,1.14971815994158,0.0859855508032814,"log"
1985,"native_F_bar",0.987850894767806,0.960720427929356,-0.0274641314616894,"different definitions",0.850926589109651,1.14680796532003,0.0761268629028138,"log",0.788755476542736,1.17017728318842,0.100627916218639,"log"
1986,"native_F_bar",1.03081233761599,0.987649868755115,-0.041872285852435,"different definitions",0.888592187398548,1.19579497822521,0.0757483557964314,"log",0.860240659466864,1.13392950277023,0.0704686746733314,"log"
1987,"native_F_bar",0.942001418863364,0.957974918104299,0.0169569800226088,"different definitions",0.808848432150514,1.09707410915209,0.0777540988490147,"log",0.781987714995291,1.17356823658344,0.103564436393974,"log"
1988,"native_F_bar",0.925008821540252,0.973050606944577,0.0519365699932781,"different definitions",0.793978156241712,1.07766355182548,0.0779337404329688,"log",0.835286604057062,1.1335360570568,0.0778897923309785,"log"
1989,"native_F_bar",1.01793312900379,0.969480079753132,-0.0475994423111794,"different definitions",0.875955281209335,1.18292323518261,0.0766414417564804,"log",0.839941978618931,1.1189958937206,0.0731784422039229,"log"
1990,"native_F_bar",0.969999034615769,0.955672291536754,-0.0147698529253584,"different definitions",0.833093204206568,1.12940319571041,0.0776287481525909,"log",0.785901562020716,1.1621169532515,0.0997893426213433,"log"
1991,"native_F_bar",0.983762469802151,0.947443143793886,-0.0369187960743914,"different definitions",0.847268997014583,1.14224478931875,0.0762086673054761,"log",0.817413465434064,1.09815723459531,0.0753186718133475,"log"
1992,"native_F_bar",0.951393503052231,0.898144454494262,-0.0559695314159045,"different definitions",0.824465039538028,1.09786292231042,0.0730590037319933,"log",0.756085516866992,1.06689447574844,0.0878467318062679,"log"
1993,"native_F_bar",0.946175593347068,0.874962590458673,-0.0752640454785785,"different definitions",0.819099428638403,1.09296652170037,0.0735843569767217,"log",0.719361649078577,1.06422066798077,0.0999084233075183,"log"
1994,"native_F_bar",0.982945691895277,0.888353679115184,-0.096233203482182,"different definitions",0.852315202976074,1.13359732390296,0.072755141155571,"log",0.763066816203641,1.03421121511183,0.0775648707591661,"log"
1995,"native_F_bar",0.857828035468442,0.879864333015334,0.0256884790841079,"different definitions",0.73475269395507,1.00151921114378,0.0790165962106688,"log",0.724090167559406,1.06915033402799,0.0994160120477574,"log"
1996,"native_F_bar",0.916996431908585,0.920729449288336,0.00407091810813376,"different definitions",0.788498595510518,1.06643494474285,0.0770284337909536,"log",0.784423663913679,1.08072048025325,0.0817448559088237,"log"
1997,"native_F_bar",0.971402261151494,0.921048030270934,-0.0518366416204041,"different definitions",0.843590207054136,1.11857907438899,0.0719777601664996,"log",0.79517569566251,1.06684532574801,0.0749754052193652,"log"
1998,"native_F_bar",1.17525721348491,0.882196417899189,-0.249358857127732,"different definitions",1.02761056883078,1.34411766455446,0.0684965431130172,"log",0.725331464454393,1.07298601797123,0.0998926439791186,"log"
1999,"native_F_bar",1.21414482294522,1.10089494059087,-0.0932754315746565,"different definitions",1.06323914628215,1.38646856282461,0.0677154955662221,"log",0.944633828947068,1.28300472953578,0.0781041599556375,"log"
2000,"native_F_bar",1.13429463510396,0.87569641373317,-0.227981525582271,"different definitions",0.988214587101591,1.30196855624167,0.0703412936952822,"log",0.74214739001874,1.03327751244368,0.0844258416124121,"log"
2001,"native_F_bar",0.872747653447631,0.804646660280527,-0.078030565763291,"different definitions",0.751774299321322,1.01318769115408,0.0761291092342236,"log",0.665500051650948,0.972886848459922,0.0968714403844628,"log"
2002,"native_F_bar",0.9944792683201,0.8616286049157,-0.133588167834625,"different definitions",0.856972139972675,1.15405036988719,0.0759268249977078,"log",0.746766890912445,0.994157429638935,0.0729968765287581,"log"
2003,"native_F_bar",0.726535852146851,0.73313462073779,0.00908250924085952,"different definitions",0.615775326694646,0.857219056320693,0.0843921952755333,"log",0.615034226253172,0.873912945298581,0.0896197200157694,"log"
2004,"native_F_bar",0.823906424736074,0.763140716394308,-0.0737531672498259,"different definitions",0.706569551446388,0.960728912435857,0.0783868071575244,"log",0.657948484837074,0.88515099045031,0.075672717900533,"log"
2005,"native_F_bar",0.845568443438921,0.701394534879502,-0.170505308799209,"different definitions",0.726466092634879,0.984197335276144,0.0774592323165031,"log",0.583127082219364,0.843648509149102,0.0942187739220606,"log"
2006,"native_F_bar",0.852895170763404,0.716192713001094,-0.160280492196891,"different definitions",0.733913504642017,0.991166081166957,0.076657257874977,"log",0.598063578492661,0.857654638405908,0.0919671063115626,"log"
2007,"native_F_bar",0.713480228103425,0.612061264993112,-0.142146844601294,"different definitions",0.610711849246019,0.833542097673379,0.0793532349846038,"log",0.502162119638724,0.74601204960359,0.100976023140273,"log"
2008,"native_F_bar",0.694005325501989,0.622453825318643,-0.103099353209706,"different definitions",0.592384361244419,0.81305892480574,0.0807790103770883,"log",0.531592800017247,0.728845019423214,0.0805074317056879,"log"
2009,"native_F_bar",0.695887667457898,0.535324064830883,-0.230732070900982,"different definitions",0.593651658921606,0.815730299818707,0.0810706404196402,"log",0.452986524709281,0.632627768720001,0.0852107055168882,"log"
2010,"native_F_bar",0.597048310082315,0.462779892499954,-0.224887023905735,"different definitions",0.507190393482125,0.702826175639525,0.0832217174233844,"log",0.387239295371123,0.553056550464532,0.0909244823147335,"log"
2011,"native_F_bar",0.47816105568344,0.404100592014695,-0.154886021746146,"different definitions",0.401489765514332,0.56947403099903,0.0891677455597357,"log",0.33583659856466,0.48624030008804,0.0944094435839413,"log"
2012,"native_F_bar",0.461644612300548,0.435518530942876,-0.0565934934829539,"different definitions",0.385691588810078,0.55255482424084,0.0917145935639557,"log",0.369624253918036,0.513160023413132,0.0837007148874812,"log"
2013,"native_F_bar",0.427106258427949,0.373843550508551,-0.124705987955882,"different definitions",0.355762555169695,0.512757043532335,0.0932513576924679,"log",0.314074587552322,0.44498665538662,0.0888827036858727,"log"
2014,"native_F_bar",0.415983014433519,0.355445152680875,-0.14552964821192,"different definitions",0.347889439255815,0.497404775112918,0.0912056058891095,"log",0.296880910617279,0.42556207572134,0.0918587650235842,"log"
2015,"native_F_bar",0.397051194755194,0.350085490524349,-0.11828626849946,"different definitions",0.331077408442542,0.476171575699302,0.0927124260702097,"log",0.292093469863024,0.419591203915473,0.0924014580928955,"log"
2016,"native_F_bar",0.389990857569953,0.41199762936597,0.0564289428043065,"different definitions",0.322731255308428,0.471267862924509,0.0965851149442203,"log",0.349968554798387,0.485020851947586,0.083253717741684,"log"
2017,"native_F_bar",0.44764386556454,0.437412519040116,-0.0228559962762386,"different definitions",0.367280479144899,0.545591289915815,0.100957043286542,"log",0.371968279053715,0.514371043411984,0.0826893510931767,"log"
2018,"native_F_bar",0.606725630538252,0.345570687913265,-0.43043334495908,"different definitions",0.50525359906304,0.728576681956719,0.093377328220746,"log",0.280747957075988,0.42536053187566,0.105991693204456,"log"
2019,"native_F_bar",0.595649650425404,0.443554195793086,-0.25534381582142,"different definitions",0.498914714826946,0.711140592786427,0.090418748400453,"log",0.362604296224368,0.542575823436782,0.102812015653189,"log"
2020,"native_F_bar",0.438043371768572,0.298895342675987,-0.317658108900915,"different definitions",0.363193580429342,0.528318797164724,0.0956047956560396,"log",0.240544161809179,0.371401347683785,0.110813153537998,"log"
2021,"native_F_bar",0.263173480337283,0.249000714925281,-0.0538533190876128,"different definitions",0.206950006084894,0.334671556977033,0.122622757395542,"log",0.188513781323033,0.328895614942109,0.141984574797744,"log"
2022,"native_F_bar",0.26313411774412,0.318689099314317,0.211128005925179,"different definitions",0.175220610327382,0.39515650465781,0.207461998467555,"log",0.239377332606103,0.424278860976753,0.146010291538402,"log"
1983,"native_recruitment",606068.861262048,648524.406324398,0.0700506951865867,"same age",459056.267356419,800162.182093209,0.141747922344557,"log",483921.045762411,869116.789363415,0.149379210832207,"log"
1984,"native_recruitment",2229849.65170581,2037921.59393491,-0.0860721966721293,"same age",1696413.98537255,2931023.6251799,0.1395013183221,"log",1527342.09025579,2719184.16281626,0.147146292204109,"log"
1985,"native_recruitment",328580.941311361,311108.642607232,-0.0531750217599257,"same age",248493.345085307,434480.1868074,0.142536873956033,"log",228967.855821358,422716.923114438,0.15641132216076,"log"
1986,"native_recruitment",2424740.29698877,2167284.81209606,-0.106178581356708,"same age",1828766.20642791,3214935.55992881,0.143922486084691,"log",1619151.95745672,2900977.53648784,0.14876427251029,"log"
1987,"native_recruitment",641996.854885968,689433.474739429,0.073889177949146,"same age",486334.658859869,847482.189835525,0.141679347954535,"log",516768.599237835,919789.857186203,0.14708179378913,"log"
1988,"native_recruitment",364874.979489405,392642.745115312,0.0761021368600414,"same age",275787.339230657,482740.618292292,0.142821356148251,"log",294034.140287407,524321.172844059,0.147555909795529,"log"
1989,"native_recruitment",1132651.93211973,1074848.0966488,-0.0510340677764524,"same age",861021.331362319,1489975.16391927,0.139899369425523,"log",804819.68506814,1435474.86760559,0.147613103502041,"log"
1990,"native_recruitment",327823.137959269,322613.106232229,-0.015892812690017,"same age",249900.412727734,430043.346501185,0.13847793232283,"log",242554.290926445,429096.578400131,0.145527279362693,"log"
1991,"native_recruitment",441822.499768944,434744.176455428,-0.0160207398156896,"same age",337301.825400616,578731.292278746,0.137721950741339,"log",327790.945114909,576594.630750563,0.144074951114978,"log"
1992,"native_recruitment",1049880.02413596,1024293.66733286,-0.0243707435277261,"same age",812608.244415098,1356432.29398084,0.130707526612874,"log",782330.132618891,1341093.06697163,0.137493206600617,"log"
1993,"native_recruitment",402245.830915282,421287.158900522,0.0473375396878899,"same age",310843.868703574,520524.046890635,0.131519082601564,"log",322258.996864067,550746.052031367,0.136716353261898,"log"
1994,"native_recruitment",1594171.27392417,1395632.8298924,-0.124540221793767,"same age",1207300.00572164,2105012.87050515,0.141822788494997,"log",1059007.1729909,1839261.38136763,0.140827135665451,"log"
1995,"native_recruitment",677946.614223656,667612.428404839,-0.0152433622382649,"same age",523751.100975349,877538.225468953,0.131661588405484,"log",510392.618415569,873261.756692779,0.137006363740632,"log"
1996,"native_recruitment",306691.232247104,328474.312387874,0.0710260935115987,"same age",235867.703428458,398780.801992151,0.133966958700159,"log",250388.074247611,430912.591276166,0.138495721877972,"log"
1997,"native_recruitment",1378458.65429138,1366443.40804318,-0.00871643571665037,"same age",1064780.05867693,1784545.31159409,0.131735939868953,"log",1040706.10499563,1794135.32641139,0.138937186597749,"log"
1998,"native_recruitment",134598.62779598,132975.592143388,-0.0120583372889395,"same age",103981.411378351,174231.051150481,0.131678478836491,"log",101205.151657057,174719.446751124,0.139296402666112,"log"
1999,"native_recruitment",306938.830538716,305042.538578318,-0.0061780777527225,"same age",237619.899142803,396479.613165125,0.130602473367566,"log",233301.866105433,398843.575045617,0.136797442204526,"log"
2000,"native_recruitment",482845.90809287,484729.918631419,0.00390188775957556,"same age",373417.5974584,624341.682204736,0.131124967746436,"log",370829.011775115,633615.727344744,0.136661080242188,"log"
2001,"native_recruitment",151097.639841293,159896.645472352,0.0582339051774787,"same age",116186.799932303,196498.197548356,0.13404685557839,"log",121911.402975182,209717.357108225,0.138386759681583,"log"
2002,"native_recruitment",347361.384782408,343202.162305431,-0.0119737617915755,"same age",266660.283145999,452485.575333652,0.134895433940713,"log",259515.049623885,453876.275698976,0.142607198193969,"log"
2003,"native_recruitment",98559.563378421,96760.3775669381,-0.0182548070406413,"same age",75872.463754833,128030.474464805,0.133475538139973,"log",73627.0677278275,127162.07443581,0.139403001188203,"log"
2004,"native_recruitment",292867.892770232,285432.555142739,-0.0253880258336352,"same age",225235.796778734,380808.041360922,0.133968681241525,"log",216840.937762292,375721.228546913,0.14022792771885,"log"
2005,"native_recruitment",178807.99032332,180687.662557347,0.010512238466684,"same age",137805.086295291,232011.011080924,0.132896463302513,"log",137775.748536327,236965.008336205,0.138340586248541,"log"
2006,"native_recruitment",426338.419081443,440995.549562513,0.034379098446367,"same age",328939.915346493,552576.440573958,0.132328113152282,"log",336632.762658784,577712.855985642,0.137779150386845,"log"
2007,"native_recruitment",236430.031036315,224195.503577071,-0.051746926588036,"same age",181505.873987493,307974.383130348,0.134882221122883,"log",170709.852613503,294438.915239277,0.139060263432407,"log"
2008,"native_recruitment",211319.058972297,212410.801011129,0.00516632074807255,"same age",162697.818325742,274470.457836938,0.133407815809013,"log",162065.701465304,278395.41604581,0.138023109002446,"log"
2009,"native_recruitment",198458.976544568,203932.432886488,0.0275797872044894,"same age",152671.3309581,257978.790935717,0.133826420510343,"log",155492.438428334,267462.762841487,0.138365616314174,"log"
2010,"native_recruitment",274423.134524191,285274.669346114,0.0395430758443103,"same age",210449.04368363,357844.613802537,0.13542475924343,"log",217191.279133333,374700.297798673,0.139121960641293,"log"
2011,"native_recruitment",128820.57804156,124356.487409494,-0.0346535522502099,"same age",98815.2765953678,167937.002240193,0.13529246261261,"log",94612.6303487264,163451.07311601,0.139472644018917,"log"
2012,"native_recruitment",268458.734164775,247159.184883646,-0.0793401240879569,"same age",205107.758943445,351376.721780795,0.137329930338111,"log",188104.478306749,324753.898589965,0.139306160863588,"log"
2013,"native_recruitment",240968.824690073,232314.854021042,-0.035913237657034,"same age",184772.269080052,314256.975690212,0.135483855942406,"log",176931.769720226,305033.920613346,0.138946126917485,"log"
2014,"native_recruitment",303484.870324633,293094.569050119,-0.0342366367832422,"same age",232541.757393458,396071.08653661,0.135850428938374,"log",223101.734229691,385045.982288213,0.139220641613403,"log"
2015,"native_recruitment",161885.619595013,158324.070624501,-0.0220004036147384,"same age",123937.198666014,211453.495106694,0.13628569766889,"log",120475.158091721,208063.734766201,0.139390539687984,"log"
2016,"native_recruitment",119349.130636692,110125.760874789,-0.0772805776858138,"same age",91096.763048754,156363.568880167,0.137824367667572,"log",83710.567757679,144876.370249425,0.139930003052842,"log"
2017,"native_recruitment",334481.217018346,331171.288660881,-0.00989570770810555,"same age",254146.498590451,440209.427076788,0.140140258132132,"log",247312.166454762,443465.535907512,0.148974349409084,"log"
2018,"native_recruitment",67396.227188583,70981.3680405961,0.0531949784367212,"same age",51644.0116910359,87953.1099642191,0.135826368918509,"log",53927.9419196839,93427.5336599771,0.140190675060052,"log"
2019,"native_recruitment",137009.763321443,144773.025591863,0.0566621099272089,"same age",104697.776808376,179293.92407018,0.137234309814567,"log",109841.015620279,190814.23110178,0.140886857946989,"log"
2020,"native_recruitment",304337.006903299,282768.365794139,-0.0708709115878687,"same age",230063.212228598,402589.413899115,0.142748314763809,"log",211764.05493685,377580.362813378,0.147530956115914,"log"
2021,"native_recruitment",154774.877353828,132777.96421668,-0.142121987193443,"same age",113640.7224237,210798.225750249,0.157620112070916,"log",96288.7768663727,183094.939569048,0.163945115898391,"log"
2022,"native_recruitment",178215.75294211,174156.731422616,-0.0227758851419423,"same age",103855.520749966,305817.681788801,0.275512308399496,"log",102273.877830816,296562.208680333,0.271587315685828,"log"
