"assessment_id","stock_id","assessment_year","model","framework_year","modeled_first_year","modeled_terminal_year","minimum_age","maximum_age","recruitment_age","plus_group","catch_rows","catch_at_age_rows","catch_at_age_source_years","catch_at_age_source_ages","landings_rows","landings_at_age_rows","index_rows","weight_rows","catch_weight_rows","maturity_rows","M_rows","surveys","survey_sampling_times","catch_full_year_age_grid","numerical_catch_at_age_available","catch_at_age_source_grid_complete","catch_at_age_full_model_grid","index_age_structured","survey_timing_known","survey_timing_recorded","weight_full_year_age_grid","catch_weight_full_year_age_grid","maturity_full_year_age_grid","M_numerical_values_available","M_estimated_in_source","database_to_tam_obs_succeeds","tinyAM_check_obs_passes","N_at_age_output","F_at_age_output","SSB_output","recruitment_output","missing_items"
"dfo_cod_2j3kl_2025","dfo_cod_2j3kl",2025,"xteNCAM",2023,1954,2024,0,14,"0","unknown",890,819,"1962-2024","2-14",71,0,1006,1065,1065,1065,0,"DFO fall RV survey; Smith Sound acoustic survey; 2J3KL fixed 5.5-inch gillnet sentinel index; Fleming juvenile survey; Newman Sound juvenile survey","DFO fall RV survey=0.75; Smith Sound acoustic survey=0.458333; Smith Sound acoustic survey=0.5; Smith Sound acoustic survey=0.0833333; Smith Sound acoustic survey=0.166667; Smith Sound acoustic survey=0.333333; 2J3KL fixed 5.5-inch gillnet sentinel index=unknown; Fleming juvenile survey=unknown; Newman Sound juvenile survey=unknown",FALSE,TRUE,TRUE,FALSE,TRUE,FALSE,FALSE,TRUE,TRUE,TRUE,FALSE,TRUE,TRUE,TRUE,TRUE,TRUE,TRUE,TRUE,"exact survey sampling times (recorded times may be season-level approximations)"
"dfo_cod_4t4vn_2019","dfo_cod_4t4vn",2019,"SCA",2012,1950,2018,2,12,"2","Age 12 and older are combined as 12+",534,0,"unknown","unknown",54,480,886,620,0,759,0,"DFO September RV survey; Mobile Sentinel August survey; Longline Sentinel survey","DFO September RV survey=0.75; Mobile Sentinel August survey=0.625; Longline Sentinel survey=unknown",FALSE,FALSE,FALSE,FALSE,TRUE,FALSE,FALSE,FALSE,FALSE,TRUE,FALSE,TRUE,TRUE,TRUE,TRUE,TRUE,TRUE,TRUE,"numerical catch-at-age inputs; exact survey sampling times (recorded times may be season-level approximations); complete stock weight-at-age matrix for all modeled years and ages"
"ices_cod_north_sea_2025","ices_cod_north_sea",2025,"multistock SAM",2023,1983,2025,1,7,,"7",1092,294,"1983-2024","1-7",0,294,2464,894,882,903,280,"Survey_Q1_NW; Survey_Q1_SO; Survey_Q1_VI; Survey_Q34; Survey_Rec_NW; Survey_Rec_SO; Survey_Rec_VI","Survey_Q1_NW=0.125; Survey_Q1_SO=0.125; Survey_Q1_VI=0.125; Survey_Q34=0.75; Survey_Rec_NW=0; Survey_Rec_SO=0; Survey_Rec_VI=0",FALSE,TRUE,TRUE,FALSE,TRUE,TRUE,TRUE,FALSE,FALSE,FALSE,FALSE,FALSE,TRUE,TRUE,TRUE,TRUE,TRUE,TRUE,"complete stock weight-at-age matrix for all modeled years and ages; complete calendar-year maturity-at-age matrix for all modeled years and ages; a documented M treatment: supplied numerical values or a source-estimated M structure"
"ices_herring_north_sea_2026","ices_herring_north_sea",2026,"SAM",2021,1947,2026,0,8,,"unknown",693,693,"1947-2025","0-8",0,0,918,711,711,711,711,"HERAS; IBTS0; IBTS-Q1; IBTS-Q3; LAI-SNS; LAI-CNS; LAI-BUN; LAI-ORSH","HERAS=0.5; IBTS0=0.125; IBTS-Q1=0.125; IBTS-Q3=0.625; LAI-SNS=0.67; LAI-CNS=0.67; LAI-BUN=0.67; LAI-ORSH=0.67",FALSE,TRUE,FALSE,FALSE,TRUE,FALSE,TRUE,FALSE,FALSE,FALSE,FALSE,FALSE,TRUE,TRUE,TRUE,TRUE,TRUE,TRUE,"index measures need a documented tinyAM mapping: LAI-SNS (larval_abundance_index); LAI-CNS (larval_abundance_index); LAI-BUN (larval_abundance_index); LAI-ORSH (larval_abundance_index); exact survey sampling times (recorded times may be season-level approximations); complete stock weight-at-age matrix for all modeled years and ages; complete calendar-year maturity-at-age matrix for all modeled years and ages; a documented M treatment: supplied numerical values or a source-estimated M structure"
"afsc_pollock_ebs_2024","afsc_pollock_ebs",2024,"Statistical catch-at-age (ADMB)",2023,1964,2024,1,15,,"unknown",1011,900,"1964-2023","1-15",61,0,1096,2100,915,15,15,"Historical fishery CPUE; Acoustic vessels of opportunity; NMFS bottom-trawl VAST; NMFS acoustic-trawl; NMFS acoustic-trawl age-1 index","Historical fishery CPUE=0; Acoustic vessels of opportunity=0; NMFS bottom-trawl VAST=0.5; NMFS acoustic-trawl=0.5; NMFS acoustic-trawl age-1 index=0.5; Acoustic vessels of opportunity=unknown; Historical fishery CPUE=unknown",FALSE,TRUE,TRUE,FALSE,TRUE,FALSE,FALSE,TRUE,TRUE,FALSE,FALSE,FALSE,TRUE,TRUE,TRUE,TRUE,TRUE,TRUE,"index measures need a documented tinyAM mapping: NMFS bottom-trawl VAST (index_sd); NMFS acoustic-trawl (index_sd); Acoustic vessels of opportunity (index_sd); Historical fishery CPUE (index_sd); exact survey sampling times (recorded times may be season-level approximations); complete calendar-year maturity-at-age matrix for all modeled years and ages"
"nefsc_haddock_georges_bank_2026","nefsc_haddock_georges_bank",2026,"WHAM",2022,1931,2025,1,9,,"unknown",8,0,"unknown","unknown",8,0,0,0,0,0,9,"none","NA=unknown",FALSE,FALSE,FALSE,FALSE,FALSE,FALSE,FALSE,FALSE,FALSE,FALSE,FALSE,FALSE,FALSE,FALSE,FALSE,FALSE,TRUE,TRUE,"numerical catch-at-age inputs; age-structured survey indices; survey identities; exact survey sampling times (recorded times may be season-level approximations); complete stock weight-at-age matrix for all modeled years and ages; complete calendar-year maturity-at-age matrix for all modeled years and ages; a documented M treatment: supplied numerical values or a source-estimated M structure; database_to_tam_obs failed: Required catch, index, weight, and maturity rows are not all present."
"afsc_cod_goa_2026","afsc_cod_goa",2026,"Stock Synthesis",2024,1977,2025,0,10,,"unknown",8507,0,"unknown","unknown",147,0,4136,0,0,0,0,"NMFS bottom-trawl survey; NMFS longline survey","NMFS bottom-trawl survey=0.5; NMFS longline survey=0.5; NA=0.5",FALSE,FALSE,FALSE,FALSE,FALSE,TRUE,TRUE,FALSE,FALSE,FALSE,FALSE,TRUE,TRUE,TRUE,FALSE,FALSE,TRUE,TRUE,"numerical catch-at-age inputs; index measures need a documented tinyAM mapping: NMFS bottom-trawl survey (proportion_at_length); NMFS longline survey (proportion_at_length); NMFS bottom-trawl survey (conditional_proportion_at_age); age-structured survey indices; complete stock weight-at-age matrix for all modeled years and ages; complete calendar-year maturity-at-age matrix for all modeled years and ages"
"ices_haddock_north_sea_2026","ices_haddock_north_sea",2026,"SAM",2022,1972,2026,0,8,,"unknown",972,486,"1972-2025","0-8",0,0,2001,495,1458,495,495,"delta-GAMNS-WCQ1; delta-GAMNS-WCQ3+Q4","delta-GAMNS-WCQ1=0.125; delta-GAMNS-WCQ3+Q4=0.75",FALSE,TRUE,TRUE,FALSE,TRUE,TRUE,TRUE,TRUE,FALSE,TRUE,TRUE,FALSE,TRUE,TRUE,TRUE,TRUE,TRUE,TRUE,"none"
"ices_cod_northeast_arctic_2026","ices_cod_northeast_arctic",2026,"SAM",2021,1946,2026,3,15,,"unknown",1028,1028,"1946-2025","3-15",0,0,1349,1053,1040,1053,1053,"FLT15_I:NorBarTrSur_I; FLT18:RusSweptArea; FLT16:NorBarLofAcSur; FLT007:Ecosystem; FLT15_II:NorBarTrSur_II","FLT15_I:NorBarTrSur_I=0.137; FLT18:RusSweptArea=0.95; FLT16:NorBarLofAcSur=0.1725; FLT007:Ecosystem=0.7; FLT15_II:NorBarTrSur_II=0.137",FALSE,TRUE,FALSE,FALSE,TRUE,TRUE,TRUE,TRUE,FALSE,TRUE,TRUE,FALSE,TRUE,TRUE,TRUE,TRUE,TRUE,TRUE,"none"
"afsc_pollock_goa_2024","afsc_pollock_goa",2024,"Statistical catch-at-age (TMB)",2024,1970,2024,1,10,,"unknown",496,441,"1975-2023","2-10",55,0,768,3300,550,10,10,"Shelikof winter acoustic; NMFS bottom trawl; ADF&G crab/groundfish trawl; Summer acoustic","Shelikof winter acoustic=0.209; NMFS bottom trawl=0.584; ADF&G crab/groundfish trawl=0.60989; Summer acoustic=0.519",FALSE,TRUE,TRUE,FALSE,TRUE,TRUE,TRUE,TRUE,TRUE,TRUE,FALSE,FALSE,TRUE,TRUE,TRUE,FALSE,TRUE,TRUE,"none"
"dfo_cod_3pn4rs_2025","dfo_cod_3pn4rs",2025,"state-space statistical catch-at-age",2022,1973,2024,2,11,,"11+",510,510,"1974-2024","2-11",0,0,0,0,0,0,192,"DFO August; Sentinel mobile; Sentinel gillnet; Sentinel summer longline; Sentinel fall longline; Minet bottom trawl","unknown",FALSE,TRUE,TRUE,FALSE,FALSE,FALSE,FALSE,FALSE,FALSE,FALSE,FALSE,TRUE,FALSE,FALSE,TRUE,TRUE,TRUE,TRUE,"age-structured survey indices; numerical observations from the documented survey series are not transcribed; exact survey sampling times (recorded times may be season-level approximations); complete stock weight-at-age matrix for all modeled years and ages; complete calendar-year maturity-at-age matrix for all modeled years and ages; database_to_tam_obs failed: Required catch, index, weight, and maturity rows are not all present."
"dfo_herring_4tvn_spring_2024","dfo_herring_4tvn_spring",2024,"SCA",,1978,2023,2,11,"Age 2","unknown",920,920,"1978-2023","2-11",0,0,526,0,882,10,0,"Spring fixed-gear CPUE; 4Tmno acoustic trawl samples; 4Tmno acoustic survey","Spring fixed-gear CPUE=unknown; 4Tmno acoustic trawl samples=unknown",FALSE,TRUE,FALSE,FALSE,TRUE,FALSE,FALSE,FALSE,FALSE,TRUE,FALSE,TRUE,TRUE,TRUE,TRUE,TRUE,FALSE,TRUE,"exact survey sampling times (recorded times may be season-level approximations); complete stock weight-at-age matrix for all modeled years and ages"
"ices_bluewhiting_northeast_atlantic_2026","ices_bluewhiting_northeast_atlantic",2026,"SAM",2026,1981,2026,1,10,,"unknown",460,460,"1981-2026","1-10",0,0,168,460,460,460,460,"IBWSS","IBWSS=0.245",TRUE,TRUE,TRUE,TRUE,TRUE,TRUE,TRUE,TRUE,TRUE,TRUE,TRUE,FALSE,TRUE,TRUE,TRUE,TRUE,TRUE,TRUE,"none"
"ices_herring_norwegian_spring_2025","ices_herring_norwegian_spring_spawning",2025,"SAM",2025,1950,2024,2,15,,"unknown",923,518,"1988-2024","2-15",0,0,1174,518,485,0,14,"NASF_1988_2008; NASF_2015_onward; IESNS_Barents; IESNS_Norwegian_Sea; BESS; RFID","NASF_1988_2008=0.13; NASF_2015_onward=0.13; IESNS_Barents=0.42; IESNS_Norwegian_Sea=0.38; BESS=0.75; NASF_1988_2008=unknown; NASF_2015_onward=unknown; IESNS_Barents=unknown; IESNS_Norwegian_Sea=unknown; RFID=unknown",FALSE,TRUE,TRUE,FALSE,TRUE,FALSE,FALSE,FALSE,FALSE,FALSE,FALSE,FALSE,TRUE,TRUE,TRUE,TRUE,TRUE,TRUE,"index measures need a documented tinyAM mapping: NASF_1988_2008 (relative_standard_error); NASF_2015_onward (relative_standard_error); IESNS_Barents (relative_standard_error); IESNS_Norwegian_Sea (relative_standard_error); RFID (relative_standard_error); exact survey sampling times (recorded times may be season-level approximations); complete stock weight-at-age matrix for all modeled years and ages; complete calendar-year maturity-at-age matrix for all modeled years and ages"
"ices_sprat_baltic_2026","ices_sprat_baltic",2026,"SAM",2023,1974,2025,1,8,,"unknown",416,416,"1974-2025","1-8",0,0,465,416,416,8,416,"BIAS_October_SD22_29_32_recent; BIAS_October_SD22_29_early; BASS_May_SD24_26_28; BIAS_October_age0_shifted_to_age1","BIAS_October_SD22_29_32_recent=0.8; BIAS_October_SD22_29_early=0.8; BASS_May_SD24_26_28=0.375; BIAS_October_age0_shifted_to_age1=0.8; NA=October 0.8; May 0.375",TRUE,TRUE,TRUE,TRUE,TRUE,TRUE,TRUE,TRUE,TRUE,TRUE,TRUE,FALSE,TRUE,TRUE,TRUE,TRUE,TRUE,TRUE,"none"
"ices_plaice_north_sea_2026","ices_plaice_north_sea",2026,"SAM",2022,1957,2025,1,10,,"unknown",690,690,"1957-2025","1-10",0,0,870,690,0,10,10,"BTS-Isis; BTS-IBTS Q3; SNS1; SNS2; IBTS Q1","BTS-Isis=0.75; BTS-IBTS Q3=0.75; SNS1=0.75; SNS2=0.75; IBTS Q1=0.125; NA=Q3 = 0.75; Q1 = 0.125",TRUE,TRUE,TRUE,TRUE,TRUE,TRUE,TRUE,TRUE,FALSE,TRUE,FALSE,FALSE,TRUE,TRUE,TRUE,TRUE,TRUE,TRUE,"none"
"ices_saithe_north_sea_2026","ices_saithe_north_sea",2026,"SAM",2024,1967,2025,3,10,,"unknown",472,472,"1967-2025","3-10",0,0,230,472,472,472,8,"NS-IBTS Q3-Q4; Combined commercial trawl CPUE","NS-IBTS Q3-Q4=unknown; Combined commercial trawl CPUE=unknown; NA=Exact 2026 fractions unresolved",TRUE,TRUE,TRUE,TRUE,TRUE,FALSE,FALSE,TRUE,TRUE,TRUE,FALSE,FALSE,TRUE,TRUE,TRUE,TRUE,TRUE,TRUE,"index measures need a documented tinyAM mapping: Combined commercial trawl CPUE (relative_biomass_index); exact survey sampling times (recorded times may be season-level approximations)"
"ices_whiting_north_sea_2026","ices_whiting_north_sea",2026,"SAM",2026,1978,2025,0,8,,"unknown",864,432,"1978-2025","0-8",0,0,2036,441,1296,441,405,"IBTS-Q1; IBTS-Q3","IBTS-Q1=0.125; IBTS-Q3=0.625",TRUE,TRUE,TRUE,TRUE,TRUE,TRUE,TRUE,FALSE,TRUE,FALSE,FALSE,TRUE,TRUE,TRUE,TRUE,TRUE,TRUE,TRUE,"index measures need a documented tinyAM mapping: IBTS-Q1 (relative_standard_error); IBTS-Q3 (relative_standard_error); complete stock weight-at-age matrix for all modeled years and ages; complete calendar-year maturity-at-age matrix for all modeled years and ages"
"ices_herring_western_baltic_2026","ices_herring_western_baltic",2026,"SAM",2025,1991,2025,0,8,,"unknown",315,315,"1991-2025","0-8",0,0,516,315,315,9,9,"HERAS; GERAS; N20; IBTS/BITSQ1","HERAS=0.625; GERAS=0.8; N20=0.4; IBTS/BITSQ1=0.136365",TRUE,TRUE,TRUE,TRUE,TRUE,TRUE,TRUE,TRUE,TRUE,TRUE,FALSE,FALSE,TRUE,TRUE,TRUE,TRUE,TRUE,TRUE,"none"
"nefsc_summer_flounder_2018","nefsc_summer_flounder",2018,"ASAP",2018,1982,2017,0,7,,"unknown",1440,1440,"1982-2017","0-7",0,0,136,8,0,280,8,"NEFSC Bigelow spring trawl; NEFSC Bigelow fall trawl; NEFSC spring and fall","NEFSC Bigelow spring trawl=0.25; NEFSC Bigelow fall trawl=0.75",FALSE,TRUE,FALSE,FALSE,TRUE,FALSE,TRUE,FALSE,FALSE,FALSE,FALSE,FALSE,TRUE,TRUE,TRUE,TRUE,TRUE,TRUE,"exact survey sampling times (recorded times may be season-level approximations); complete stock weight-at-age matrix for all modeled years and ages; complete calendar-year maturity-at-age matrix for all modeled years and ages"
"nefsc_atlantic_mackerel_2018","nefsc_atlantic_mackerel",2018,"ASAP",2018,1968,2016,1,10,,"unknown",490,490,"1968-2016","1-10",0,0,447,490,0,490,10,"NEFSC Albatross spring trawl; NEFSC Bigelow spring trawl; Range-wide egg/ichthyoplankton SSB index; NEFSC Albatross and Bigelow spring trawl","NEFSC Albatross spring trawl=0.262191780821918; NEFSC Bigelow spring trawl=0.262191780821918; Range-wide egg/ichthyoplankton SSB index=unknown",TRUE,TRUE,TRUE,TRUE,TRUE,FALSE,FALSE,TRUE,FALSE,TRUE,FALSE,FALSE,TRUE,TRUE,TRUE,TRUE,TRUE,TRUE,"exact survey sampling times (recorded times may be season-level approximations)"
"ices_haddock_iceland_2025","ices_haddock_iceland",2025,"SAM",2025,1979,2024,1,12,"Recruitment at age 1","unknown",552,552,"1979-2024","1-12",0,0,751,552,552,552,12,"IS-SMB; IS-SMH","IS-SMB=0.2; IS-SMH=0.8",TRUE,TRUE,TRUE,TRUE,TRUE,FALSE,TRUE,TRUE,TRUE,TRUE,FALSE,FALSE,TRUE,TRUE,TRUE,TRUE,TRUE,TRUE,"exact survey sampling times (recorded times may be season-level approximations)"
