"assessment_id","candidate","ssb_status","ssb_percent","ssb_trend","ssb_terminal_percent","recruitment_status","recruitment_percent","recruitment_trend","recruitment_terminal_percent","N_status","N_percent","N_trend","N_terminal_percent","F_status","F_percent","F_trend","F_terminal_percent","baseline_revision","database_revision","is_converged","optimizer_code","max_abs_gradient","pdHess","warnings","error","elapsed_seconds","advisories","review_note","decision","decision_note"
"dfo_cod_2j3kl_2025","baseline","matched",36.8307003376396,0.956486642359084,1.79777703818323,"matched",35.7259939304555,0.921146454672169,3.63276128794993,"matched",41.1746252786767,0.923477743474947,5.09035049170599,"matched",40.8636968060722,0.80805762256915,2.81695606932653,"29068994feee4b2e078ac911e92e0c4fe1d200af","5043cf02c165a31d9567f3e2b528770c1b1c6bbf",TRUE,0,0.000958896300623735,TRUE,"","",195.065684080124,"Some age/series groups have conditional mean residuals outside -0.5 to 0.5. | Some age/series groups have conditional residual SDs outside 0.5 to 1.5; fitted-state shrinkage also affects spread. | Some conditional residuals exceed three SDs in absolute value. | Some age/series groups have absolute adjacent-year residual correlation above 0.5.","Test BH with IID/AR1 residuals at modeled age two and lag two. The source curve is age zero and same-year SSB; survivor recruitment is an approximation.","retained_baseline",""
"dfo_cod_2j3kl_2025","bh_iid","matched",59.4701404201463,0.972537254248886,29.8283741791468,"matched",87.697033951672,0.918597720442746,50.2689142017257,"matched",71.3050764920443,0.935735097909985,39.2590588801068,"matched",47.3603782653184,0.794827543860615,-18.7937668972483,"29068994feee4b2e078ac911e92e0c4fe1d200af","5043cf02c165a31d9567f3e2b528770c1b1c6bbf",FALSE,0,0.00210223145135335,FALSE,"NA/NaN function evaluation | NaNs produced | Numerical convergence checks did not pass; inspect `check_tam(fit)`.
✖ Fixed-parameter covariance must be available and finite.
✖ The Hessian must be positive definite.
ℹ Optimizer code zero alone is insufficient. A missed gradient tolerance alone
  does not establish a structural problem. | Formula-effect uncertainty or support is limited.
ℹ Adjacent recruitment innovations remain strongly correlated. Inspect
  recruitment residuals and compare the residual process before interpreting
  the stock-recruit curve.","",335.878167867661,"Adjacent recruitment innovations remain strongly correlated. Inspect recruitment residuals and compare the residual process before interpreting the stock-recruit curve. | Some age/series groups have conditional mean residuals outside -0.5 to 0.5. | Some age/series groups have conditional residual SDs outside 0.5 to 1.5; fitted-state shrinkage also affects spread. | Some conditional residuals exceed three SDs in absolute value. | Some age/series groups have absolute adjacent-year residual correlation above 0.5.","Test BH with IID/AR1 residuals at modeled age two and lag two. The source curve is age zero and same-year SSB; survivor recruitment is an approximation.","rejected_numerical","Non-positive-definite Hessian; worse scale agreement; correlated recruitment innovations."
"dfo_cod_2j3kl_2025","bh_ar1","matched",40.0975910378585,0.961026129461614,6.80702925302473,"matched",38.9648242842514,0.924935803461696,11.9437063980065,"matched",44.3583573649298,0.927764469837363,10.8746152346372,"matched",41.7603890088661,0.804980332558236,-1.99164700565128,"29068994feee4b2e078ac911e92e0c4fe1d200af","5043cf02c165a31d9567f3e2b528770c1b1c6bbf",FALSE,0,0.00161769915602061,FALSE,"NaNs produced | Numerical convergence checks did not pass; inspect `check_tam(fit)`.
✖ Fixed-parameter covariance must be available and finite.
✖ The Hessian must be positive definite.
ℹ Optimizer code zero alone is insufficient. A missed gradient tolerance alone
  does not establish a structural problem.","",311.444925069809,"Some age/series groups have conditional mean residuals outside -0.5 to 0.5. | Some age/series groups have conditional residual SDs outside 0.5 to 1.5; fitted-state shrinkage also affects spread. | Some conditional residuals exceed three SDs in absolute value. | Some age/series groups have absolute adjacent-year residual correlation above 0.5.","Test BH with IID/AR1 residuals at modeled age two and lag two. The source curve is age zero and same-year SSB; survivor recruitment is an approximation.","rejected_numerical","Non-positive-definite Hessian; modestly improved trends but worse scale agreement."
"dfo_cod_4t4vn_2019","baseline","matched",18.2739719755133,0.957621655457955,-24.9181291903314,"matched",36.2752744749536,0.90282516630445,19.7194625950712,"matched",23.2303774828598,0.937389197451684,-17.8891361367619,"matched",43.809111418556,0.915401186778498,34.0546370148494,"29068994feee4b2e078ac911e92e0c4fe1d200af","5043cf02c165a31d9567f3e2b528770c1b1c6bbf",TRUE,0,0.00100349553941914,TRUE,"","",138.378132104874,"Some age/series groups have conditional residual SDs outside 0.5 to 1.5; fitted-state shrinkage also affects spread. | Some conditional residuals exceed three SDs in absolute value. | Some age/series groups have absolute adjacent-year residual correlation above 0.5.","Test recruitment AR1 with source SD and, separately, age-blocked M mean RWs with fixed source increment SD. Source recruitment-rate times SSB and initial-M priors remain different.","retained_baseline",""
"dfo_cod_4t4vn_2019","ar1_recruitment","matched",19.0044907532961,0.958636341809447,-23.67460832616,"matched",86.7784068413485,0.845867516353304,83.6646683809734,"matched",29.9494448146808,0.930734099900858,-10.927718318417,"matched",41.4246336390283,0.913758215081766,30.3742549086986,"29068994feee4b2e078ac911e92e0c4fe1d200af","5043cf02c165a31d9567f3e2b528770c1b1c6bbf",TRUE,0,0.000467548130934858,TRUE,"","",172.104140043259,"Some age/series groups have conditional residual SDs outside 0.5 to 1.5; fitted-state shrinkage also affects spread. | Some conditional residuals exceed three SDs in absolute value. | Some age/series groups have absolute adjacent-year residual correlation above 0.5.","Test recruitment AR1 with source SD and, separately, age-blocked M mean RWs with fixed source increment SD. Source recruitment-rate times SSB and initial-M priors remain different.","retained_baseline_worse_agreement","Recruitment error increases from 36% to 87%; N and recruitment trends weaken despite improved F scale."
"dfo_cod_4t4vn_2019","fixed_sd_m_rw_iid_warm",,,,,,,,,,,,,,,,,"29068994feee4b2e078ac911e92e0c4fe1d200af","5075bb2be79677717b0c07fc4f7df07ea1ea71c0",FALSE,,,FALSE,"NA/NaN function evaluation | NaNs produced | Numerical convergence checks did not pass; inspect `check_tam(fit)`.
✖ Code 1: false convergence (8)
✖ Adjusted maximum 4.19e+10; raw maximum 4.19e+10; tolerance 0.01.
✖ Fixed-parameter covariance must be available and finite.
✖ The Hessian must be positive definite.
ℹ Optimizer code zero alone is insufficient. A missed gradient tolerance alone
  does not establish a structural problem.","The preliminary fit did not converge.",105.735159158707,"","Test recruitment AR1 with source SD and, separately, age-blocked M mean RWs with fixed source increment SD. Source recruitment-rate times SSB and initial-M priors remain different.","rejected_numerical","Mean RW plus preliminary IID M fails its Hessian check; no final fit attempted. Also test the unchanged baseline preliminary fit."
"dfo_cod_4t4vn_2019","fixed_sd_m_rw","matched",15.3114154366629,0.991181004022818,-1.75342454653713,"matched",39.4358710121832,0.987113363919109,-50.1347237185484,"matched",20.6326748300176,0.982553271586245,-9.82570382442674,"matched",50.8266755342652,0.93351319793968,40.8270940745053,"29068994feee4b2e078ac911e92e0c4fe1d200af","57d448eab8f45b106eae71ede71f66e46d1964dc",TRUE,0,0.000164057763928582,TRUE,"","",145.214011192322,"4 fixed-parameter pair(s) have absolute correlation above 0.95; inspect detailed checks. | Some age/series groups have conditional residual SDs outside 0.5 to 1.5; fitted-state shrinkage also affects spread. | Some conditional residuals exceed three SDs in absolute value. | Some age/series groups have absolute adjacent-year residual correlation above 0.5.","Test recruitment AR1 with source SD and, separately, age-blocked M mean RWs with fixed source increment SD. Source recruitment-rate times SSB and initial-M priors remain different.","retained_baseline_tradeoff","With the baseline preliminary fit, all trends and N/SSB scale improve, but F scale and terminal recruitment worsen. Retain baseline and flag this alternative for review."
"ices_cod_north_sea_2025","baseline","matched",69.7580588845592,0.859945479146281,29.4674029663992,"matched",87.2304325477234,0.882016315669124,-96.9777708178191,"matched",103.013561472322,0.942793356800003,46.2207526240001,"matched",368.642010119869,0.753888876728707,580.597322491202,"29068994feee4b2e078ac911e92e0c4fe1d200af","29068994feee4b2e078ac911e92e0c4fe1d200af",TRUE,0,7.57837553722052e-06,TRUE,"Dropping intercept term in index sd_form since supplied SDs are provided. Set
sd_supplied to NULL to estimate the intercept.","",1.77299404144287,"3 fixed-parameter pair(s) have absolute correlation above 0.95; inspect detailed checks. | Some age/series groups have conditional residual SDs outside 0.5 to 1.5; fitted-state shrinkage also affects spread. | Some conditional residuals exceed three SDs in absolute value. | Some age/series groups have absolute adjacent-year residual correlation above 0.5.","Retain RW recruitment and substock q groups. Substock scaling, correlated F increments and M GMRF are not equivalent to extra independent formula effects.","retained_baseline",""
"ices_herring_north_sea_2026","baseline","matched",39.1137705424993,0.849143731812401,-18.3112027116766,"matched",65.0810775801593,0.857672855354568,-60.3934138252843,"matched",40.8366187331817,0.899851165176449,-28.4254592051451,"matched",201.728587276592,0.867715425458681,63.3652174569594,"29068994feee4b2e078ac911e92e0c4fe1d200af","29068994feee4b2e078ac911e92e0c4fe1d200af",TRUE,0,0.000413048498735025,TRUE,"","",5.44906306266785,"2 fixed-parameter pair(s) have absolute correlation above 0.95; inspect detailed checks. | Some age/series groups have conditional residual SDs outside 0.5 to 1.5; fitted-state shrinkage also affects spread. | Some conditional residuals exceed three SDs in absolute value. | Some age/series groups have absolute adjacent-year residual correlation above 0.5.","Retain RW recruitment and source q sharing. Larval spawning-component observations remain excluded; extra q effects do not supply that mapping.","retained_baseline",""
"afsc_pollock_ebs_2024","baseline","approximate",39.6445091765842,0.89553107250181,24.9592510027876,"matched",33.6599040520662,0.63754001117584,21.5320657401303,"matched",41.511739847813,0.86724360841798,23.2303747910153,"matched",50.8964170944709,0.480535742431901,-8.22956666461775,"29068994feee4b2e078ac911e92e0c4fe1d200af","5043cf02c165a31d9567f3e2b528770c1b1c6bbf",TRUE,0,0.00193814055353414,TRUE,"","",4.49476003646851,"1 fixed-parameter pair(s) have absolute correlation above 0.95; inspect detailed checks. | Some age/series groups have conditional residual SDs outside 0.5 to 1.5; fitted-state shrinkage also affects spread. | Some conditional residuals exceed three SDs in absolute value. | Some age/series groups have absolute adjacent-year residual correlation above 0.5.","Test a shared temporal F mean with IID residuals. This does not reproduce correlated fishery selectivity or the composition likelihood.","retained_baseline",""
"afsc_pollock_ebs_2024","shared_f_rw","approximate",41.1566520568478,0.885203381084153,32.5689981111128,"matched",35.7857088214736,0.556448587213668,4.41891524543482,"matched",45.3103503153647,0.838697469145631,22.9244144093306,"matched",55.973539635572,0.401807330027183,-35.2265897762435,"29068994feee4b2e078ac911e92e0c4fe1d200af","5043cf02c165a31d9567f3e2b528770c1b1c6bbf",TRUE,0,0.00611649180845575,TRUE,"Formula-effect uncertainty or support is limited.
ℹ 95% intervals span more than tenfold for log_sd_f. These variance components
  are weakly estimated; compare simpler formulas or use externally supported
  process SDs.","",5.79630994796753,"95% intervals span more than tenfold for log_sd_f. These variance components are weakly estimated; compare simpler formulas or use externally supported process SDs. | 65 fixed-parameter pair(s) have absolute correlation above 0.95; inspect detailed checks. | Some age/series groups have conditional residual SDs outside 0.5 to 1.5; fitted-state shrinkage also affects spread. | Some conditional residuals exceed three SDs in absolute value. | Some age/series groups have absolute adjacent-year residual correlation above 0.5.","Test a shared temporal F mean with IID residuals. This does not reproduce correlated fishery selectivity or the composition likelihood.","retained_baseline_worse_agreement","N/F/recruitment scale and trends worsen; weak process-SD interval and strong fixed-parameter correlations."
"nefsc_haddock_georges_bank_2026","baseline",,,,,,,,,,,,,,,,,"29068994feee4b2e078ac911e92e0c4fe1d200af","5075bb2be79677717b0c07fc4f7df07ea1ea71c0",FALSE,,,FALSE,"","Blocked: current model-grid observations and fitted native files have not been recovered; earlier assessment inputs cannot substitute.",,"","Blocked: current model-grid observations and fitted native files have not been recovered; earlier assessment inputs cannot substitute.","blocked",""
"afsc_cod_goa_2026","baseline","approximate",32.101661267592,0.944801669364055,7.73205252257329,"non_equivalent",,,,"unavailable",,,,"unavailable",,,,"29068994feee4b2e078ac911e92e0c4fe1d200af","5043cf02c165a31d9567f3e2b528770c1b1c6bbf",TRUE,0,0.000410930534936682,TRUE,"Dropping intercept term in index sd_form since supplied SDs are provided. Set
sd_supplied to NULL to estimate the intercept.","",1.59393382072449,"1 fixed-parameter pair(s) have absolute correlation above 0.95; inspect detailed checks. | Some age/series groups have conditional residual SDs outside 0.5 to 1.5; fitted-state shrinkage also affects spread. | Some age/series groups have absolute adjacent-year residual correlation above 0.5.","Fixed BH steepness one removes SSB dependence; test fixed-SD IID recruitment and a simpler rising survey curve. Conditional catch residual spread differs between young and middle ages: test quadratic log-SD separately. Only approximate SSB is comparable.","retained_baseline",""
"afsc_cod_goa_2026","iid_recruitment","approximate",29.4077972825175,0.940550784812196,18.1534332761159,"non_equivalent",,,,"unavailable",,,,"unavailable",,,,"29068994feee4b2e078ac911e92e0c4fe1d200af","5043cf02c165a31d9567f3e2b528770c1b1c6bbf",TRUE,0,8.14108318536455e-07,TRUE,"Dropping intercept term in index sd_form since supplied SDs are provided. Set
sd_supplied to NULL to estimate the intercept.","",4.02571988105774,"1 fixed-parameter pair(s) have absolute correlation above 0.95; inspect detailed checks. | Some age/series groups have absolute adjacent-year residual correlation above 0.5.","Fixed BH steepness one removes SSB dependence; test fixed-SD IID recruitment and a simpler rising survey curve. Conditional catch residual spread differs between young and middle ages: test quadratic log-SD separately. Only approximate SSB is comparable.","retained_baseline_tradeoff","Approximate SSB average error improves; terminal error and trend worsen. No matched N/F/recruitment evidence."
"afsc_cod_goa_2026","logistic_q","approximate",31.5150330238636,0.942991193926057,3.18106076047932,"non_equivalent",,,,"unavailable",,,,"unavailable",,,,"29068994feee4b2e078ac911e92e0c4fe1d200af","5043cf02c165a31d9567f3e2b528770c1b1c6bbf",TRUE,0,0.000157255307959847,TRUE,"Dropping intercept term in index sd_form since supplied SDs are provided. Set
sd_supplied to NULL to estimate the intercept.","",2.35775518417358,"Some age/series groups have conditional residual SDs outside 0.5 to 1.5; fitted-state shrinkage also affects spread. | Some age/series groups have absolute adjacent-year residual correlation above 0.5.","Fixed BH steepness one removes SSB dependence; test fixed-SD IID recruitment and a simpler rising survey curve. Conditional catch residual spread differs between young and middle ages: test quadratic log-SD separately. Only approximate SSB is comparable.","retained_baseline_tradeoff","Only a small improvement in approximate SSB; survey residual age-patterns remain and trend weakens. Source length-based selectivity is not this curve."
"afsc_cod_goa_2026","catch_age_sd","approximate",1982481786.05569,0.92533411595544,1536176132.80183,"non_equivalent",,,,"unavailable",,,,"unavailable",,,,"29068994feee4b2e078ac911e92e0c4fe1d200af","5043cf02c165a31d9567f3e2b528770c1b1c6bbf",FALSE,0,0.00432739822419226,FALSE,"Dropping intercept term in index sd_form since supplied SDs are provided. Set
sd_supplied to NULL to estimate the intercept. | NA/NaN function evaluation | NaNs produced | Numerical convergence checks did not pass; inspect `check_tam(fit)`.
✖ Fixed-parameter covariance must be available and finite.
✖ The Hessian must be positive definite.
ℹ Optimizer code zero alone is insufficient. A missed gradient tolerance alone
  does not establish a structural problem.","",39.1914448738098,"Some conditional residuals exceed three SDs in absolute value. | Some age/series groups have absolute adjacent-year residual correlation above 0.5.","Fixed BH steepness one removes SSB dependence; test fixed-SD IID recruitment and a simpler rising survey curve. Conditional catch residual spread differs between young and middle ages: test quadratic log-SD separately. Only approximate SSB is comparable.","rejected_numerical","Hessian fails and abundance scale diverges; do not rescue using undocumented constraints."
"ices_haddock_north_sea_2026","baseline","matched",24.1688277993506,0.965679664748863,-39.1251269013824,"matched",17.2392655672706,0.983526373126203,-16.8600943213633,"matched",32.6076819360996,0.966454102989781,-35.3676144779648,"matched",318.986101404639,0.835444998919122,2508.58843027608,"29068994feee4b2e078ac911e92e0c4fe1d200af","29068994feee4b2e078ac911e92e0c4fe1d200af",TRUE,0,0.000983490943469167,TRUE,"","",4.13885617256165,"Some age/series groups have conditional residual SDs outside 0.5 to 1.5; fitted-state shrinkage also affects spread. | Some conditional residuals exceed three SDs in absolute value. | Some age/series groups have absolute adjacent-year residual correlation above 0.5.","Retain RW recruitment and source q/error groups. Density-dependent q powers and age-correlated F increments are not logistic catchability.","retained_baseline",""
"ices_cod_northeast_arctic_2026","baseline","matched",12.2866643633552,0.963475775351621,30.2429843346312,"matched",9.28549355977414,0.982864187720676,19.3603845365968,"matched",10.6592780094705,0.98713442401246,25.9131320227206,"matched",9.62619119427648,0.890556283387331,-13.0783405994839,"29068994feee4b2e078ac911e92e0c4fe1d200af","29068994feee4b2e078ac911e92e0c4fe1d200af",TRUE,0,0.00248940922727373,TRUE,"","",19.8378729820251,"Some age/series groups have conditional residual SDs outside 0.5 to 1.5; fitted-state shrinkage also affects spread. | Some conditional residuals exceed three SDs in absolute value. | Some age/series groups have absolute adjacent-year residual correlation above 0.5.","Retain RW recruitment, independent F RWs and source q groups. Observation correlations and age-specific F innovation SDs remain different.","retained_baseline",""
"afsc_pollock_goa_2024","baseline","matched",29.6725195196415,0.924322255990863,11.047477184378,"matched",50.4213394531731,0.94887088913577,79.1611081442473,"matched",46.5523643165057,0.950064386700826,104.078099531701,"unavailable",,,,"29068994feee4b2e078ac911e92e0c4fe1d200af","5043cf02c165a31d9567f3e2b528770c1b1c6bbf",TRUE,0,0.000227292365314213,TRUE,"","",39.4669969081879,"Some q estimates are within 1e-6 of one; inspect their uncertainty and information at those ages. | Some age/series groups have conditional mean residuals outside -0.5 to 0.5. | Some age/series groups have conditional residual SDs outside 0.5 to 1.5; fitted-state shrinkage also affects spread. | Some conditional residuals exceed three SDs in absolute value. | Some age/series groups have absolute adjacent-year residual correlation above 0.5.","Test source fixed-SD IID recruitment and annual ADF&G q variation. Preserve the logit q link and current age sharing.","retained_baseline",""
"afsc_pollock_goa_2024","iid_recruitment","matched",31.8935880790877,0.916390003895482,12.0183678405413,"matched",45.2959088996154,0.958345006042674,-2.23963789209204,"matched",43.9623754498463,0.954172423294765,85.2435516993723,"unavailable",,,,"29068994feee4b2e078ac911e92e0c4fe1d200af","5043cf02c165a31d9567f3e2b528770c1b1c6bbf",TRUE,0,0.000296933199778443,TRUE,"","",51.5793790817261,"Some q estimates are within 1e-6 of one; inspect their uncertainty and information at those ages. | Some age/series groups have conditional mean residuals outside -0.5 to 0.5. | Some age/series groups have conditional residual SDs outside 0.5 to 1.5; fitted-state shrinkage also affects spread. | Some conditional residuals exceed three SDs in absolute value. | Some age/series groups have absolute adjacent-year residual correlation above 0.5.","Test source fixed-SD IID recruitment and annual ADF&G q variation. Preserve the logit q link and current age sharing.","retained_baseline_tradeoff","N/recruitment improve but matched SSB scale and trend worsen; q boundary and residual advisories remain."
"afsc_pollock_goa_2024","adfg_q_rw","matched",30.5397672862106,0.923905988026489,9.82888672508402,"matched",50.1158198890606,0.948288552954915,78.6855852873748,"matched",46.3967389981108,0.949777600329497,102.365589420595,"unavailable",,,,"29068994feee4b2e078ac911e92e0c4fe1d200af","5043cf02c165a31d9567f3e2b528770c1b1c6bbf",TRUE,0,1.45507271396283e-05,TRUE,"","",47.3904640674591,"1 fixed-parameter pair(s) have absolute correlation above 0.95; inspect detailed checks. | Some q estimates are within 1e-6 of one; inspect their uncertainty and information at those ages. | Some age/series groups have conditional mean residuals outside -0.5 to 0.5. | Some age/series groups have conditional residual SDs outside 0.5 to 1.5; fitted-state shrinkage also affects spread. | Some conditional residuals exceed three SDs in absolute value. | Some age/series groups have absolute adjacent-year residual correlation above 0.5.","Test source fixed-SD IID recruitment and annual ADF&G q variation. Preserve the logit q link and current age sharing.","retained_baseline_tradeoff","Tiny N/recruitment gains but worse average SSB and trends; adds a parameter-correlation advisory."
"dfo_cod_3pn4rs_2025","baseline",,,,,,,,,,,,,,,,,"29068994feee4b2e078ac911e92e0c4fe1d200af","5075bb2be79677717b0c07fc4f7df07ea1ea71c0",FALSE,,,FALSE,"","Blocked: annual stock weights and fitted maturity surfaces remain unrecovered, despite framework and supporting biological-source checks.",,"","Blocked: annual stock weights and fitted maturity surfaces remain unrecovered, despite framework and supporting biological-source checks.","blocked",""
"dfo_herring_4tvn_spring_2024","baseline","matched",24.9372852761122,0.790599928336572,-33.8086724661157,"matched",76.7968621135748,0.609199124087282,-88.5361759234005,"matched",56.1636625830958,0.71890474129162,-40.110680368575,"matched",62.7816088380591,0.837170840936819,26.7293290156865,"29068994feee4b2e078ac911e92e0c4fe1d200af","5043cf02c165a31d9567f3e2b528770c1b1c6bbf",TRUE,0,5.37644801816839e-05,TRUE,"","",8.19645476341248,"8 parameter(s) at a bound; symmetric uncertainty intervals may be inappropriate. | Some age/series groups have conditional residual SDs outside 0.5 to 1.5; fitted-state shrinkage also affects spread. | Some conditional residuals exceed three SDs in absolute value. | Some age/series groups have absolute adjacent-year residual correlation above 0.5.","Test CPUE-only annual q RW and, separately, age-blocked M mean RWs with fixed source increment SD. Source aggregate CPUE, power catchability and initial-M priors remain different.","retained_baseline",""
"dfo_herring_4tvn_spring_2024","cpue_q_rw","matched",67.1383960806037,0.958641647385101,-85.8845004997102,"matched",80.3717892674339,0.823133981876166,-98.0443418819546,"matched",67.5415281233824,0.91587273339413,-84.581647438592,"matched",192.276499101496,0.861782089741045,310.306399710059,"29068994feee4b2e078ac911e92e0c4fe1d200af","5043cf02c165a31d9567f3e2b528770c1b1c6bbf",TRUE,0,0.000181307843231782,TRUE,"","",3.86986708641052,"15 parameter(s) at a bound; symmetric uncertainty intervals may be inappropriate. | Some age/series groups have conditional mean residuals outside -0.5 to 0.5. | Some conditional residuals exceed three SDs in absolute value. | Some age/series groups have absolute adjacent-year residual correlation above 0.5.","Test CPUE-only annual q RW and, separately, age-blocked M mean RWs with fixed source increment SD. Source aggregate CPUE, power catchability and initial-M priors remain different.","retained_baseline_tradeoff","Trends improve but SSB error increases from 25% to 67%, F from 63% to 192%; 15 active bounds."
"dfo_herring_4tvn_spring_2024","fixed_sd_m_rw","matched",739878001.523366,0.748815652059103,304430831.001086,"matched",10361067457.0842,0.629881808522131,449313348.34807,"matched",1697813284.55842,0.737402260885581,263259215.181196,"matched",99.9998944718622,0.837645122536442,-99.9999233438237,"29068994feee4b2e078ac911e92e0c4fe1d200af","6d32ed1895d6158dd578beba345cc0c6373d9f2e",TRUE,0,0.000189393848961217,TRUE,"","",5.0171799659729,"2 parameter(s) at a bound; symmetric uncertainty intervals may be inappropriate. | One or more AR1 correlations exceed 0.98; examine the mean and temporal process together. | 36 fixed-parameter pair(s) have absolute correlation above 0.95; inspect detailed checks. | Some age/series groups have conditional residual SDs outside 0.5 to 1.5; fitted-state shrinkage also affects spread. | Some conditional residuals exceed three SDs in absolute value. | Some age/series groups have absolute adjacent-year residual correlation above 0.5.","Test CPUE-only annual q RW and, separately, age-blocked M mean RWs with fixed source increment SD. Source aggregate CPUE, power catchability and initial-M priors remain different.","retained_baseline_worse_agreement","Numerical checks pass but abundance scale diverges; AR1 persistence and fixed-parameter correlation advisories. Initial-M priors are not reproduced."
"ices_bluewhiting_northeast_atlantic_2026","baseline","matched",5.29397956261772,0.985177005196881,-4.00518405325625,"matched",11.635365860676,0.981739039263437,6.20323410816345,"matched",18.476372039692,0.969926498295709,-8.36722620339287,"matched",23.8120218988166,0.746913769979821,22.7601305154251,"29068994feee4b2e078ac911e92e0c4fe1d200af","29068994feee4b2e078ac911e92e0c4fe1d200af",TRUE,0,0.000493582271736834,TRUE,"","",15.4024300575256,"Some age/series groups have conditional residual SDs outside 0.5 to 1.5; fitted-state shrinkage also affects spread. | Some conditional residuals exceed three SDs in absolute value. | Some age/series groups have absolute adjacent-year residual correlation above 0.5.","Retain RW recruitment and source q sharing. Age-correlated F increments and observation errors require capabilities outside this review.","retained_baseline",""
"ices_herring_norwegian_spring_2025","baseline","matched",10.6898084067849,0.96376415572851,-2.86997352188151,"matched",45.7083002120365,0.735144454547139,-23.4467349098524,"matched",21.4656323073788,0.942928805240614,6.705207854268,"matched",28.9686543682863,0.817095097967752,-11.2736867550757,"29068994feee4b2e078ac911e92e0c4fe1d200af","29068994feee4b2e078ac911e92e0c4fe1d200af",TRUE,0,0.000580487765904469,TRUE,"","",1.96542716026306,"Some age/series groups have conditional residual SDs outside 0.5 to 1.5; fitted-state shrinkage also affects spread. | Some conditional residuals exceed three SDs in absolute value. | Some age/series groups have absolute adjacent-year residual correlation above 0.5.","Retain baseline; exact process and q-sharing configuration is unresolved. Do not guess a logistic curve or temporal effect.","retained_baseline",""
"ices_sprat_baltic_2026","baseline","matched",8.27596852431689,0.965665512808269,-4.15018176135421,"matched",12.4587322330606,0.969880463878335,-4.49162573705127,"matched",9.88644229028442,0.972734985382318,-1.61984867183413,"matched",13.8501478291322,0.923797966540525,11.2150680737484,"29068994feee4b2e078ac911e92e0c4fe1d200af","29068994feee4b2e078ac911e92e0c4fe1d200af",TRUE,0,0.00035562295929048,TRUE,"","",1.69003105163574,"Some age/series groups have conditional mean residuals outside -0.5 to 0.5. | Some conditional residuals exceed three SDs in absolute value. | Some age/series groups have absolute adjacent-year residual correlation above 0.5.","Retain RW recruitment and current survey groups. Source age-zero index is already shifted to age one; spawning survival and terminal F sharing remain different.","retained_baseline",""
"ices_plaice_north_sea_2026","baseline","matched",11.2108416138221,0.904652680443205,3.06759787810359,"matched",7.38727875694895,0.97775066833378,5.52479044179823,"matched",12.7697844751512,0.960025028086851,3.85157013262534,"matched",22.8581181389167,0.929245581801205,-0.208647493027543,"29068994feee4b2e078ac911e92e0c4fe1d200af","29068994feee4b2e078ac911e92e0c4fe1d200af",TRUE,0,0.000449782700248758,TRUE,"","",3.41817188262939,"4 fixed-parameter pair(s) have absolute correlation above 0.95; inspect detailed checks. | Some age/series groups have conditional residual SDs outside 0.5 to 1.5; fitted-state shrinkage also affects spread. | Some conditional residuals exceed three SDs in absolute value. | Some age/series groups have absolute adjacent-year residual correlation above 0.5.","Retain RW recruitment and flexible survey-age q. Printed sharing keys are not fully mapped to individual surveys; do not invent their assignments.","retained_baseline",""
"ices_saithe_north_sea_2026","baseline","matched",723.104430520421,0.445437040674565,1282.36667466627,"matched",103.067451970399,0.684084527625645,190.118958821089,"matched",829.759382056723,0.73641458943676,1140.61778470104,"non_equivalent",,,,"29068994feee4b2e078ac911e92e0c4fe1d200af","29068994feee4b2e078ac911e92e0c4fe1d200af",TRUE,0,0.000603199073105021,TRUE,"","",2.46512484550476,"12 fixed-parameter pair(s) have absolute correlation above 0.95; inspect detailed checks. | Some age/series groups have conditional residual SDs outside 0.5 to 1.5; fitted-state shrinkage also affects spread. | Some age/series groups have absolute adjacent-year residual correlation above 0.5.","Retain RW recruitment and source q sharing. Shared terminal F states and correlated innovations are distinct from mean-formula effects.","retained_baseline",""
"ices_whiting_north_sea_2026","baseline","matched",159.92158274214,0.743922212776845,256.364597980758,"matched",48.8342628527651,0.797287610750266,-0.52731093040148,"matched",350.005279324085,0.909139068974013,225.429255281291,"matched",57.1376808024709,0.883409792369966,-50.6203930383507,"29068994feee4b2e078ac911e92e0c4fe1d200af","29068994feee4b2e078ac911e92e0c4fe1d200af",TRUE,0,0.00196831053162801,TRUE,"","",2.25678396224976,"5 fixed-parameter pair(s) have absolute correlation above 0.95; inspect detailed checks. | Some age/series groups have conditional residual SDs outside 0.5 to 1.5; fitted-state shrinkage also affects spread. | Some conditional residuals exceed three SDs in absolute value.","Retain RW recruitment, N and F and source survey-age q. Observation correlations and M GMRF remain distinct unsupported likelihood structures.","retained_baseline",""
"ices_herring_western_baltic_2026","baseline","matched",304.572293325462,0.82290851082647,294.881256184948,"matched",126.383299972934,0.986314863241277,74.5340718626613,"matched",785.135568679269,0.861876535352618,426.006853641682,"matched",55.1222798711506,0.849845079677372,-13.8413785200617,"29068994feee4b2e078ac911e92e0c4fe1d200af","29068994feee4b2e078ac911e92e0c4fe1d200af",TRUE,0,0.000420689956659143,TRUE,"","",1.58672118186951,"3 fixed-parameter pair(s) have absolute correlation above 0.95; inspect detailed checks. | Some age/series groups have conditional residual SDs outside 0.5 to 1.5; fitted-state shrinkage also affects spread. | Some conditional residuals exceed three SDs in absolute value. | Some age/series groups have absolute adjacent-year residual correlation above 0.5.","Retain baseline RW approximation. Hockey-stick recruitment is not BH/Ricker; source q keys are already used.","retained_baseline",""
"ices_norway_pout_north_sea_2026_benchmark","baseline","matched",29.2746136790022,0.969567228856625,-49.5380486126041,"matched",34.3870831379467,0.942087435960868,-53.8635638601751,"matched",39.4029084485677,0.84930855282534,-55.7974794613715,"matched",119.12487971138,0.907197372920879,102.869548704335,"29068994feee4b2e078ac911e92e0c4fe1d200af","29068994feee4b2e078ac911e92e0c4fe1d200af",FALSE,1,0.00130963174519039,TRUE,"Numerical convergence checks did not pass; inspect `check_tam(fit)`.
✖ Code 1: false convergence (8)
ℹ Optimizer code zero alone is insufficient. A missed gradient tolerance alone
  does not establish a structural problem.","",1.668044090271,"One or more AR1 correlations exceed 0.98; examine the mean and temporal process together. | 1 fixed-parameter pair(s) have absolute correlation above 0.95; inspect detailed checks. | Some conditional residuals exceed three SDs in absolute value.","Retain annual approximation as non-converged. Quarterly recruitment and mortality cannot be recovered by adding annual formula effects.","retained_not_converged",""
"nefsc_summer_flounder_2018","baseline","matched",57.7289898367689,0.104539644984205,-75.0759326618859,"matched",58.1219743204181,0.452313671542949,-84.4617361684092,"matched",7106.75441692249,0.0361684959701022,3801.06312486973,"matched",517.771420174249,-0.100503130544429,141.276918314715,"29068994feee4b2e078ac911e92e0c4fe1d200af","29068994feee4b2e078ac911e92e0c4fe1d200af",FALSE,1,0.00579640460827455,FALSE,"NA/NaN function evaluation | NaNs produced | Numerical convergence checks did not pass; inspect `check_tam(fit)`.
✖ Code 1: false convergence (8)
✖ Fixed-parameter covariance must be available and finite.
✖ The Hessian must be positive definite.
ℹ Optimizer code zero alone is insufficient. A missed gradient tolerance alone
  does not establish a structural problem.","",8.60404205322266,"One or more AR1 correlations exceed 0.98; examine the mean and temporal process together. | Some age/series groups have conditional residual SDs outside 0.5 to 1.5; fitted-state shrinkage also affects spread. | Some age/series groups have absolute adjacent-year residual correlation above 0.5.","Retain non-converged baseline and flag it. Missing source surveys and annual biological inputs prevent a complete comparison; no undocumented rescue tuning.","retained_not_converged",""
"nefsc_atlantic_mackerel_2018","baseline","matched",26.4380409876158,0.946014590673813,-29.2389332514541,"matched",36.9321480889163,0.613808201966825,-42.9184189772107,"matched",41.6127582813563,0.886278880468356,-28.193200673495,"matched",77.3606923874232,0.82970517963447,35.1604155557115,"29068994feee4b2e078ac911e92e0c4fe1d200af","29068994feee4b2e078ac911e92e0c4fe1d200af",TRUE,0,0.000656138163046993,TRUE,"","",3.45363020896912,"Some age/series groups have conditional residual SDs outside 0.5 to 1.5; fitted-state shrinkage also affects spread. | Some conditional residuals exceed three SDs in absolute value. | Some age/series groups have absolute adjacent-year residual correlation above 0.5.","Test a shared temporal F mean with IID residuals to approximate time-constant fishery selectivity. Logistic q is not fishery selectivity; the aggregate egg index lacks an age allocation.","retained_baseline",""
"nefsc_atlantic_mackerel_2018","shared_f_rw","matched",29.4075058800064,0.939150192918789,-58.1247443562966,"matched",44.2606518209412,0.551827307414019,-67.1267724542364,"matched",42.0953082972508,0.882595763906902,-57.7913940849413,"matched",79.8651195995423,0.871185293405529,181.834651823593,"29068994feee4b2e078ac911e92e0c4fe1d200af","5043cf02c165a31d9567f3e2b528770c1b1c6bbf",TRUE,0,0.000730935045993086,TRUE,"","",3.14942288398743,"Some age/series groups have conditional residual SDs outside 0.5 to 1.5; fitted-state shrinkage also affects spread.","Test a shared temporal F mean with IID residuals to approximate time-constant fishery selectivity. Logistic q is not fishery selectivity; the aggregate egg index lacks an age allocation.","retained_baseline_worse_agreement","F trend improves but N/recruitment/SSB scale and trends worsen; terminal SSB difference doubles."
"ices_haddock_iceland_2025","baseline","matched",5.25358218219788,0.98183294730155,-5.4434326133357,"matched",19.9020876774629,0.975441677832266,10.8127951223037,"matched",16.8138858580874,0.984761148257239,-8.95269399670966,"matched",36.7949995377696,0.689346608976295,22.3661773712783,"29068994feee4b2e078ac911e92e0c4fe1d200af","29068994feee4b2e078ac911e92e0c4fe1d200af",TRUE,0,0.00122743052610985,TRUE,"","",18.3898661136627,"Some age/series groups have conditional residual SDs outside 0.5 to 1.5; fitted-state shrinkage also affects spread. | Some conditional residuals exceed three SDs in absolute value. | Some age/series groups have absolute adjacent-year residual correlation above 0.5.","Retain flexible survey-age q. Exact native transition and sharing settings and index units remain unresolved; no source-supported curve candidate.","retained_baseline",""
