"component","survey","status","choice","reason"
"index","LAI-SNS","excluded_pending_mapping","Leave out of tinyAM obs","Partial spawning-component likelihood; its relationship to spawning abundance and native units require mapping. User selected exclusion pending mapping."
"index","LAI-CNS","excluded_pending_mapping","Leave out of tinyAM obs","Partial spawning-component likelihood; its relationship to spawning abundance and native units require mapping. User selected exclusion pending mapping."
"index","LAI-BUN","excluded_pending_mapping","Leave out of tinyAM obs","Partial spawning-component likelihood; its relationship to spawning abundance and native units require mapping. User selected exclusion pending mapping."
"index","LAI-ORSH","excluded_pending_mapping","Leave out of tinyAM obs","Partial spawning-component likelihood; its relationship to spawning abundance and native units require mapping. User selected exclusion pending mapping."
"index","HERAS","unresolved","Retain source values on their native index scale once timing is documented","Exact model sampling fraction is unavailable. Do not assume a numerical timing value from a historical example."
"index","IBTS0","unresolved","Retain source values on their native index scale once timing is documented","Exact model sampling fraction is unavailable. Do not assume a numerical timing value from a historical example."
"index","IBTS-Q1","unresolved","Retain source values on their native index scale once timing is documented","Exact model sampling fraction is unavailable. Do not assume a numerical timing value from a historical example."
"index","IBTS-Q3","unresolved","Retain source values on their native index scale once timing is documented","Exact model sampling fraction is unavailable. Do not assume a numerical timing value from a historical example."
"biology",,"unresolved","Use only years with complete source weight and maturity inputs","Published biological inputs end in 2025; the accepted 2026 biological construction is unresolved. No terminal values are copied or extrapolated."
"M",,"unresolved","Do not supply M until the report surface's offset is verified","The source applies an additional 0.02; whether the published surface already includes that offset remains unresolved."
