source_revision,source_path,url,bytes,md5
c6cfd035c7de59f7b3421dde31901efbca4cb0e8,testmore/nscod/cn.dat,https://raw.githubusercontent.com/fishfollower/SAM/c6cfd035c7de59f7b3421dde31901efbca4cb0e8/testmore/nscod/cn.dat,3891,86671eb740ba54d563fc398d8bf17c4a
c6cfd035c7de59f7b3421dde31901efbca4cb0e8,testmore/nscod/cw.dat,https://raw.githubusercontent.com/fishfollower/SAM/c6cfd035c7de59f7b3421dde31901efbca4cb0e8/testmore/nscod/cw.dat,2520,f696bbefdd61c20b3e5c082b6ed86393
c6cfd035c7de59f7b3421dde31901efbca4cb0e8,testmore/nscod/dw.dat,https://raw.githubusercontent.com/fishfollower/SAM/c6cfd035c7de59f7b3421dde31901efbca4cb0e8/testmore/nscod/dw.dat,1574,2e832a075a1708e36e1d1f78872901e1
c6cfd035c7de59f7b3421dde31901efbca4cb0e8,testmore/nscod/lf.dat,https://raw.githubusercontent.com/fishfollower/SAM/c6cfd035c7de59f7b3421dde31901efbca4cb0e8/testmore/nscod/lf.dat,3693,df106b181e231115be919a59f0b287f3
c6cfd035c7de59f7b3421dde31901efbca4cb0e8,testmore/nscod/lw.dat,https://raw.githubusercontent.com/fishfollower/SAM/c6cfd035c7de59f7b3421dde31901efbca4cb0e8/testmore/nscod/lw.dat,2523,3a25c1608b47e5dc410e88728027180f
c6cfd035c7de59f7b3421dde31901efbca4cb0e8,testmore/nscod/mo.dat,https://raw.githubusercontent.com/fishfollower/SAM/c6cfd035c7de59f7b3421dde31901efbca4cb0e8/testmore/nscod/mo.dat,4406,a3dff6e5d188a390a3c92c94786c44c1
c6cfd035c7de59f7b3421dde31901efbca4cb0e8,testmore/nscod/nm.dat,https://raw.githubusercontent.com/fishfollower/SAM/c6cfd035c7de59f7b3421dde31901efbca4cb0e8/testmore/nscod/nm.dat,2725,c0a60223d5782511714cbdbf5cfad1dd
c6cfd035c7de59f7b3421dde31901efbca4cb0e8,testmore/nscod/pf.dat,https://raw.githubusercontent.com/fishfollower/SAM/c6cfd035c7de59f7b3421dde31901efbca4cb0e8/testmore/nscod/pf.dat,741,d42e7d7f4c0da6b6b810eabf24541c9e
c6cfd035c7de59f7b3421dde31901efbca4cb0e8,testmore/nscod/pm.dat,https://raw.githubusercontent.com/fishfollower/SAM/c6cfd035c7de59f7b3421dde31901efbca4cb0e8/testmore/nscod/pm.dat,741,e067e9f38de6f49b1bb9a53a37619550
c6cfd035c7de59f7b3421dde31901efbca4cb0e8,testmore/nscod/sw.dat,https://raw.githubusercontent.com/fishfollower/SAM/c6cfd035c7de59f7b3421dde31901efbca4cb0e8/testmore/nscod/sw.dat,2568,c8d67746c4a2f100aadc9b283e10eabe
c6cfd035c7de59f7b3421dde31901efbca4cb0e8,testmore/nscod/survey.dat,https://raw.githubusercontent.com/fishfollower/SAM/c6cfd035c7de59f7b3421dde31901efbca4cb0e8/testmore/nscod/survey.dat,2696,620e724ce7ebffe3a69da5ef9efdf934
c6cfd035c7de59f7b3421dde31901efbca4cb0e8,testmore/nscod/script.R,https://raw.githubusercontent.com/fishfollower/SAM/c6cfd035c7de59f7b3421dde31901efbca4cb0e8/testmore/nscod/script.R,1455,9493b264a9bd6db57e7f4aa9ed3d393c
c6cfd035c7de59f7b3421dde31901efbca4cb0e8,testmore/nscod/res.EXP,https://raw.githubusercontent.com/fishfollower/SAM/c6cfd035c7de59f7b3421dde31901efbca4cb0e8/testmore/nscod/res.EXP,11,7803be8faeaef184ec723ac585a0301f
c6cfd035c7de59f7b3421dde31901efbca4cb0e8,stockassessment/tests/nscod/fit.expected.Rdata,https://raw.githubusercontent.com/fishfollower/SAM/c6cfd035c7de59f7b3421dde31901efbca4cb0e8/stockassessment/tests/nscod/fit.expected.Rdata,266432,9706a72dce27b7aaad1f367523a62eca
