"component","fleet","survey","setting","value","tinyam_support","source_reference","notes","audit_notes"
"assessment",,,"accepted_model","Model 23.0","not_checked","https://www.npfmc.org/wp-content/PDFdocuments/SAFE/2024/EBSpollock.pdf","Endorsed in final December 2024 SSC report; no new fitted assessment in 2025.","Review this source description against the chosen tinyAM model before fitting."
"population",,,"modeled_years","1964–2024","not_checked","https://github.com/noaa-afsc/EBS_pollock/blob/44e0cb0ac8698e1d3954273e8aaf760d7c76cba5/runs/data/pm_24.dat",,"Review this source description against the chosen tinyAM model before fitting."
"population",,,"ages","1–15; plus group 15+","not_checked","https://github.com/noaa-afsc/EBS_pollock/blob/44e0cb0ac8698e1d3954273e8aaf760d7c76cba5/runs/data/pm_24.dat; source_pm.tpl",,"Review this source description against the chosen tinyAM model before fitting."
"population",,,"recruitment_age","1","not_checked","https://github.com/noaa-afsc/EBS_pollock/blob/44e0cb0ac8698e1d3954273e8aaf760d7c76cba5/runs/data/pm_24.dat",,"Review this source description against the chosen tinyAM model before fitting."
"biology",,,"spawning_time","0.25","not_checked","https://www.npfmc.org/wp-content/PDFdocuments/SAFE/2024/EBSpollock.pdf","(4-1)/12 in source; April spawning.","Review this source description against the chosen tinyAM model before fitting."
"biology",,,"female_fraction","0.5","not_checked","https://www.npfmc.org/wp-content/PDFdocuments/SAFE/2024/EBSpollock.pdf","Source multiplies supplied maturity by 0.5 for female SSB.","Review this source description against the chosen tinyAM model before fitting."
"M",,,"supplied_vector","0.9 at age 1; 0.45 at age 2; 0.3 at ages 3–15","not_checked","https://github.com/noaa-afsc/EBS_pollock/blob/44e0cb0ac8698e1d3954273e8aaf760d7c76cba5/runs/lastyr/control.dat","Control phase_natmort=-6; alternate predation switches still require full verification before canonical fixed-M input export.","Review this source description against the chosen tinyAM model before fitting."
"catch","Combined fishery",,"representation","Total biomass plus number composition","not_checked","https://www.npfmc.org/wp-content/PDFdocuments/SAFE/2024/EBSpollock.pdf","No fishery composition for terminal 2024.","Review this source description against the chosen tinyAM model before fitting."
"index",,"NMFS bottom-trawl VAST","BTS_likelihood","Biomass with full supplied covariance","not_checked","https://www.npfmc.org/wp-content/PDFdocuments/SAFE/2024/EBSpollock.pdf","DoCovBTS=1 and do_bts_bio=1. Covariance matrix is cached, not yet represented numerically in canonical inputs.","Review this source description against the chosen tinyAM model before fitting."
"index",,"NMFS acoustic-trawl","ATS_likelihood","Biomass total, older-age composition and separate age-1 index","not_checked","https://www.npfmc.org/wp-content/PDFdocuments/SAFE/2024/EBSpollock.pdf","Terminal age-1 index excluded by source uncertainty rule.","Review this source description against the chosen tinyAM model before fitting."
"index",,"Historical fishery CPUE","sampling_time","0","supported","https://github.com/noaa-afsc/EBS_pollock/blob/44e0cb0ac8698e1d3954273e8aaf760d7c76cba5/source/pm.tpl; Get_Catch_at_Age","Model prediction timing, distinct from field sampling dates.","tinyAM uses a fraction of year for index timing; an approximate season midpoint must remain labelled as approximate."
"index",,"Acoustic vessels of opportunity","sampling_time","0","supported","https://github.com/noaa-afsc/EBS_pollock/blob/44e0cb0ac8698e1d3954273e8aaf760d7c76cba5/source/pm.tpl; Get_Catch_at_Age","Model prediction timing, distinct from field sampling dates.","tinyAM uses a fraction of year for index timing; an approximate season midpoint must remain labelled as approximate."
"index",,"NMFS bottom-trawl VAST","sampling_time","0.5","supported","https://github.com/noaa-afsc/EBS_pollock/blob/44e0cb0ac8698e1d3954273e8aaf760d7c76cba5/source/pm.tpl; Get_Catch_at_Age","Model prediction timing, distinct from field sampling dates.","tinyAM uses a fraction of year for index timing; an approximate season midpoint must remain labelled as approximate."
"index",,"NMFS acoustic-trawl","sampling_time","0.5","supported","https://github.com/noaa-afsc/EBS_pollock/blob/44e0cb0ac8698e1d3954273e8aaf760d7c76cba5/source/pm.tpl; Get_Catch_at_Age","Model prediction timing, distinct from field sampling dates.","tinyAM uses a fraction of year for index timing; an approximate season midpoint must remain labelled as approximate."
"index",,"NMFS acoustic-trawl age-1 index","sampling_time","0.5","supported","https://github.com/noaa-afsc/EBS_pollock/blob/44e0cb0ac8698e1d3954273e8aaf760d7c76cba5/source/pm.tpl; Get_Catch_at_Age","Model prediction timing, distinct from field sampling dates.","tinyAM uses a fraction of year for index timing; an approximate season midpoint must remain labelled as approximate."
"F",,,"selectivity_and_penalties","unknown","not_checked","https://www.npfmc.org/wp-content/PDFdocuments/SAFE/2024/EBSpollock.pdf","Native controls/auxiliary files cached; detailed extraction still incomplete.","Review this source description against the chosen tinyAM model before fitting."
"N",,,"initial_state_treatment","unknown","not_checked","https://www.npfmc.org/wp-content/PDFdocuments/SAFE/2024/EBSpollock.pdf","Native controls/auxiliary files cached; detailed extraction still incomplete.","Review this source description against the chosen tinyAM model before fitting."
"recruitment",,,"stock_recruit_parameters","unknown","not_checked","https://www.npfmc.org/wp-content/PDFdocuments/SAFE/2024/EBSpollock.pdf","Native controls/auxiliary files cached; detailed extraction still incomplete.","Review this source description against the chosen tinyAM model before fitting."
"q",,,"parameter_sharing","unknown","not_checked","https://www.npfmc.org/wp-content/PDFdocuments/SAFE/2024/EBSpollock.pdf","Native controls/auxiliary files cached; detailed extraction still incomplete.","Review this source description against the chosen tinyAM model before fitting."
"index",,,"effective_sample_sizes_and_SD","unknown","not_checked","https://www.npfmc.org/wp-content/PDFdocuments/SAFE/2024/EBSpollock.pdf","Native controls/auxiliary files cached; detailed extraction still incomplete.","Review this source description against the chosen tinyAM model before fitting."
