"year","age","obs","survey","samp_time","q_block","q_key"
1994,1,1140085140,"NMFS acoustic-trawl age-1 index",0.5,"1","NMFS acoustic-trawl age-1 index.1"
1996,1,1800254055,"NMFS acoustic-trawl age-1 index",0.5,"1","NMFS acoustic-trawl age-1 index.1"
1997,1,13226789400,"NMFS acoustic-trawl age-1 index",0.5,"1","NMFS acoustic-trawl age-1 index.1"
1999,1,607203652,"NMFS acoustic-trawl age-1 index",0.5,"1","NMFS acoustic-trawl age-1 index.1"
2000,1,460366403.1,"NMFS acoustic-trawl age-1 index",0.5,"1","NMFS acoustic-trawl age-1 index.1"
2002,1,796396850.3,"NMFS acoustic-trawl age-1 index",0.5,"1","NMFS acoustic-trawl age-1 index.1"
2004,1,83054497.42,"NMFS acoustic-trawl age-1 index",0.5,"1","NMFS acoustic-trawl age-1 index.1"
2006,1,524710959.7,"NMFS acoustic-trawl age-1 index",0.5,"1","NMFS acoustic-trawl age-1 index.1"
2007,1,5775294145,"NMFS acoustic-trawl age-1 index",0.5,"1","NMFS acoustic-trawl age-1 index.1"
2008,1,70869874.03,"NMFS acoustic-trawl age-1 index",0.5,"1","NMFS acoustic-trawl age-1 index.1"
2009,1,5196786272,"NMFS acoustic-trawl age-1 index",0.5,"1","NMFS acoustic-trawl age-1 index.1"
2010,1,2567932041,"NMFS acoustic-trawl age-1 index",0.5,"1","NMFS acoustic-trawl age-1 index.1"
2012,1,177346142.8,"NMFS acoustic-trawl age-1 index",0.5,"1","NMFS acoustic-trawl age-1 index.1"
2014,1,4750826376,"NMFS acoustic-trawl age-1 index",0.5,"1","NMFS acoustic-trawl age-1 index.1"
2016,1,173752314.4,"NMFS acoustic-trawl age-1 index",0.5,"1","NMFS acoustic-trawl age-1 index.1"
2018,1,449956069.7,"NMFS acoustic-trawl age-1 index",0.5,"1","NMFS acoustic-trawl age-1 index.1"
2020,1,3.5e+08,"NMFS acoustic-trawl age-1 index",0.5,"1","NMFS acoustic-trawl age-1 index.1"
2022,1,141559937.1,"NMFS acoustic-trawl age-1 index",0.5,"1","NMFS acoustic-trawl age-1 index.1"
1982,1,868143582.22596,"NMFS bottom-trawl VAST",0.5,"1","NMFS bottom-trawl VAST.1"
1982,2,2192825368.81492,"NMFS bottom-trawl VAST",0.5,"2","NMFS bottom-trawl VAST.2"
1982,3,2554511715.45521,"NMFS bottom-trawl VAST",0.5,"3","NMFS bottom-trawl VAST.3"
1982,4,3450906300.83498,"NMFS bottom-trawl VAST",0.5,"4","NMFS bottom-trawl VAST.4"
1982,5,1169564696.4574,"NMFS bottom-trawl VAST",0.5,"5","NMFS bottom-trawl VAST.5"
1982,6,156145574.012151,"NMFS bottom-trawl VAST",0.5,"6","NMFS bottom-trawl VAST.6"
1982,7,100768871.185118,"NMFS bottom-trawl VAST",0.5,"7","NMFS bottom-trawl VAST.7"
1982,8,48283812.4425668,"NMFS bottom-trawl VAST",0.5,"8","NMFS bottom-trawl VAST.8"
1982,9,29888646.2885895,"NMFS bottom-trawl VAST",0.5,"9","NMFS bottom-trawl VAST.9"
1982,10,18808401.7191891,"NMFS bottom-trawl VAST",0.5,"10","NMFS bottom-trawl VAST.10"
1982,11,11581496.0278394,"NMFS bottom-trawl VAST",0.5,"11","NMFS bottom-trawl VAST.11"
1982,12,6853303.78740917,"NMFS bottom-trawl VAST",0.5,"12","NMFS bottom-trawl VAST.12"
1982,13,2553213.17383966,"NMFS bottom-trawl VAST",0.5,"13","NMFS bottom-trawl VAST.13"
1982,14,1111345.29979051,"NMFS bottom-trawl VAST",0.5,"14","NMFS bottom-trawl VAST.14"
1982,15,1085159.05781021,"NMFS bottom-trawl VAST",0.5,"15","NMFS bottom-trawl VAST.15"
1983,1,3138524110.40656,"NMFS bottom-trawl VAST",0.5,"1","NMFS bottom-trawl VAST.1"
1983,2,741576790.530545,"NMFS bottom-trawl VAST",0.5,"2","NMFS bottom-trawl VAST.2"
1983,3,2020588403.17212,"NMFS bottom-trawl VAST",0.5,"3","NMFS bottom-trawl VAST.3"
1983,4,3153758153.14883,"NMFS bottom-trawl VAST",0.5,"4","NMFS bottom-trawl VAST.4"
1983,5,6492572489.20087,"NMFS bottom-trawl VAST",0.5,"5","NMFS bottom-trawl VAST.5"
1983,6,1873891491.52861,"NMFS bottom-trawl VAST",0.5,"6","NMFS bottom-trawl VAST.6"
1983,7,317959363.426488,"NMFS bottom-trawl VAST",0.5,"7","NMFS bottom-trawl VAST.7"
1983,8,143839401.543919,"NMFS bottom-trawl VAST",0.5,"8","NMFS bottom-trawl VAST.8"
1983,9,65829859.6304911,"NMFS bottom-trawl VAST",0.5,"9","NMFS bottom-trawl VAST.9"
1983,10,59123188.6790791,"NMFS bottom-trawl VAST",0.5,"10","NMFS bottom-trawl VAST.10"
1983,11,42089952.3940101,"NMFS bottom-trawl VAST",0.5,"11","NMFS bottom-trawl VAST.11"
1983,12,15258668.0349315,"NMFS bottom-trawl VAST",0.5,"12","NMFS bottom-trawl VAST.12"
1983,13,5610589.2251833,"NMFS bottom-trawl VAST",0.5,"13","NMFS bottom-trawl VAST.13"
1983,14,5040142.73124789,"NMFS bottom-trawl VAST",0.5,"14","NMFS bottom-trawl VAST.14"
1983,15,2365085.41271823,"NMFS bottom-trawl VAST",0.5,"15","NMFS bottom-trawl VAST.15"
1984,1,397612028.757417,"NMFS bottom-trawl VAST",0.5,"1","NMFS bottom-trawl VAST.1"
1984,2,326749250.255096,"NMFS bottom-trawl VAST",0.5,"2","NMFS bottom-trawl VAST.2"
1984,3,659925288.95914,"NMFS bottom-trawl VAST",0.5,"3","NMFS bottom-trawl VAST.3"
1984,4,1855298252.75919,"NMFS bottom-trawl VAST",0.5,"4","NMFS bottom-trawl VAST.4"
1984,5,2054190785.09867,"NMFS bottom-trawl VAST",0.5,"5","NMFS bottom-trawl VAST.5"
1984,6,4371418571.44099,"NMFS bottom-trawl VAST",0.5,"6","NMFS bottom-trawl VAST.6"
1984,7,773542117.888596,"NMFS bottom-trawl VAST",0.5,"7","NMFS bottom-trawl VAST.7"
1984,8,165654800.188696,"NMFS bottom-trawl VAST",0.5,"8","NMFS bottom-trawl VAST.8"
1984,9,75479570.9903839,"NMFS bottom-trawl VAST",0.5,"9","NMFS bottom-trawl VAST.9"
1984,10,25260848.1494184,"NMFS bottom-trawl VAST",0.5,"10","NMFS bottom-trawl VAST.10"
1984,11,17251287.3626423,"NMFS bottom-trawl VAST",0.5,"11","NMFS bottom-trawl VAST.11"
1984,12,6482682.77006148,"NMFS bottom-trawl VAST",0.5,"12","NMFS bottom-trawl VAST.12"
1984,13,3901404.25233651,"NMFS bottom-trawl VAST",0.5,"13","NMFS bottom-trawl VAST.13"
1984,14,4865616.24235438,"NMFS bottom-trawl VAST",0.5,"14","NMFS bottom-trawl VAST.14"
1984,15,2396553.82130073,"NMFS bottom-trawl VAST",0.5,"15","NMFS bottom-trawl VAST.15"
1985,1,3837892675.86174,"NMFS bottom-trawl VAST",0.5,"1","NMFS bottom-trawl VAST.1"
1985,2,614469580.132329,"NMFS bottom-trawl VAST",0.5,"2","NMFS bottom-trawl VAST.2"
1985,3,3033782079.14623,"NMFS bottom-trawl VAST",0.5,"3","NMFS bottom-trawl VAST.3"
1985,4,1073553569.53077,"NMFS bottom-trawl VAST",0.5,"4","NMFS bottom-trawl VAST.4"
1985,5,3532077834.4795,"NMFS bottom-trawl VAST",0.5,"5","NMFS bottom-trawl VAST.5"
1985,6,2174877635.55521,"NMFS bottom-trawl VAST",0.5,"6","NMFS bottom-trawl VAST.6"
1985,7,1437449180.65957,"NMFS bottom-trawl VAST",0.5,"7","NMFS bottom-trawl VAST.7"
1985,8,273441835.881851,"NMFS bottom-trawl VAST",0.5,"8","NMFS bottom-trawl VAST.8"
1985,9,66758232.6199563,"NMFS bottom-trawl VAST",0.5,"9","NMFS bottom-trawl VAST.9"
1985,10,56465687.7979283,"NMFS bottom-trawl VAST",0.5,"10","NMFS bottom-trawl VAST.10"
1985,11,19675057.2601797,"NMFS bottom-trawl VAST",0.5,"11","NMFS bottom-trawl VAST.11"
1985,12,6173890.90222317,"NMFS bottom-trawl VAST",0.5,"12","NMFS bottom-trawl VAST.12"
1985,13,6581139.69039782,"NMFS bottom-trawl VAST",0.5,"13","NMFS bottom-trawl VAST.13"
1985,14,553487.52640021,"NMFS bottom-trawl VAST",0.5,"14","NMFS bottom-trawl VAST.14"
1985,15,519028.933083438,"NMFS bottom-trawl VAST",0.5,"15","NMFS bottom-trawl VAST.15"
1986,1,2368886627.1381,"NMFS bottom-trawl VAST",0.5,"1","NMFS bottom-trawl VAST.1"
1986,2,784885544.659436,"NMFS bottom-trawl VAST",0.5,"2","NMFS bottom-trawl VAST.2"
1986,3,635623028.768864,"NMFS bottom-trawl VAST",0.5,"3","NMFS bottom-trawl VAST.3"
1986,4,2691788837.67668,"NMFS bottom-trawl VAST",0.5,"4","NMFS bottom-trawl VAST.4"
1986,5,1371780728.68465,"NMFS bottom-trawl VAST",0.5,"5","NMFS bottom-trawl VAST.5"
1986,6,2071380236.40242,"NMFS bottom-trawl VAST",0.5,"6","NMFS bottom-trawl VAST.6"
1986,7,1719242710.83812,"NMFS bottom-trawl VAST",0.5,"7","NMFS bottom-trawl VAST.7"
1986,8,1435103737.76365,"NMFS bottom-trawl VAST",0.5,"8","NMFS bottom-trawl VAST.8"
1986,9,427697100.733064,"NMFS bottom-trawl VAST",0.5,"9","NMFS bottom-trawl VAST.9"
1986,10,66096990.0619571,"NMFS bottom-trawl VAST",0.5,"10","NMFS bottom-trawl VAST.10"
1986,11,29653308.876376,"NMFS bottom-trawl VAST",0.5,"11","NMFS bottom-trawl VAST.11"
1986,12,13061210.9538018,"NMFS bottom-trawl VAST",0.5,"12","NMFS bottom-trawl VAST.12"
1986,13,1193259.23935852,"NMFS bottom-trawl VAST",0.5,"13","NMFS bottom-trawl VAST.13"
1986,14,3650682.33241873,"NMFS bottom-trawl VAST",0.5,"14","NMFS bottom-trawl VAST.14"
1986,15,1316721.39707313,"NMFS bottom-trawl VAST",0.5,"15","NMFS bottom-trawl VAST.15"
1987,1,433077096.312524,"NMFS bottom-trawl VAST",0.5,"1","NMFS bottom-trawl VAST.1"
1987,2,607896089.290106,"NMFS bottom-trawl VAST",0.5,"2","NMFS bottom-trawl VAST.2"
1987,3,1037992231.71206,"NMFS bottom-trawl VAST",0.5,"3","NMFS bottom-trawl VAST.3"
1987,4,816459148.988216,"NMFS bottom-trawl VAST",0.5,"4","NMFS bottom-trawl VAST.4"
1987,5,4919708490.87078,"NMFS bottom-trawl VAST",0.5,"5","NMFS bottom-trawl VAST.5"
1987,6,1286789280.46058,"NMFS bottom-trawl VAST",0.5,"6","NMFS bottom-trawl VAST.6"
1987,7,1174027484.40454,"NMFS bottom-trawl VAST",0.5,"7","NMFS bottom-trawl VAST.7"
1987,8,456164234.622306,"NMFS bottom-trawl VAST",0.5,"8","NMFS bottom-trawl VAST.8"
1987,9,1423417545.64153,"NMFS bottom-trawl VAST",0.5,"9","NMFS bottom-trawl VAST.9"
1987,10,224484117.655749,"NMFS bottom-trawl VAST",0.5,"10","NMFS bottom-trawl VAST.10"
1987,11,68795884.6195915,"NMFS bottom-trawl VAST",0.5,"11","NMFS bottom-trawl VAST.11"
1987,12,26159555.7068652,"NMFS bottom-trawl VAST",0.5,"12","NMFS bottom-trawl VAST.12"
1987,13,5178600.72703913,"NMFS bottom-trawl VAST",0.5,"13","NMFS bottom-trawl VAST.13"
1987,14,2543645.53348429,"NMFS bottom-trawl VAST",0.5,"14","NMFS bottom-trawl VAST.14"
1987,15,2283136.60957672,"NMFS bottom-trawl VAST",0.5,"15","NMFS bottom-trawl VAST.15"
1988,1,1397590193.26963,"NMFS bottom-trawl VAST",0.5,"1","NMFS bottom-trawl VAST.1"
1988,2,691085910.935028,"NMFS bottom-trawl VAST",0.5,"2","NMFS bottom-trawl VAST.2"
1988,3,2161540317.83328,"NMFS bottom-trawl VAST",0.5,"3","NMFS bottom-trawl VAST.3"
1988,4,4235125852.20259,"NMFS bottom-trawl VAST",0.5,"4","NMFS bottom-trawl VAST.4"
1988,5,1825703951.71901,"NMFS bottom-trawl VAST",0.5,"5","NMFS bottom-trawl VAST.5"
1988,6,5635259073.62662,"NMFS bottom-trawl VAST",0.5,"6","NMFS bottom-trawl VAST.6"
1988,7,1509778886.05907,"NMFS bottom-trawl VAST",0.5,"7","NMFS bottom-trawl VAST.7"
1988,8,1069206139.71885,"NMFS bottom-trawl VAST",0.5,"8","NMFS bottom-trawl VAST.8"
1988,9,593815706.719048,"NMFS bottom-trawl VAST",0.5,"9","NMFS bottom-trawl VAST.9"
1988,10,1431380336.53408,"NMFS bottom-trawl VAST",0.5,"10","NMFS bottom-trawl VAST.10"
1988,11,137857818.864039,"NMFS bottom-trawl VAST",0.5,"11","NMFS bottom-trawl VAST.11"
1988,12,81105168.8548626,"NMFS bottom-trawl VAST",0.5,"12","NMFS bottom-trawl VAST.12"
1988,13,17997759.3842483,"NMFS bottom-trawl VAST",0.5,"13","NMFS bottom-trawl VAST.13"
1988,14,21749487.7138912,"NMFS bottom-trawl VAST",0.5,"14","NMFS bottom-trawl VAST.14"
1988,15,12821118.0091459,"NMFS bottom-trawl VAST",0.5,"15","NMFS bottom-trawl VAST.15"
1989,1,726770647.521425,"NMFS bottom-trawl VAST",0.5,"1","NMFS bottom-trawl VAST.1"
1989,2,438022899.115674,"NMFS bottom-trawl VAST",0.5,"2","NMFS bottom-trawl VAST.2"
1989,3,770922083.29183,"NMFS bottom-trawl VAST",0.5,"3","NMFS bottom-trawl VAST.3"
1989,4,2453107241.6461,"NMFS bottom-trawl VAST",0.5,"4","NMFS bottom-trawl VAST.4"
1989,5,5437474401.89627,"NMFS bottom-trawl VAST",0.5,"5","NMFS bottom-trawl VAST.5"
1989,6,1024959211.96236,"NMFS bottom-trawl VAST",0.5,"6","NMFS bottom-trawl VAST.6"
1989,7,3617929238.70548,"NMFS bottom-trawl VAST",0.5,"7","NMFS bottom-trawl VAST.7"
1989,8,507770139.911447,"NMFS bottom-trawl VAST",0.5,"8","NMFS bottom-trawl VAST.8"
1989,9,562517192.312477,"NMFS bottom-trawl VAST",0.5,"9","NMFS bottom-trawl VAST.9"
1989,10,210274221.937407,"NMFS bottom-trawl VAST",0.5,"10","NMFS bottom-trawl VAST.10"
1989,11,658677594.933691,"NMFS bottom-trawl VAST",0.5,"11","NMFS bottom-trawl VAST.11"
1989,12,112588282.948158,"NMFS bottom-trawl VAST",0.5,"12","NMFS bottom-trawl VAST.12"
1989,13,100589797.377584,"NMFS bottom-trawl VAST",0.5,"13","NMFS bottom-trawl VAST.13"
1989,14,47076957.0999594,"NMFS bottom-trawl VAST",0.5,"14","NMFS bottom-trawl VAST.14"
1989,15,74184744.3250358,"NMFS bottom-trawl VAST",0.5,"15","NMFS bottom-trawl VAST.15"
1990,1,1751506048.37344,"NMFS bottom-trawl VAST",0.5,"1","NMFS bottom-trawl VAST.1"
1990,2,217575575.101018,"NMFS bottom-trawl VAST",0.5,"2","NMFS bottom-trawl VAST.2"
1990,3,86649835.5953878,"NMFS bottom-trawl VAST",0.5,"3","NMFS bottom-trawl VAST.3"
1990,4,897405970.601148,"NMFS bottom-trawl VAST",0.5,"4","NMFS bottom-trawl VAST.4"
1990,5,2025508793.65453,"NMFS bottom-trawl VAST",0.5,"5","NMFS bottom-trawl VAST.5"
1990,6,6554071374.25409,"NMFS bottom-trawl VAST",0.5,"6","NMFS bottom-trawl VAST.6"
1990,7,1205902419.34686,"NMFS bottom-trawl VAST",0.5,"7","NMFS bottom-trawl VAST.7"
1990,8,2862078979.25295,"NMFS bottom-trawl VAST",0.5,"8","NMFS bottom-trawl VAST.8"
1990,9,270723905.573343,"NMFS bottom-trawl VAST",0.5,"9","NMFS bottom-trawl VAST.9"
1990,10,465804389.991714,"NMFS bottom-trawl VAST",0.5,"10","NMFS bottom-trawl VAST.10"
1990,11,70526775.1315881,"NMFS bottom-trawl VAST",0.5,"11","NMFS bottom-trawl VAST.11"
1990,12,655891972.873751,"NMFS bottom-trawl VAST",0.5,"12","NMFS bottom-trawl VAST.12"
1990,13,56410192.3634537,"NMFS bottom-trawl VAST",0.5,"13","NMFS bottom-trawl VAST.13"
1990,14,41106803.418897,"NMFS bottom-trawl VAST",0.5,"14","NMFS bottom-trawl VAST.14"
1990,15,56549700.7585923,"NMFS bottom-trawl VAST",0.5,"15","NMFS bottom-trawl VAST.15"
1991,1,2695890759.911,"NMFS bottom-trawl VAST",0.5,"1","NMFS bottom-trawl VAST.1"
1991,2,774726383.032702,"NMFS bottom-trawl VAST",0.5,"2","NMFS bottom-trawl VAST.2"
1991,3,298168329.330918,"NMFS bottom-trawl VAST",0.5,"3","NMFS bottom-trawl VAST.3"
1991,4,116441444.697669,"NMFS bottom-trawl VAST",0.5,"4","NMFS bottom-trawl VAST.4"
1991,5,821486059.324511,"NMFS bottom-trawl VAST",0.5,"5","NMFS bottom-trawl VAST.5"
1991,6,702513105.1089,"NMFS bottom-trawl VAST",0.5,"6","NMFS bottom-trawl VAST.6"
1991,7,2098139781.89623,"NMFS bottom-trawl VAST",0.5,"7","NMFS bottom-trawl VAST.7"
1991,8,730082559.264138,"NMFS bottom-trawl VAST",0.5,"8","NMFS bottom-trawl VAST.8"
1991,9,1411212410.59189,"NMFS bottom-trawl VAST",0.5,"9","NMFS bottom-trawl VAST.9"
1991,10,356407426.091049,"NMFS bottom-trawl VAST",0.5,"10","NMFS bottom-trawl VAST.10"
1991,11,476072905.057499,"NMFS bottom-trawl VAST",0.5,"11","NMFS bottom-trawl VAST.11"
1991,12,97621289.6649382,"NMFS bottom-trawl VAST",0.5,"12","NMFS bottom-trawl VAST.12"
1991,13,285946316.970986,"NMFS bottom-trawl VAST",0.5,"13","NMFS bottom-trawl VAST.13"
1991,14,43431060.5563606,"NMFS bottom-trawl VAST",0.5,"14","NMFS bottom-trawl VAST.14"
1991,15,49369678.2332401,"NMFS bottom-trawl VAST",0.5,"15","NMFS bottom-trawl VAST.15"
1992,1,1559539628.99115,"NMFS bottom-trawl VAST",0.5,"1","NMFS bottom-trawl VAST.1"
1992,2,437964224.494839,"NMFS bottom-trawl VAST",0.5,"2","NMFS bottom-trawl VAST.2"
1992,3,2930279913.76451,"NMFS bottom-trawl VAST",0.5,"3","NMFS bottom-trawl VAST.3"
1992,4,436113830.456338,"NMFS bottom-trawl VAST",0.5,"4","NMFS bottom-trawl VAST.4"
1992,5,525682413.462775,"NMFS bottom-trawl VAST",0.5,"5","NMFS bottom-trawl VAST.5"
1992,6,851060356.839542,"NMFS bottom-trawl VAST",0.5,"6","NMFS bottom-trawl VAST.6"
1992,7,757485826.709126,"NMFS bottom-trawl VAST",0.5,"7","NMFS bottom-trawl VAST.7"
1992,8,1055447234.63159,"NMFS bottom-trawl VAST",0.5,"8","NMFS bottom-trawl VAST.8"
1992,9,453693137.171522,"NMFS bottom-trawl VAST",0.5,"9","NMFS bottom-trawl VAST.9"
1992,10,838845916.617477,"NMFS bottom-trawl VAST",0.5,"10","NMFS bottom-trawl VAST.10"
1992,11,288914008.594759,"NMFS bottom-trawl VAST",0.5,"11","NMFS bottom-trawl VAST.11"
1992,12,359091300.536129,"NMFS bottom-trawl VAST",0.5,"12","NMFS bottom-trawl VAST.12"
1992,13,153185173.245517,"NMFS bottom-trawl VAST",0.5,"13","NMFS bottom-trawl VAST.13"
1992,14,120596213.845715,"NMFS bottom-trawl VAST",0.5,"14","NMFS bottom-trawl VAST.14"
1992,15,96529043.7494524,"NMFS bottom-trawl VAST",0.5,"15","NMFS bottom-trawl VAST.15"
1993,1,2563149722.71425,"NMFS bottom-trawl VAST",0.5,"1","NMFS bottom-trawl VAST.1"
1993,2,423133497.841281,"NMFS bottom-trawl VAST",0.5,"2","NMFS bottom-trawl VAST.2"
1993,3,1099547764.09446,"NMFS bottom-trawl VAST",0.5,"3","NMFS bottom-trawl VAST.3"
1993,4,4896415311.89706,"NMFS bottom-trawl VAST",0.5,"4","NMFS bottom-trawl VAST.4"
1993,5,1018740996.67771,"NMFS bottom-trawl VAST",0.5,"5","NMFS bottom-trawl VAST.5"
1993,6,774503608.791328,"NMFS bottom-trawl VAST",0.5,"6","NMFS bottom-trawl VAST.6"
1993,7,386915744.552086,"NMFS bottom-trawl VAST",0.5,"7","NMFS bottom-trawl VAST.7"
1993,8,507238674.870931,"NMFS bottom-trawl VAST",0.5,"8","NMFS bottom-trawl VAST.8"
1993,9,642498161.119026,"NMFS bottom-trawl VAST",0.5,"9","NMFS bottom-trawl VAST.9"
1993,10,392278417.099569,"NMFS bottom-trawl VAST",0.5,"10","NMFS bottom-trawl VAST.10"
1993,11,339289329.980314,"NMFS bottom-trawl VAST",0.5,"11","NMFS bottom-trawl VAST.11"
1993,12,245994364.299428,"NMFS bottom-trawl VAST",0.5,"12","NMFS bottom-trawl VAST.12"
1993,13,196057801.483003,"NMFS bottom-trawl VAST",0.5,"13","NMFS bottom-trawl VAST.13"
1993,14,106949154.199151,"NMFS bottom-trawl VAST",0.5,"14","NMFS bottom-trawl VAST.14"
1993,15,129460073.284596,"NMFS bottom-trawl VAST",0.5,"15","NMFS bottom-trawl VAST.15"
1994,1,1328747612.99106,"NMFS bottom-trawl VAST",0.5,"1","NMFS bottom-trawl VAST.1"
1994,2,591003898.781434,"NMFS bottom-trawl VAST",0.5,"2","NMFS bottom-trawl VAST.2"
1994,3,433472415.046391,"NMFS bottom-trawl VAST",0.5,"3","NMFS bottom-trawl VAST.3"
1994,4,1682773808.33577,"NMFS bottom-trawl VAST",0.5,"4","NMFS bottom-trawl VAST.4"
1994,5,4900039095.54256,"NMFS bottom-trawl VAST",0.5,"5","NMFS bottom-trawl VAST.5"
1994,6,796733042.172634,"NMFS bottom-trawl VAST",0.5,"6","NMFS bottom-trawl VAST.6"
1994,7,191460434.469229,"NMFS bottom-trawl VAST",0.5,"7","NMFS bottom-trawl VAST.7"
1994,8,147656222.756767,"NMFS bottom-trawl VAST",0.5,"8","NMFS bottom-trawl VAST.8"
1994,9,159663769.54132,"NMFS bottom-trawl VAST",0.5,"9","NMFS bottom-trawl VAST.9"
1994,10,294966395.742003,"NMFS bottom-trawl VAST",0.5,"10","NMFS bottom-trawl VAST.10"
1994,11,179984621.665608,"NMFS bottom-trawl VAST",0.5,"11","NMFS bottom-trawl VAST.11"
1994,12,248937124.917905,"NMFS bottom-trawl VAST",0.5,"12","NMFS bottom-trawl VAST.12"
1994,13,94891635.0053551,"NMFS bottom-trawl VAST",0.5,"13","NMFS bottom-trawl VAST.13"
1994,14,93064916.9155611,"NMFS bottom-trawl VAST",0.5,"14","NMFS bottom-trawl VAST.14"
1994,15,156559807.791228,"NMFS bottom-trawl VAST",0.5,"15","NMFS bottom-trawl VAST.15"
1995,1,992936651.905524,"NMFS bottom-trawl VAST",0.5,"1","NMFS bottom-trawl VAST.1"
1995,2,132816543.588695,"NMFS bottom-trawl VAST",0.5,"2","NMFS bottom-trawl VAST.2"
1995,3,292665766.040842,"NMFS bottom-trawl VAST",0.5,"3","NMFS bottom-trawl VAST.3"
1995,4,1230406492.3413,"NMFS bottom-trawl VAST",0.5,"4","NMFS bottom-trawl VAST.4"
1995,5,1797517457.44803,"NMFS bottom-trawl VAST",0.5,"5","NMFS bottom-trawl VAST.5"
1995,6,3133760520.18868,"NMFS bottom-trawl VAST",0.5,"6","NMFS bottom-trawl VAST.6"
1995,7,1149365577.67872,"NMFS bottom-trawl VAST",0.5,"7","NMFS bottom-trawl VAST.7"
1995,8,248438863.376481,"NMFS bottom-trawl VAST",0.5,"8","NMFS bottom-trawl VAST.8"
1995,9,144411153.531924,"NMFS bottom-trawl VAST",0.5,"9","NMFS bottom-trawl VAST.9"
1995,10,90878367.1530236,"NMFS bottom-trawl VAST",0.5,"10","NMFS bottom-trawl VAST.10"
1995,11,166912220.182034,"NMFS bottom-trawl VAST",0.5,"11","NMFS bottom-trawl VAST.11"
1995,12,67609622.2207862,"NMFS bottom-trawl VAST",0.5,"12","NMFS bottom-trawl VAST.12"
1995,13,123744650.526611,"NMFS bottom-trawl VAST",0.5,"13","NMFS bottom-trawl VAST.13"
1995,14,50425809.3719752,"NMFS bottom-trawl VAST",0.5,"14","NMFS bottom-trawl VAST.14"
1995,15,79683802.0211296,"NMFS bottom-trawl VAST",0.5,"15","NMFS bottom-trawl VAST.15"
1996,1,1664964223.07098,"NMFS bottom-trawl VAST",0.5,"1","NMFS bottom-trawl VAST.1"
1996,2,365420948.561796,"NMFS bottom-trawl VAST",0.5,"2","NMFS bottom-trawl VAST.2"
1996,3,170518005.578733,"NMFS bottom-trawl VAST",0.5,"3","NMFS bottom-trawl VAST.3"
1996,4,349000174.653809,"NMFS bottom-trawl VAST",0.5,"4","NMFS bottom-trawl VAST.4"
1996,5,970409502.578203,"NMFS bottom-trawl VAST",0.5,"5","NMFS bottom-trawl VAST.5"
1996,6,1288025859.74163,"NMFS bottom-trawl VAST",0.5,"6","NMFS bottom-trawl VAST.6"
1996,7,1100581024.53128,"NMFS bottom-trawl VAST",0.5,"7","NMFS bottom-trawl VAST.7"
1996,8,362748552.086127,"NMFS bottom-trawl VAST",0.5,"8","NMFS bottom-trawl VAST.8"
1996,9,87775410.5204601,"NMFS bottom-trawl VAST",0.5,"9","NMFS bottom-trawl VAST.9"
1996,10,94989858.189309,"NMFS bottom-trawl VAST",0.5,"10","NMFS bottom-trawl VAST.10"
1996,11,63436987.2133169,"NMFS bottom-trawl VAST",0.5,"11","NMFS bottom-trawl VAST.11"
1996,12,121201604.062007,"NMFS bottom-trawl VAST",0.5,"12","NMFS bottom-trawl VAST.12"
1996,13,40702235.6057617,"NMFS bottom-trawl VAST",0.5,"13","NMFS bottom-trawl VAST.13"
1996,14,72892346.5633078,"NMFS bottom-trawl VAST",0.5,"14","NMFS bottom-trawl VAST.14"
1996,15,105294939.486899,"NMFS bottom-trawl VAST",0.5,"15","NMFS bottom-trawl VAST.15"
1997,1,1794526519.01303,"NMFS bottom-trawl VAST",0.5,"1","NMFS bottom-trawl VAST.1"
1997,2,312128942.314847,"NMFS bottom-trawl VAST",0.5,"2","NMFS bottom-trawl VAST.2"
1997,3,169493562.359628,"NMFS bottom-trawl VAST",0.5,"3","NMFS bottom-trawl VAST.3"
1997,4,206704346.139891,"NMFS bottom-trawl VAST",0.5,"4","NMFS bottom-trawl VAST.4"
1997,5,2368450516.73915,"NMFS bottom-trawl VAST",0.5,"5","NMFS bottom-trawl VAST.5"
1997,6,1086238265.05214,"NMFS bottom-trawl VAST",0.5,"6","NMFS bottom-trawl VAST.6"
1997,7,637977303.541352,"NMFS bottom-trawl VAST",0.5,"7","NMFS bottom-trawl VAST.7"
1997,8,820526876.755702,"NMFS bottom-trawl VAST",0.5,"8","NMFS bottom-trawl VAST.8"
1997,9,141749641.496947,"NMFS bottom-trawl VAST",0.5,"9","NMFS bottom-trawl VAST.9"
1997,10,71343180.3213405,"NMFS bottom-trawl VAST",0.5,"10","NMFS bottom-trawl VAST.10"
1997,11,51761134.2430662,"NMFS bottom-trawl VAST",0.5,"11","NMFS bottom-trawl VAST.11"
1997,12,55490655.1733196,"NMFS bottom-trawl VAST",0.5,"12","NMFS bottom-trawl VAST.12"
1997,13,94532532.1443901,"NMFS bottom-trawl VAST",0.5,"13","NMFS bottom-trawl VAST.13"
1997,14,30278848.3841602,"NMFS bottom-trawl VAST",0.5,"14","NMFS bottom-trawl VAST.14"
1997,15,113044851.275816,"NMFS bottom-trawl VAST",0.5,"15","NMFS bottom-trawl VAST.15"
1998,1,716304930.505198,"NMFS bottom-trawl VAST",0.5,"1","NMFS bottom-trawl VAST.1"
1998,2,566000183.484762,"NMFS bottom-trawl VAST",0.5,"2","NMFS bottom-trawl VAST.2"
1998,3,305070103.556787,"NMFS bottom-trawl VAST",0.5,"3","NMFS bottom-trawl VAST.3"
1998,4,219308365.54731,"NMFS bottom-trawl VAST",0.5,"4","NMFS bottom-trawl VAST.4"
1998,5,457744490.376664,"NMFS bottom-trawl VAST",0.5,"5","NMFS bottom-trawl VAST.5"
1998,6,2514459658.65883,"NMFS bottom-trawl VAST",0.5,"6","NMFS bottom-trawl VAST.6"
1998,7,644451377.189403,"NMFS bottom-trawl VAST",0.5,"7","NMFS bottom-trawl VAST.7"
1998,8,390114962.183479,"NMFS bottom-trawl VAST",0.5,"8","NMFS bottom-trawl VAST.8"
1998,9,296216743.110869,"NMFS bottom-trawl VAST",0.5,"9","NMFS bottom-trawl VAST.9"
1998,10,76143092.507916,"NMFS bottom-trawl VAST",0.5,"10","NMFS bottom-trawl VAST.10"
1998,11,33593259.306815,"NMFS bottom-trawl VAST",0.5,"11","NMFS bottom-trawl VAST.11"
1998,12,11503104.5324725,"NMFS bottom-trawl VAST",0.5,"12","NMFS bottom-trawl VAST.12"
1998,13,26214705.490936,"NMFS bottom-trawl VAST",0.5,"13","NMFS bottom-trawl VAST.13"
1998,14,28241182.7546596,"NMFS bottom-trawl VAST",0.5,"14","NMFS bottom-trawl VAST.14"
1998,15,68181427.9735555,"NMFS bottom-trawl VAST",0.5,"15","NMFS bottom-trawl VAST.15"
1999,1,884501738.85715,"NMFS bottom-trawl VAST",0.5,"1","NMFS bottom-trawl VAST.1"
1999,2,992750420.190622,"NMFS bottom-trawl VAST",0.5,"2","NMFS bottom-trawl VAST.2"
1999,3,1157520964.85136,"NMFS bottom-trawl VAST",0.5,"3","NMFS bottom-trawl VAST.3"
1999,4,1100745577.09993,"NMFS bottom-trawl VAST",0.5,"4","NMFS bottom-trawl VAST.4"
1999,5,610957501.202963,"NMFS bottom-trawl VAST",0.5,"5","NMFS bottom-trawl VAST.5"
1999,6,1124402480.8191,"NMFS bottom-trawl VAST",0.5,"6","NMFS bottom-trawl VAST.6"
1999,7,2631618006.97038,"NMFS bottom-trawl VAST",0.5,"7","NMFS bottom-trawl VAST.7"
1999,8,675228030.619794,"NMFS bottom-trawl VAST",0.5,"8","NMFS bottom-trawl VAST.8"
1999,9,321371257.676978,"NMFS bottom-trawl VAST",0.5,"9","NMFS bottom-trawl VAST.9"
1999,10,296877694.502344,"NMFS bottom-trawl VAST",0.5,"10","NMFS bottom-trawl VAST.10"
1999,11,110982939.034221,"NMFS bottom-trawl VAST",0.5,"11","NMFS bottom-trawl VAST.11"
1999,12,47035505.5444666,"NMFS bottom-trawl VAST",0.5,"12","NMFS bottom-trawl VAST.12"
1999,13,19198402.7622338,"NMFS bottom-trawl VAST",0.5,"13","NMFS bottom-trawl VAST.13"
1999,14,28383884.4940694,"NMFS bottom-trawl VAST",0.5,"14","NMFS bottom-trawl VAST.14"
1999,15,102189501.82741,"NMFS bottom-trawl VAST",0.5,"15","NMFS bottom-trawl VAST.15"
2000,1,904727932.101987,"NMFS bottom-trawl VAST",0.5,"1","NMFS bottom-trawl VAST.1"
2000,2,325163353.745897,"NMFS bottom-trawl VAST",0.5,"2","NMFS bottom-trawl VAST.2"
2000,3,598327827.869174,"NMFS bottom-trawl VAST",0.5,"3","NMFS bottom-trawl VAST.3"
2000,4,1861666582.15825,"NMFS bottom-trawl VAST",0.5,"4","NMFS bottom-trawl VAST.4"
2000,5,1869913211.83783,"NMFS bottom-trawl VAST",0.5,"5","NMFS bottom-trawl VAST.5"
2000,6,1038145530.20421,"NMFS bottom-trawl VAST",0.5,"6","NMFS bottom-trawl VAST.6"
2000,7,825708773.820376,"NMFS bottom-trawl VAST",0.5,"7","NMFS bottom-trawl VAST.7"
2000,8,2506467730.90498,"NMFS bottom-trawl VAST",0.5,"8","NMFS bottom-trawl VAST.8"
2000,9,949126114.949551,"NMFS bottom-trawl VAST",0.5,"9","NMFS bottom-trawl VAST.9"
2000,10,495359407.892152,"NMFS bottom-trawl VAST",0.5,"10","NMFS bottom-trawl VAST.10"
2000,11,212099141.856851,"NMFS bottom-trawl VAST",0.5,"11","NMFS bottom-trawl VAST.11"
2000,12,135781540.541514,"NMFS bottom-trawl VAST",0.5,"12","NMFS bottom-trawl VAST.12"
2000,13,42558234.4506744,"NMFS bottom-trawl VAST",0.5,"13","NMFS bottom-trawl VAST.13"
2000,14,19288970.9234452,"NMFS bottom-trawl VAST",0.5,"14","NMFS bottom-trawl VAST.14"
2000,15,85719348.0170394,"NMFS bottom-trawl VAST",0.5,"15","NMFS bottom-trawl VAST.15"
2001,1,1875681365.48585,"NMFS bottom-trawl VAST",0.5,"1","NMFS bottom-trawl VAST.1"
2001,2,1154032394.02491,"NMFS bottom-trawl VAST",0.5,"2","NMFS bottom-trawl VAST.2"
2001,3,685213277.327593,"NMFS bottom-trawl VAST",0.5,"3","NMFS bottom-trawl VAST.3"
2001,4,663494074.948569,"NMFS bottom-trawl VAST",0.5,"4","NMFS bottom-trawl VAST.4"
2001,5,1594842472.89853,"NMFS bottom-trawl VAST",0.5,"5","NMFS bottom-trawl VAST.5"
2001,6,1563380880.86253,"NMFS bottom-trawl VAST",0.5,"6","NMFS bottom-trawl VAST.6"
2001,7,651325645.36644,"NMFS bottom-trawl VAST",0.5,"7","NMFS bottom-trawl VAST.7"
2001,8,316532157.885034,"NMFS bottom-trawl VAST",0.5,"8","NMFS bottom-trawl VAST.8"
2001,9,939933979.62942,"NMFS bottom-trawl VAST",0.5,"9","NMFS bottom-trawl VAST.9"
2001,10,671763809.876562,"NMFS bottom-trawl VAST",0.5,"10","NMFS bottom-trawl VAST.10"
2001,11,255905952.653916,"NMFS bottom-trawl VAST",0.5,"11","NMFS bottom-trawl VAST.11"
2001,12,199539831.42956,"NMFS bottom-trawl VAST",0.5,"12","NMFS bottom-trawl VAST.12"
2001,13,69185322.8617676,"NMFS bottom-trawl VAST",0.5,"13","NMFS bottom-trawl VAST.13"
2001,14,28690685.8268418,"NMFS bottom-trawl VAST",0.5,"14","NMFS bottom-trawl VAST.14"
2001,15,76306090.4523636,"NMFS bottom-trawl VAST",0.5,"15","NMFS bottom-trawl VAST.15"
2002,1,1307464769.68274,"NMFS bottom-trawl VAST",0.5,"1","NMFS bottom-trawl VAST.1"
2002,2,378546163.252034,"NMFS bottom-trawl VAST",0.5,"2","NMFS bottom-trawl VAST.2"
2002,3,762677135.926624,"NMFS bottom-trawl VAST",0.5,"3","NMFS bottom-trawl VAST.3"
2002,4,1188685593.59606,"NMFS bottom-trawl VAST",0.5,"4","NMFS bottom-trawl VAST.4"
2002,5,1311271184.70227,"NMFS bottom-trawl VAST",0.5,"5","NMFS bottom-trawl VAST.5"
2002,6,1698866006.08091,"NMFS bottom-trawl VAST",0.5,"6","NMFS bottom-trawl VAST.6"
2002,7,848007129.56775,"NMFS bottom-trawl VAST",0.5,"7","NMFS bottom-trawl VAST.7"
2002,8,409976639.859836,"NMFS bottom-trawl VAST",0.5,"8","NMFS bottom-trawl VAST.8"
2002,9,548813995.338336,"NMFS bottom-trawl VAST",0.5,"9","NMFS bottom-trawl VAST.9"
2002,10,1023664132.05354,"NMFS bottom-trawl VAST",0.5,"10","NMFS bottom-trawl VAST.10"
2002,11,510236418.519739,"NMFS bottom-trawl VAST",0.5,"11","NMFS bottom-trawl VAST.11"
2002,12,234727189.291545,"NMFS bottom-trawl VAST",0.5,"12","NMFS bottom-trawl VAST.12"
2002,13,139896572.945291,"NMFS bottom-trawl VAST",0.5,"13","NMFS bottom-trawl VAST.13"
2002,14,44169568.9264343,"NMFS bottom-trawl VAST",0.5,"14","NMFS bottom-trawl VAST.14"
2002,15,52255271.5336177,"NMFS bottom-trawl VAST",0.5,"15","NMFS bottom-trawl VAST.15"
2003,1,617613890.413284,"NMFS bottom-trawl VAST",0.5,"1","NMFS bottom-trawl VAST.1"
2003,2,178625550.263875,"NMFS bottom-trawl VAST",0.5,"2","NMFS bottom-trawl VAST.2"
2003,3,1147597174.02057,"NMFS bottom-trawl VAST",0.5,"3","NMFS bottom-trawl VAST.3"
2003,4,1967688490.24677,"NMFS bottom-trawl VAST",0.5,"4","NMFS bottom-trawl VAST.4"
2003,5,2324889529.57477,"NMFS bottom-trawl VAST",0.5,"5","NMFS bottom-trawl VAST.5"
2003,6,1937493273.68567,"NMFS bottom-trawl VAST",0.5,"6","NMFS bottom-trawl VAST.6"
2003,7,2430728918.23588,"NMFS bottom-trawl VAST",0.5,"7","NMFS bottom-trawl VAST.7"
2003,8,1255521565.83852,"NMFS bottom-trawl VAST",0.5,"8","NMFS bottom-trawl VAST.8"
2003,9,523219283.478149,"NMFS bottom-trawl VAST",0.5,"9","NMFS bottom-trawl VAST.9"
2003,10,683993765.071182,"NMFS bottom-trawl VAST",0.5,"10","NMFS bottom-trawl VAST.10"
2003,11,1331752172.08822,"NMFS bottom-trawl VAST",0.5,"11","NMFS bottom-trawl VAST.11"
2003,12,602520108.434932,"NMFS bottom-trawl VAST",0.5,"12","NMFS bottom-trawl VAST.12"
2003,13,249749719.410674,"NMFS bottom-trawl VAST",0.5,"13","NMFS bottom-trawl VAST.13"
2003,14,102762130.929363,"NMFS bottom-trawl VAST",0.5,"14","NMFS bottom-trawl VAST.14"
2003,15,109691386.376677,"NMFS bottom-trawl VAST",0.5,"15","NMFS bottom-trawl VAST.15"
2004,1,381965549.134857,"NMFS bottom-trawl VAST",0.5,"1","NMFS bottom-trawl VAST.1"
2004,2,255958778.623068,"NMFS bottom-trawl VAST",0.5,"2","NMFS bottom-trawl VAST.2"
2004,3,181542899.544791,"NMFS bottom-trawl VAST",0.5,"3","NMFS bottom-trawl VAST.3"
2004,4,1552801137.20426,"NMFS bottom-trawl VAST",0.5,"4","NMFS bottom-trawl VAST.4"
2004,5,1528193785.07537,"NMFS bottom-trawl VAST",0.5,"5","NMFS bottom-trawl VAST.5"
2004,6,1132669710.24456,"NMFS bottom-trawl VAST",0.5,"6","NMFS bottom-trawl VAST.6"
2004,7,632324182.093525,"NMFS bottom-trawl VAST",0.5,"7","NMFS bottom-trawl VAST.7"
2004,8,667831810.340092,"NMFS bottom-trawl VAST",0.5,"8","NMFS bottom-trawl VAST.8"
2004,9,330435194.184055,"NMFS bottom-trawl VAST",0.5,"9","NMFS bottom-trawl VAST.9"
2004,10,208532451.71683,"NMFS bottom-trawl VAST",0.5,"10","NMFS bottom-trawl VAST.10"
2004,11,208661239.765539,"NMFS bottom-trawl VAST",0.5,"11","NMFS bottom-trawl VAST.11"
2004,12,382445932.190269,"NMFS bottom-trawl VAST",0.5,"12","NMFS bottom-trawl VAST.12"
2004,13,169518454.114348,"NMFS bottom-trawl VAST",0.5,"13","NMFS bottom-trawl VAST.13"
2004,14,43822543.1926223,"NMFS bottom-trawl VAST",0.5,"14","NMFS bottom-trawl VAST.14"
2004,15,36743849.2326712,"NMFS bottom-trawl VAST",0.5,"15","NMFS bottom-trawl VAST.15"
2005,1,405721965.998988,"NMFS bottom-trawl VAST",0.5,"1","NMFS bottom-trawl VAST.1"
2005,2,149303781.246825,"NMFS bottom-trawl VAST",0.5,"2","NMFS bottom-trawl VAST.2"
2005,3,222617232.680979,"NMFS bottom-trawl VAST",0.5,"3","NMFS bottom-trawl VAST.3"
2005,4,1117996361.44148,"NMFS bottom-trawl VAST",0.5,"4","NMFS bottom-trawl VAST.4"
2005,5,3278294029.75745,"NMFS bottom-trawl VAST",0.5,"5","NMFS bottom-trawl VAST.5"
2005,6,2205364413.76108,"NMFS bottom-trawl VAST",0.5,"6","NMFS bottom-trawl VAST.6"
2005,7,1154459064.45065,"NMFS bottom-trawl VAST",0.5,"7","NMFS bottom-trawl VAST.7"
2005,8,460429414.816861,"NMFS bottom-trawl VAST",0.5,"8","NMFS bottom-trawl VAST.8"
2005,9,391682432.854129,"NMFS bottom-trawl VAST",0.5,"9","NMFS bottom-trawl VAST.9"
2005,10,273548358.957755,"NMFS bottom-trawl VAST",0.5,"10","NMFS bottom-trawl VAST.10"
2005,11,79323975.8708136,"NMFS bottom-trawl VAST",0.5,"11","NMFS bottom-trawl VAST.11"
2005,12,161962880.857798,"NMFS bottom-trawl VAST",0.5,"12","NMFS bottom-trawl VAST.12"
2005,13,268945952.768259,"NMFS bottom-trawl VAST",0.5,"13","NMFS bottom-trawl VAST.13"
2005,14,106858399.053609,"NMFS bottom-trawl VAST",0.5,"14","NMFS bottom-trawl VAST.14"
2005,15,115740083.423593,"NMFS bottom-trawl VAST",0.5,"15","NMFS bottom-trawl VAST.15"
2006,1,709583162.349664,"NMFS bottom-trawl VAST",0.5,"1","NMFS bottom-trawl VAST.1"
2006,2,65653221.352724,"NMFS bottom-trawl VAST",0.5,"2","NMFS bottom-trawl VAST.2"
2006,3,98741008.4520355,"NMFS bottom-trawl VAST",0.5,"3","NMFS bottom-trawl VAST.3"
2006,4,451151455.594719,"NMFS bottom-trawl VAST",0.5,"4","NMFS bottom-trawl VAST.4"
2006,5,1217990404.93594,"NMFS bottom-trawl VAST",0.5,"5","NMFS bottom-trawl VAST.5"
2006,6,1431191693.10218,"NMFS bottom-trawl VAST",0.5,"6","NMFS bottom-trawl VAST.6"
2006,7,840936373.850929,"NMFS bottom-trawl VAST",0.5,"7","NMFS bottom-trawl VAST.7"
2006,8,382929004.528323,"NMFS bottom-trawl VAST",0.5,"8","NMFS bottom-trawl VAST.8"
2006,9,212600592.388158,"NMFS bottom-trawl VAST",0.5,"9","NMFS bottom-trawl VAST.9"
2006,10,177364275.546629,"NMFS bottom-trawl VAST",0.5,"10","NMFS bottom-trawl VAST.10"
2006,11,85265183.3539181,"NMFS bottom-trawl VAST",0.5,"11","NMFS bottom-trawl VAST.11"
2006,12,52901806.4775247,"NMFS bottom-trawl VAST",0.5,"12","NMFS bottom-trawl VAST.12"
2006,13,75881586.2160746,"NMFS bottom-trawl VAST",0.5,"13","NMFS bottom-trawl VAST.13"
2006,14,102291757.756637,"NMFS bottom-trawl VAST",0.5,"14","NMFS bottom-trawl VAST.14"
2006,15,105200736.78708,"NMFS bottom-trawl VAST",0.5,"15","NMFS bottom-trawl VAST.15"
2007,1,2164498851.8625,"NMFS bottom-trawl VAST",0.5,"1","NMFS bottom-trawl VAST.1"
2007,2,53674710.2434472,"NMFS bottom-trawl VAST",0.5,"2","NMFS bottom-trawl VAST.2"
2007,3,175027223.777675,"NMFS bottom-trawl VAST",0.5,"3","NMFS bottom-trawl VAST.3"
2007,4,559776745.214859,"NMFS bottom-trawl VAST",0.5,"4","NMFS bottom-trawl VAST.4"
2007,5,1756031044.52865,"NMFS bottom-trawl VAST",0.5,"5","NMFS bottom-trawl VAST.5"
2007,6,1985541309.87885,"NMFS bottom-trawl VAST",0.5,"6","NMFS bottom-trawl VAST.6"
2007,7,1324152459.42812,"NMFS bottom-trawl VAST",0.5,"7","NMFS bottom-trawl VAST.7"
2007,8,923008469.001678,"NMFS bottom-trawl VAST",0.5,"8","NMFS bottom-trawl VAST.8"
2007,9,366060711.818992,"NMFS bottom-trawl VAST",0.5,"9","NMFS bottom-trawl VAST.9"
2007,10,157002417.80335,"NMFS bottom-trawl VAST",0.5,"10","NMFS bottom-trawl VAST.10"
2007,11,137630466.648896,"NMFS bottom-trawl VAST",0.5,"11","NMFS bottom-trawl VAST.11"
2007,12,124507338.02625,"NMFS bottom-trawl VAST",0.5,"12","NMFS bottom-trawl VAST.12"
2007,13,56761856.9415042,"NMFS bottom-trawl VAST",0.5,"13","NMFS bottom-trawl VAST.13"
2007,14,68726709.9839381,"NMFS bottom-trawl VAST",0.5,"14","NMFS bottom-trawl VAST.14"
2007,15,142229742.343178,"NMFS bottom-trawl VAST",0.5,"15","NMFS bottom-trawl VAST.15"
2008,1,415031407.200967,"NMFS bottom-trawl VAST",0.5,"1","NMFS bottom-trawl VAST.1"
2008,2,101490626.735383,"NMFS bottom-trawl VAST",0.5,"2","NMFS bottom-trawl VAST.2"
2008,3,112675977.031387,"NMFS bottom-trawl VAST",0.5,"3","NMFS bottom-trawl VAST.3"
2008,4,218016437.0247,"NMFS bottom-trawl VAST",0.5,"4","NMFS bottom-trawl VAST.4"
2008,5,647035246.270266,"NMFS bottom-trawl VAST",0.5,"5","NMFS bottom-trawl VAST.5"
2008,6,1282265349.09549,"NMFS bottom-trawl VAST",0.5,"6","NMFS bottom-trawl VAST.6"
2008,7,934551696.988247,"NMFS bottom-trawl VAST",0.5,"7","NMFS bottom-trawl VAST.7"
2008,8,584225291.010042,"NMFS bottom-trawl VAST",0.5,"8","NMFS bottom-trawl VAST.8"
2008,9,355480854.299564,"NMFS bottom-trawl VAST",0.5,"9","NMFS bottom-trawl VAST.9"
2008,10,129129087.221371,"NMFS bottom-trawl VAST",0.5,"10","NMFS bottom-trawl VAST.10"
2008,11,105414073.467842,"NMFS bottom-trawl VAST",0.5,"11","NMFS bottom-trawl VAST.11"
2008,12,79068534.1933689,"NMFS bottom-trawl VAST",0.5,"12","NMFS bottom-trawl VAST.12"
2008,13,35851968.7533371,"NMFS bottom-trawl VAST",0.5,"13","NMFS bottom-trawl VAST.13"
2008,14,19882892.1643278,"NMFS bottom-trawl VAST",0.5,"14","NMFS bottom-trawl VAST.14"
2008,15,130168215.082303,"NMFS bottom-trawl VAST",0.5,"15","NMFS bottom-trawl VAST.15"
2009,1,631044395.258676,"NMFS bottom-trawl VAST",0.5,"1","NMFS bottom-trawl VAST.1"
2009,2,157850546.928898,"NMFS bottom-trawl VAST",0.5,"2","NMFS bottom-trawl VAST.2"
2009,3,324479428.86571,"NMFS bottom-trawl VAST",0.5,"3","NMFS bottom-trawl VAST.3"
2009,4,367059842.09152,"NMFS bottom-trawl VAST",0.5,"4","NMFS bottom-trawl VAST.4"
2009,5,249012211.69997,"NMFS bottom-trawl VAST",0.5,"5","NMFS bottom-trawl VAST.5"
2009,6,375722419.262042,"NMFS bottom-trawl VAST",0.5,"6","NMFS bottom-trawl VAST.6"
2009,7,530562425.371268,"NMFS bottom-trawl VAST",0.5,"7","NMFS bottom-trawl VAST.7"
2009,8,403297798.744535,"NMFS bottom-trawl VAST",0.5,"8","NMFS bottom-trawl VAST.8"
2009,9,288804056.779774,"NMFS bottom-trawl VAST",0.5,"9","NMFS bottom-trawl VAST.9"
2009,10,131531090.926445,"NMFS bottom-trawl VAST",0.5,"10","NMFS bottom-trawl VAST.10"
2009,11,82744169.393726,"NMFS bottom-trawl VAST",0.5,"11","NMFS bottom-trawl VAST.11"
2009,12,26214039.099546,"NMFS bottom-trawl VAST",0.5,"12","NMFS bottom-trawl VAST.12"
2009,13,26352518.5258412,"NMFS bottom-trawl VAST",0.5,"13","NMFS bottom-trawl VAST.13"
2009,14,13587466.3388361,"NMFS bottom-trawl VAST",0.5,"14","NMFS bottom-trawl VAST.14"
2009,15,59180321.1781898,"NMFS bottom-trawl VAST",0.5,"15","NMFS bottom-trawl VAST.15"
2010,1,440148632.132539,"NMFS bottom-trawl VAST",0.5,"1","NMFS bottom-trawl VAST.1"
2010,2,123451667.791458,"NMFS bottom-trawl VAST",0.5,"2","NMFS bottom-trawl VAST.2"
2010,3,279398537.217192,"NMFS bottom-trawl VAST",0.5,"3","NMFS bottom-trawl VAST.3"
2010,4,3713878532.54639,"NMFS bottom-trawl VAST",0.5,"4","NMFS bottom-trawl VAST.4"
2010,5,1529810666.22411,"NMFS bottom-trawl VAST",0.5,"5","NMFS bottom-trawl VAST.5"
2010,6,429610981.117059,"NMFS bottom-trawl VAST",0.5,"6","NMFS bottom-trawl VAST.6"
2010,7,343183563.524521,"NMFS bottom-trawl VAST",0.5,"7","NMFS bottom-trawl VAST.7"
2010,8,351053892.7948,"NMFS bottom-trawl VAST",0.5,"8","NMFS bottom-trawl VAST.8"
2010,9,351846336.226626,"NMFS bottom-trawl VAST",0.5,"9","NMFS bottom-trawl VAST.9"
2010,10,241022439.969401,"NMFS bottom-trawl VAST",0.5,"10","NMFS bottom-trawl VAST.10"
2010,11,205131302.829987,"NMFS bottom-trawl VAST",0.5,"11","NMFS bottom-trawl VAST.11"
2010,12,74647984.5954397,"NMFS bottom-trawl VAST",0.5,"12","NMFS bottom-trawl VAST.12"
2010,13,44591270.6190481,"NMFS bottom-trawl VAST",0.5,"13","NMFS bottom-trawl VAST.13"
2010,14,26392973.0801825,"NMFS bottom-trawl VAST",0.5,"14","NMFS bottom-trawl VAST.14"
2010,15,61335738.3976429,"NMFS bottom-trawl VAST",0.5,"15","NMFS bottom-trawl VAST.15"
2011,1,1264449886.64387,"NMFS bottom-trawl VAST",0.5,"1","NMFS bottom-trawl VAST.1"
2011,2,133272622.947112,"NMFS bottom-trawl VAST",0.5,"2","NMFS bottom-trawl VAST.2"
2011,3,335165547.373222,"NMFS bottom-trawl VAST",0.5,"3","NMFS bottom-trawl VAST.3"
2011,4,417161827.486121,"NMFS bottom-trawl VAST",0.5,"4","NMFS bottom-trawl VAST.4"
2011,5,2106894304.75395,"NMFS bottom-trawl VAST",0.5,"5","NMFS bottom-trawl VAST.5"
2011,6,1020525198.29699,"NMFS bottom-trawl VAST",0.5,"6","NMFS bottom-trawl VAST.6"
2011,7,288538203.778288,"NMFS bottom-trawl VAST",0.5,"7","NMFS bottom-trawl VAST.7"
2011,8,156990493.721424,"NMFS bottom-trawl VAST",0.5,"8","NMFS bottom-trawl VAST.8"
2011,9,238301583.601685,"NMFS bottom-trawl VAST",0.5,"9","NMFS bottom-trawl VAST.9"
2011,10,235065666.656842,"NMFS bottom-trawl VAST",0.5,"10","NMFS bottom-trawl VAST.10"
2011,11,199758019.2094,"NMFS bottom-trawl VAST",0.5,"11","NMFS bottom-trawl VAST.11"
2011,12,153206735.690879,"NMFS bottom-trawl VAST",0.5,"12","NMFS bottom-trawl VAST.12"
2011,13,66925174.5835812,"NMFS bottom-trawl VAST",0.5,"13","NMFS bottom-trawl VAST.13"
2011,14,31667583.0039257,"NMFS bottom-trawl VAST",0.5,"14","NMFS bottom-trawl VAST.14"
2011,15,92505096.902198,"NMFS bottom-trawl VAST",0.5,"15","NMFS bottom-trawl VAST.15"
2012,1,1241957338.47586,"NMFS bottom-trawl VAST",0.5,"1","NMFS bottom-trawl VAST.1"
2012,2,199869436.021182,"NMFS bottom-trawl VAST",0.5,"2","NMFS bottom-trawl VAST.2"
2012,3,472400342.675078,"NMFS bottom-trawl VAST",0.5,"3","NMFS bottom-trawl VAST.3"
2012,4,4068119228.40554,"NMFS bottom-trawl VAST",0.5,"4","NMFS bottom-trawl VAST.4"
2012,5,923386939.028361,"NMFS bottom-trawl VAST",0.5,"5","NMFS bottom-trawl VAST.5"
2012,6,1382593555.08168,"NMFS bottom-trawl VAST",0.5,"6","NMFS bottom-trawl VAST.6"
2012,7,439038106.753349,"NMFS bottom-trawl VAST",0.5,"7","NMFS bottom-trawl VAST.7"
2012,8,164438301.937117,"NMFS bottom-trawl VAST",0.5,"8","NMFS bottom-trawl VAST.8"
2012,9,109741685.303985,"NMFS bottom-trawl VAST",0.5,"9","NMFS bottom-trawl VAST.9"
2012,10,150709566.952303,"NMFS bottom-trawl VAST",0.5,"10","NMFS bottom-trawl VAST.10"
2012,11,121211991.443254,"NMFS bottom-trawl VAST",0.5,"11","NMFS bottom-trawl VAST.11"
2012,12,104854879.932529,"NMFS bottom-trawl VAST",0.5,"12","NMFS bottom-trawl VAST.12"
2012,13,90356407.4182137,"NMFS bottom-trawl VAST",0.5,"13","NMFS bottom-trawl VAST.13"
2012,14,32463967.9615354,"NMFS bottom-trawl VAST",0.5,"14","NMFS bottom-trawl VAST.14"
2012,15,61559007.0219508,"NMFS bottom-trawl VAST",0.5,"15","NMFS bottom-trawl VAST.15"
2013,1,1275860788.25456,"NMFS bottom-trawl VAST",0.5,"1","NMFS bottom-trawl VAST.1"
2013,2,135718452.169621,"NMFS bottom-trawl VAST",0.5,"2","NMFS bottom-trawl VAST.2"
2013,3,277176452.921483,"NMFS bottom-trawl VAST",0.5,"3","NMFS bottom-trawl VAST.3"
2013,4,1153107665.59779,"NMFS bottom-trawl VAST",0.5,"4","NMFS bottom-trawl VAST.4"
2013,5,5564494731.54425,"NMFS bottom-trawl VAST",0.5,"5","NMFS bottom-trawl VAST.5"
2013,6,1255350360.20103,"NMFS bottom-trawl VAST",0.5,"6","NMFS bottom-trawl VAST.6"
2013,7,765441856.456364,"NMFS bottom-trawl VAST",0.5,"7","NMFS bottom-trawl VAST.7"
2013,8,267782318.422816,"NMFS bottom-trawl VAST",0.5,"8","NMFS bottom-trawl VAST.8"
2013,9,90691678.8698447,"NMFS bottom-trawl VAST",0.5,"9","NMFS bottom-trawl VAST.9"
2013,10,81043369.1254004,"NMFS bottom-trawl VAST",0.5,"10","NMFS bottom-trawl VAST.10"
2013,11,106431640.593616,"NMFS bottom-trawl VAST",0.5,"11","NMFS bottom-trawl VAST.11"
2013,12,80693632.151267,"NMFS bottom-trawl VAST",0.5,"12","NMFS bottom-trawl VAST.12"
2013,13,77635065.7707609,"NMFS bottom-trawl VAST",0.5,"13","NMFS bottom-trawl VAST.13"
2013,14,44456990.438213,"NMFS bottom-trawl VAST",0.5,"14","NMFS bottom-trawl VAST.14"
2013,15,61748558.3294482,"NMFS bottom-trawl VAST",0.5,"15","NMFS bottom-trawl VAST.15"
2014,1,2188294228.84365,"NMFS bottom-trawl VAST",0.5,"1","NMFS bottom-trawl VAST.1"
2014,2,420480540.012291,"NMFS bottom-trawl VAST",0.5,"2","NMFS bottom-trawl VAST.2"
2014,3,240146457.354024,"NMFS bottom-trawl VAST",0.5,"3","NMFS bottom-trawl VAST.3"
2014,4,426052059.049575,"NMFS bottom-trawl VAST",0.5,"4","NMFS bottom-trawl VAST.4"
2014,5,1983098915.3813,"NMFS bottom-trawl VAST",0.5,"5","NMFS bottom-trawl VAST.5"
2014,6,6680979602.28862,"NMFS bottom-trawl VAST",0.5,"6","NMFS bottom-trawl VAST.6"
2014,7,3294645233.18179,"NMFS bottom-trawl VAST",0.5,"7","NMFS bottom-trawl VAST.7"
2014,8,691730676.651474,"NMFS bottom-trawl VAST",0.5,"8","NMFS bottom-trawl VAST.8"
2014,9,376218193.099101,"NMFS bottom-trawl VAST",0.5,"9","NMFS bottom-trawl VAST.9"
2014,10,135917476.209813,"NMFS bottom-trawl VAST",0.5,"10","NMFS bottom-trawl VAST.10"
2014,11,53204845.3547865,"NMFS bottom-trawl VAST",0.5,"11","NMFS bottom-trawl VAST.11"
2014,12,76080198.5229541,"NMFS bottom-trawl VAST",0.5,"12","NMFS bottom-trawl VAST.12"
2014,13,79108054.0204891,"NMFS bottom-trawl VAST",0.5,"13","NMFS bottom-trawl VAST.13"
2014,14,39177620.0550117,"NMFS bottom-trawl VAST",0.5,"14","NMFS bottom-trawl VAST.14"
2014,15,116899173.27835,"NMFS bottom-trawl VAST",0.5,"15","NMFS bottom-trawl VAST.15"
2015,1,1545189183.37493,"NMFS bottom-trawl VAST",0.5,"1","NMFS bottom-trawl VAST.1"
2015,2,984893807.585283,"NMFS bottom-trawl VAST",0.5,"2","NMFS bottom-trawl VAST.2"
2015,3,2933973437.35012,"NMFS bottom-trawl VAST",0.5,"3","NMFS bottom-trawl VAST.3"
2015,4,786120849.551198,"NMFS bottom-trawl VAST",0.5,"4","NMFS bottom-trawl VAST.4"
2015,5,1607834918.73967,"NMFS bottom-trawl VAST",0.5,"5","NMFS bottom-trawl VAST.5"
2015,6,2901200728.37578,"NMFS bottom-trawl VAST",0.5,"6","NMFS bottom-trawl VAST.6"
2015,7,5462494134.0326,"NMFS bottom-trawl VAST",0.5,"7","NMFS bottom-trawl VAST.7"
2015,8,1613545752.57856,"NMFS bottom-trawl VAST",0.5,"8","NMFS bottom-trawl VAST.8"
2015,9,408260061.666326,"NMFS bottom-trawl VAST",0.5,"9","NMFS bottom-trawl VAST.9"
2015,10,202074976.599283,"NMFS bottom-trawl VAST",0.5,"10","NMFS bottom-trawl VAST.10"
2015,11,28977065.3419441,"NMFS bottom-trawl VAST",0.5,"11","NMFS bottom-trawl VAST.11"
2015,12,27536542.2793549,"NMFS bottom-trawl VAST",0.5,"12","NMFS bottom-trawl VAST.12"
2015,13,52261209.3643403,"NMFS bottom-trawl VAST",0.5,"13","NMFS bottom-trawl VAST.13"
2015,14,31982545.8334374,"NMFS bottom-trawl VAST",0.5,"14","NMFS bottom-trawl VAST.14"
2015,15,72546578.0071076,"NMFS bottom-trawl VAST",0.5,"15","NMFS bottom-trawl VAST.15"
2016,1,804890601.255394,"NMFS bottom-trawl VAST",0.5,"1","NMFS bottom-trawl VAST.1"
2016,2,500048445.04033,"NMFS bottom-trawl VAST",0.5,"2","NMFS bottom-trawl VAST.2"
2016,3,737949314.997871,"NMFS bottom-trawl VAST",0.5,"3","NMFS bottom-trawl VAST.3"
2016,4,4077921399.3109,"NMFS bottom-trawl VAST",0.5,"4","NMFS bottom-trawl VAST.4"
2016,5,1722053179.45881,"NMFS bottom-trawl VAST",0.5,"5","NMFS bottom-trawl VAST.5"
2016,6,1216527799.75471,"NMFS bottom-trawl VAST",0.5,"6","NMFS bottom-trawl VAST.6"
2016,7,1792277569.17471,"NMFS bottom-trawl VAST",0.5,"7","NMFS bottom-trawl VAST.7"
2016,8,2728105403.21894,"NMFS bottom-trawl VAST",0.5,"8","NMFS bottom-trawl VAST.8"
2016,9,549471012.679825,"NMFS bottom-trawl VAST",0.5,"9","NMFS bottom-trawl VAST.9"
2016,10,224979479.185762,"NMFS bottom-trawl VAST",0.5,"10","NMFS bottom-trawl VAST.10"
2016,11,81132417.7055768,"NMFS bottom-trawl VAST",0.5,"11","NMFS bottom-trawl VAST.11"
2016,12,17767933.3535815,"NMFS bottom-trawl VAST",0.5,"12","NMFS bottom-trawl VAST.12"
2016,13,18566046.3715411,"NMFS bottom-trawl VAST",0.5,"13","NMFS bottom-trawl VAST.13"
2016,14,6731261.37745342,"NMFS bottom-trawl VAST",0.5,"14","NMFS bottom-trawl VAST.14"
2016,15,14065908.4710069,"NMFS bottom-trawl VAST",0.5,"15","NMFS bottom-trawl VAST.15"
2017,1,825762277.23976,"NMFS bottom-trawl VAST",0.5,"1","NMFS bottom-trawl VAST.1"
2017,2,338766950.061189,"NMFS bottom-trawl VAST",0.5,"2","NMFS bottom-trawl VAST.2"
2017,3,574281154.7492,"NMFS bottom-trawl VAST",0.5,"3","NMFS bottom-trawl VAST.3"
2017,4,2790822899.38416,"NMFS bottom-trawl VAST",0.5,"4","NMFS bottom-trawl VAST.4"
2017,5,3683666848.52895,"NMFS bottom-trawl VAST",0.5,"5","NMFS bottom-trawl VAST.5"
2017,6,1683246815.87537,"NMFS bottom-trawl VAST",0.5,"6","NMFS bottom-trawl VAST.6"
2017,7,1297177582.8256,"NMFS bottom-trawl VAST",0.5,"7","NMFS bottom-trawl VAST.7"
2017,8,1216830402.30188,"NMFS bottom-trawl VAST",0.5,"8","NMFS bottom-trawl VAST.8"
2017,9,1555413168.482,"NMFS bottom-trawl VAST",0.5,"9","NMFS bottom-trawl VAST.9"
2017,10,446440123.228189,"NMFS bottom-trawl VAST",0.5,"10","NMFS bottom-trawl VAST.10"
2017,11,171379487.20979,"NMFS bottom-trawl VAST",0.5,"11","NMFS bottom-trawl VAST.11"
2017,12,57554138.6890443,"NMFS bottom-trawl VAST",0.5,"12","NMFS bottom-trawl VAST.12"
2017,13,8734521.71972788,"NMFS bottom-trawl VAST",0.5,"13","NMFS bottom-trawl VAST.13"
2017,14,5138306.7762525,"NMFS bottom-trawl VAST",0.5,"14","NMFS bottom-trawl VAST.14"
2017,15,17184638.7461764,"NMFS bottom-trawl VAST",0.5,"15","NMFS bottom-trawl VAST.15"
2018,1,1121234829.71188,"NMFS bottom-trawl VAST",0.5,"1","NMFS bottom-trawl VAST.1"
2018,2,470182765.694989,"NMFS bottom-trawl VAST",0.5,"2","NMFS bottom-trawl VAST.2"
2018,3,249852543.67035,"NMFS bottom-trawl VAST",0.5,"3","NMFS bottom-trawl VAST.3"
2018,4,362044724.500824,"NMFS bottom-trawl VAST",0.5,"4","NMFS bottom-trawl VAST.4"
2018,5,2485345295.46365,"NMFS bottom-trawl VAST",0.5,"5","NMFS bottom-trawl VAST.5"
2018,6,1527585289.62448,"NMFS bottom-trawl VAST",0.5,"6","NMFS bottom-trawl VAST.6"
2018,7,529470312.833652,"NMFS bottom-trawl VAST",0.5,"7","NMFS bottom-trawl VAST.7"
2018,8,385255887.227901,"NMFS bottom-trawl VAST",0.5,"8","NMFS bottom-trawl VAST.8"
2018,9,395745719.410514,"NMFS bottom-trawl VAST",0.5,"9","NMFS bottom-trawl VAST.9"
2018,10,324415160.05633,"NMFS bottom-trawl VAST",0.5,"10","NMFS bottom-trawl VAST.10"
2018,11,90880092.9302531,"NMFS bottom-trawl VAST",0.5,"11","NMFS bottom-trawl VAST.11"
2018,12,14154649.1885647,"NMFS bottom-trawl VAST",0.5,"12","NMFS bottom-trawl VAST.12"
2018,13,1814780.66107286,"NMFS bottom-trawl VAST",0.5,"13","NMFS bottom-trawl VAST.13"
2018,14,298467.381645178,"NMFS bottom-trawl VAST",0.5,"14","NMFS bottom-trawl VAST.14"
2018,15,5614447.51159846,"NMFS bottom-trawl VAST",0.5,"15","NMFS bottom-trawl VAST.15"
2019,1,2409756103.28042,"NMFS bottom-trawl VAST",0.5,"1","NMFS bottom-trawl VAST.1"
2019,2,641540088.226315,"NMFS bottom-trawl VAST",0.5,"2","NMFS bottom-trawl VAST.2"
2019,3,533304942.440029,"NMFS bottom-trawl VAST",0.5,"3","NMFS bottom-trawl VAST.3"
2019,4,553257879.756515,"NMFS bottom-trawl VAST",0.5,"4","NMFS bottom-trawl VAST.4"
2019,5,1582490530.97741,"NMFS bottom-trawl VAST",0.5,"5","NMFS bottom-trawl VAST.5"
2019,6,5644811825.52507,"NMFS bottom-trawl VAST",0.5,"6","NMFS bottom-trawl VAST.6"
2019,7,2254351952.23002,"NMFS bottom-trawl VAST",0.5,"7","NMFS bottom-trawl VAST.7"
2019,8,535813280.75007,"NMFS bottom-trawl VAST",0.5,"8","NMFS bottom-trawl VAST.8"
2019,9,386338704.315244,"NMFS bottom-trawl VAST",0.5,"9","NMFS bottom-trawl VAST.9"
2019,10,228601877.210739,"NMFS bottom-trawl VAST",0.5,"10","NMFS bottom-trawl VAST.10"
2019,11,120197539.412212,"NMFS bottom-trawl VAST",0.5,"11","NMFS bottom-trawl VAST.11"
2019,12,54580545.3106265,"NMFS bottom-trawl VAST",0.5,"12","NMFS bottom-trawl VAST.12"
2019,13,21568236.8195421,"NMFS bottom-trawl VAST",0.5,"13","NMFS bottom-trawl VAST.13"
2019,14,6216528.27566139,"NMFS bottom-trawl VAST",0.5,"14","NMFS bottom-trawl VAST.14"
2019,15,2481567.65803321,"NMFS bottom-trawl VAST",0.5,"15","NMFS bottom-trawl VAST.15"
2021,1,1042333279.24259,"NMFS bottom-trawl VAST",0.5,"1","NMFS bottom-trawl VAST.1"
2021,2,805865231.310835,"NMFS bottom-trawl VAST",0.5,"2","NMFS bottom-trawl VAST.2"
2021,3,1983599316.3696,"NMFS bottom-trawl VAST",0.5,"3","NMFS bottom-trawl VAST.3"
2021,4,760807970.268754,"NMFS bottom-trawl VAST",0.5,"4","NMFS bottom-trawl VAST.4"
2021,5,695645767.387955,"NMFS bottom-trawl VAST",0.5,"5","NMFS bottom-trawl VAST.5"
2021,6,506907292.180131,"NMFS bottom-trawl VAST",0.5,"6","NMFS bottom-trawl VAST.6"
2021,7,1291755252.68489,"NMFS bottom-trawl VAST",0.5,"7","NMFS bottom-trawl VAST.7"
2021,8,1491533065.68773,"NMFS bottom-trawl VAST",0.5,"8","NMFS bottom-trawl VAST.8"
2021,9,395804738.813754,"NMFS bottom-trawl VAST",0.5,"9","NMFS bottom-trawl VAST.9"
2021,10,153671015.625674,"NMFS bottom-trawl VAST",0.5,"10","NMFS bottom-trawl VAST.10"
2021,11,128744750.459739,"NMFS bottom-trawl VAST",0.5,"11","NMFS bottom-trawl VAST.11"
2021,12,83396058.6609644,"NMFS bottom-trawl VAST",0.5,"12","NMFS bottom-trawl VAST.12"
2021,13,18184574.1289911,"NMFS bottom-trawl VAST",0.5,"13","NMFS bottom-trawl VAST.13"
2021,14,12917571.3600466,"NMFS bottom-trawl VAST",0.5,"14","NMFS bottom-trawl VAST.14"
2021,15,4413315.47320811,"NMFS bottom-trawl VAST",0.5,"15","NMFS bottom-trawl VAST.15"
2022,1,779197315.928631,"NMFS bottom-trawl VAST",0.5,"1","NMFS bottom-trawl VAST.1"
2022,2,337087333.963272,"NMFS bottom-trawl VAST",0.5,"2","NMFS bottom-trawl VAST.2"
2022,3,575777257.056246,"NMFS bottom-trawl VAST",0.5,"3","NMFS bottom-trawl VAST.3"
2022,4,3844657573.75415,"NMFS bottom-trawl VAST",0.5,"4","NMFS bottom-trawl VAST.4"
2022,5,1797007282.49454,"NMFS bottom-trawl VAST",0.5,"5","NMFS bottom-trawl VAST.5"
2022,6,700168240.882476,"NMFS bottom-trawl VAST",0.5,"6","NMFS bottom-trawl VAST.6"
2022,7,778107438.129116,"NMFS bottom-trawl VAST",0.5,"7","NMFS bottom-trawl VAST.7"
2022,8,1096361146.94752,"NMFS bottom-trawl VAST",0.5,"8","NMFS bottom-trawl VAST.8"
2022,9,821473067.218763,"NMFS bottom-trawl VAST",0.5,"9","NMFS bottom-trawl VAST.9"
2022,10,260886820.761179,"NMFS bottom-trawl VAST",0.5,"10","NMFS bottom-trawl VAST.10"
2022,11,111261878.233189,"NMFS bottom-trawl VAST",0.5,"11","NMFS bottom-trawl VAST.11"
2022,12,92709872.7057609,"NMFS bottom-trawl VAST",0.5,"12","NMFS bottom-trawl VAST.12"
2022,13,35764921.1955141,"NMFS bottom-trawl VAST",0.5,"13","NMFS bottom-trawl VAST.13"
2022,14,20445534.7166772,"NMFS bottom-trawl VAST",0.5,"14","NMFS bottom-trawl VAST.14"
2022,15,2099580.27384043,"NMFS bottom-trawl VAST",0.5,"15","NMFS bottom-trawl VAST.15"
2023,1,1197910603.67785,"NMFS bottom-trawl VAST",0.5,"1","NMFS bottom-trawl VAST.1"
2023,2,411018007.577165,"NMFS bottom-trawl VAST",0.5,"2","NMFS bottom-trawl VAST.2"
2023,3,367548487.282969,"NMFS bottom-trawl VAST",0.5,"3","NMFS bottom-trawl VAST.3"
2023,4,684259980.911454,"NMFS bottom-trawl VAST",0.5,"4","NMFS bottom-trawl VAST.4"
2023,5,2957764563.00233,"NMFS bottom-trawl VAST",0.5,"5","NMFS bottom-trawl VAST.5"
2023,6,869297185.486115,"NMFS bottom-trawl VAST",0.5,"6","NMFS bottom-trawl VAST.6"
2023,7,478954445.805814,"NMFS bottom-trawl VAST",0.5,"7","NMFS bottom-trawl VAST.7"
2023,8,476410592.873543,"NMFS bottom-trawl VAST",0.5,"8","NMFS bottom-trawl VAST.8"
2023,9,756345228.847127,"NMFS bottom-trawl VAST",0.5,"9","NMFS bottom-trawl VAST.9"
2023,10,534199160.000962,"NMFS bottom-trawl VAST",0.5,"10","NMFS bottom-trawl VAST.10"
2023,11,114021628.2146,"NMFS bottom-trawl VAST",0.5,"11","NMFS bottom-trawl VAST.11"
2023,12,47312195.5601168,"NMFS bottom-trawl VAST",0.5,"12","NMFS bottom-trawl VAST.12"
2023,13,28982603.7592828,"NMFS bottom-trawl VAST",0.5,"13","NMFS bottom-trawl VAST.13"
2023,14,11457308.3617537,"NMFS bottom-trawl VAST",0.5,"14","NMFS bottom-trawl VAST.14"
2023,15,12781223.2925429,"NMFS bottom-trawl VAST",0.5,"15","NMFS bottom-trawl VAST.15"
2024,1,1494570488.67037,"NMFS bottom-trawl VAST",0.5,"1","NMFS bottom-trawl VAST.1"
2024,2,1007272640.37576,"NMFS bottom-trawl VAST",0.5,"2","NMFS bottom-trawl VAST.2"
2024,3,895709583.048127,"NMFS bottom-trawl VAST",0.5,"3","NMFS bottom-trawl VAST.3"
2024,4,608715957.357782,"NMFS bottom-trawl VAST",0.5,"4","NMFS bottom-trawl VAST.4"
2024,5,1909736719.59571,"NMFS bottom-trawl VAST",0.5,"5","NMFS bottom-trawl VAST.5"
2024,6,6253665381.61696,"NMFS bottom-trawl VAST",0.5,"6","NMFS bottom-trawl VAST.6"
2024,7,1386412484.41559,"NMFS bottom-trawl VAST",0.5,"7","NMFS bottom-trawl VAST.7"
2024,8,432117972.345868,"NMFS bottom-trawl VAST",0.5,"8","NMFS bottom-trawl VAST.8"
2024,9,407365572.165523,"NMFS bottom-trawl VAST",0.5,"9","NMFS bottom-trawl VAST.9"
2024,10,366635692.80543,"NMFS bottom-trawl VAST",0.5,"10","NMFS bottom-trawl VAST.10"
2024,11,250466483.525737,"NMFS bottom-trawl VAST",0.5,"11","NMFS bottom-trawl VAST.11"
2024,12,94280264.5159629,"NMFS bottom-trawl VAST",0.5,"12","NMFS bottom-trawl VAST.12"
2024,13,29842691.4641318,"NMFS bottom-trawl VAST",0.5,"13","NMFS bottom-trawl VAST.13"
2024,14,11380051.1962887,"NMFS bottom-trawl VAST",0.5,"14","NMFS bottom-trawl VAST.14"
2024,15,3976913.25450225,"NMFS bottom-trawl VAST",0.5,"15","NMFS bottom-trawl VAST.15"
1994,2,3753280541.44507,"NMFS acoustic-trawl",0.5,"2","NMFS acoustic-trawl.2"
1994,3,1075949200.55241,"NMFS acoustic-trawl",0.5,"3","NMFS acoustic-trawl.3"
1994,4,1373631036.8556,"NMFS acoustic-trawl",0.5,"4","NMFS acoustic-trawl.4"
1994,5,1700830908.67237,"NMFS acoustic-trawl",0.5,"5","NMFS acoustic-trawl.5"
1994,6,293909280.05222,"NMFS acoustic-trawl",0.5,"6","NMFS acoustic-trawl.6"
1994,7,82022771.2662459,"NMFS acoustic-trawl",0.5,"7","NMFS acoustic-trawl.7"
1994,8,72427414.2864167,"NMFS acoustic-trawl",0.5,"8","NMFS acoustic-trawl.8"
1994,9,42451081.5184189,"NMFS acoustic-trawl",0.5,"9","NMFS acoustic-trawl.9"
1994,10,50701792.4120445,"NMFS acoustic-trawl",0.5,"10","NMFS acoustic-trawl.10"
1994,11,22905863.9163721,"NMFS acoustic-trawl",0.5,"11","NMFS acoustic-trawl.11"
1994,12,38625297.473312,"NMFS acoustic-trawl",0.5,"12","NMFS acoustic-trawl.12"
1994,13,15585138.1349702,"NMFS acoustic-trawl",0.5,"13","NMFS acoustic-trawl.13"
1994,14,13315160.0415199,"NMFS acoustic-trawl",0.5,"14","NMFS acoustic-trawl.14"
1994,15,25950207.2934639,"NMFS acoustic-trawl",0.5,"15","NMFS acoustic-trawl.15"
1996,2,515034350.004085,"NMFS acoustic-trawl",0.5,"2","NMFS acoustic-trawl.2"
1996,3,501851348.494467,"NMFS acoustic-trawl",0.5,"3","NMFS acoustic-trawl.3"
1996,4,2491312459.09201,"NMFS acoustic-trawl",0.5,"4","NMFS acoustic-trawl.4"
1996,5,831597402.249223,"NMFS acoustic-trawl",0.5,"5","NMFS acoustic-trawl.5"
1996,6,575808292.592907,"NMFS acoustic-trawl",0.5,"6","NMFS acoustic-trawl.6"
1996,7,531735978.61203,"NMFS acoustic-trawl",0.5,"7","NMFS acoustic-trawl.7"
1996,8,128780383.760844,"NMFS acoustic-trawl",0.5,"8","NMFS acoustic-trawl.8"
1996,9,35097395.4785084,"NMFS acoustic-trawl",0.5,"9","NMFS acoustic-trawl.9"
1996,10,25603376.5209161,"NMFS acoustic-trawl",0.5,"10","NMFS acoustic-trawl.10"
1996,11,20378136.7002894,"NMFS acoustic-trawl",0.5,"11","NMFS acoustic-trawl.11"
1996,12,35875483.1106325,"NMFS acoustic-trawl",0.5,"12","NMFS acoustic-trawl.12"
1996,13,12662269.266634,"NMFS acoustic-trawl",0.5,"13","NMFS acoustic-trawl.13"
1996,14,22554196.002431,"NMFS acoustic-trawl",0.5,"14","NMFS acoustic-trawl.14"
1996,15,32500591.8403551,"NMFS acoustic-trawl",0.5,"15","NMFS acoustic-trawl.15"
1997,2,2999965771.42627,"NMFS acoustic-trawl",0.5,"2","NMFS acoustic-trawl.2"
1997,3,458677446.534068,"NMFS acoustic-trawl",0.5,"3","NMFS acoustic-trawl.3"
1997,4,557751960.314837,"NMFS acoustic-trawl",0.5,"4","NMFS acoustic-trawl.4"
1997,5,2426511429.94268,"NMFS acoustic-trawl",0.5,"5","NMFS acoustic-trawl.5"
1997,6,569001207.693753,"NMFS acoustic-trawl",0.5,"6","NMFS acoustic-trawl.6"
1997,7,325932637.022816,"NMFS acoustic-trawl",0.5,"7","NMFS acoustic-trawl.7"
1997,8,302348358.252033,"NMFS acoustic-trawl",0.5,"8","NMFS acoustic-trawl.8"
1997,9,78210542.0241374,"NMFS acoustic-trawl",0.5,"9","NMFS acoustic-trawl.9"
1997,10,28977908.1475265,"NMFS acoustic-trawl",0.5,"10","NMFS acoustic-trawl.10"
1997,11,32140828.9092292,"NMFS acoustic-trawl",0.5,"11","NMFS acoustic-trawl.11"
1997,12,36601977.312203,"NMFS acoustic-trawl",0.5,"12","NMFS acoustic-trawl.12"
1997,13,40528603.3772991,"NMFS acoustic-trawl",0.5,"13","NMFS acoustic-trawl.13"
1997,14,19487270.7993316,"NMFS acoustic-trawl",0.5,"14","NMFS acoustic-trawl.14"
1997,15,71766701.915273,"NMFS acoustic-trawl",0.5,"15","NMFS acoustic-trawl.15"
1999,2,1492303521.11691,"NMFS acoustic-trawl",0.5,"2","NMFS acoustic-trawl.2"
1999,3,3116291162.85822,"NMFS acoustic-trawl",0.5,"3","NMFS acoustic-trawl.3"
1999,4,1517186482.69386,"NMFS acoustic-trawl",0.5,"4","NMFS acoustic-trawl.4"
1999,5,546505177.063301,"NMFS acoustic-trawl",0.5,"5","NMFS acoustic-trawl.5"
1999,6,333271449.17345,"NMFS acoustic-trawl",0.5,"6","NMFS acoustic-trawl.6"
1999,7,1297831925.21004,"NMFS acoustic-trawl",0.5,"7","NMFS acoustic-trawl.7"
1999,8,441196776.810731,"NMFS acoustic-trawl",0.5,"8","NMFS acoustic-trawl.8"
1999,9,150924995.832126,"NMFS acoustic-trawl",0.5,"9","NMFS acoustic-trawl.9"
1999,10,118752400.475875,"NMFS acoustic-trawl",0.5,"10","NMFS acoustic-trawl.10"
1999,11,40445688.6984383,"NMFS acoustic-trawl",0.5,"11","NMFS acoustic-trawl.11"
1999,12,17186310.7686931,"NMFS acoustic-trawl",0.5,"12","NMFS acoustic-trawl.12"
1999,13,8607440.46673925,"NMFS acoustic-trawl",0.5,"13","NMFS acoustic-trawl.13"
1999,14,6535441.72742079,"NMFS acoustic-trawl",0.5,"14","NMFS acoustic-trawl.14"
1999,15,16841391.5072653,"NMFS acoustic-trawl",0.5,"15","NMFS acoustic-trawl.15"
2000,2,1227063734.49063,"NMFS acoustic-trawl",0.5,"2","NMFS acoustic-trawl.2"
2000,3,1141695264.38878,"NMFS acoustic-trawl",0.5,"3","NMFS acoustic-trawl.3"
2000,4,2402119286.2588,"NMFS acoustic-trawl",0.5,"4","NMFS acoustic-trawl.4"
2000,5,939144290.117931,"NMFS acoustic-trawl",0.5,"5","NMFS acoustic-trawl.5"
2000,6,303153300.470519,"NMFS acoustic-trawl",0.5,"6","NMFS acoustic-trawl.6"
2000,7,286213228.217086,"NMFS acoustic-trawl",0.5,"7","NMFS acoustic-trawl.7"
2000,8,881342042.270704,"NMFS acoustic-trawl",0.5,"8","NMFS acoustic-trawl.8"
2000,9,257645155.873709,"NMFS acoustic-trawl",0.5,"9","NMFS acoustic-trawl.9"
2000,10,124465324.19899,"NMFS acoustic-trawl",0.5,"10","NMFS acoustic-trawl.10"
2000,11,55929981.5634325,"NMFS acoustic-trawl",0.5,"11","NMFS acoustic-trawl.11"
2000,12,33042345.2300263,"NMFS acoustic-trawl",0.5,"12","NMFS acoustic-trawl.12"
2000,13,6485438.02408165,"NMFS acoustic-trawl",0.5,"13","NMFS acoustic-trawl.13"
2000,14,4227915.87067713,"NMFS acoustic-trawl",0.5,"14","NMFS acoustic-trawl.14"
2000,15,9477008.37454331,"NMFS acoustic-trawl",0.5,"15","NMFS acoustic-trawl.15"
2002,2,4296459260.65163,"NMFS acoustic-trawl",0.5,"2","NMFS acoustic-trawl.2"
2002,3,2941771600.60039,"NMFS acoustic-trawl",0.5,"3","NMFS acoustic-trawl.3"
2002,4,1125342058.23281,"NMFS acoustic-trawl",0.5,"4","NMFS acoustic-trawl.4"
2002,5,574100685.282646,"NMFS acoustic-trawl",0.5,"5","NMFS acoustic-trawl.5"
2002,6,812802985.630763,"NMFS acoustic-trawl",0.5,"6","NMFS acoustic-trawl.6"
2002,7,467925130.343078,"NMFS acoustic-trawl",0.5,"7","NMFS acoustic-trawl.7"
2002,8,121975930.413017,"NMFS acoustic-trawl",0.5,"8","NMFS acoustic-trawl.8"
2002,9,141171695.475028,"NMFS acoustic-trawl",0.5,"9","NMFS acoustic-trawl.9"
2002,10,264587554.967246,"NMFS acoustic-trawl",0.5,"10","NMFS acoustic-trawl.10"
2002,11,90042070.6119646,"NMFS acoustic-trawl",0.5,"11","NMFS acoustic-trawl.11"
2002,12,39430014.5105123,"NMFS acoustic-trawl",0.5,"12","NMFS acoustic-trawl.12"
2002,13,17550694.7921477,"NMFS acoustic-trawl",0.5,"13","NMFS acoustic-trawl.13"
2002,14,10584199.9575107,"NMFS acoustic-trawl",0.5,"14","NMFS acoustic-trawl.14"
2002,15,6327587.42075312,"NMFS acoustic-trawl",0.5,"15","NMFS acoustic-trawl.15"
2004,2,286109606.814862,"NMFS acoustic-trawl",0.5,"2","NMFS acoustic-trawl.2"
2004,3,1110680066.89594,"NMFS acoustic-trawl",0.5,"3","NMFS acoustic-trawl.3"
2004,4,2850054348.61646,"NMFS acoustic-trawl",0.5,"4","NMFS acoustic-trawl.4"
2004,5,1491673734.22044,"NMFS acoustic-trawl",0.5,"5","NMFS acoustic-trawl.5"
2004,6,517619135.635114,"NMFS acoustic-trawl",0.5,"6","NMFS acoustic-trawl.6"
2004,7,262598757.234691,"NMFS acoustic-trawl",0.5,"7","NMFS acoustic-trawl.7"
2004,8,258036736.88793,"NMFS acoustic-trawl",0.5,"8","NMFS acoustic-trawl.8"
2004,9,110357172.352932,"NMFS acoustic-trawl",0.5,"9","NMFS acoustic-trawl.9"
2004,10,62512759.5530545,"NMFS acoustic-trawl",0.5,"10","NMFS acoustic-trawl.10"
2004,11,53715413.8089336,"NMFS acoustic-trawl",0.5,"11","NMFS acoustic-trawl.11"
2004,12,70284406.11066,"NMFS acoustic-trawl",0.5,"12","NMFS acoustic-trawl.12"
2004,13,34155290.1524613,"NMFS acoustic-trawl",0.5,"13","NMFS acoustic-trawl.13"
2004,14,11439889.9293026,"NMFS acoustic-trawl",0.5,"14","NMFS acoustic-trawl.14"
2004,15,9702996.59287624,"NMFS acoustic-trawl",0.5,"15","NMFS acoustic-trawl.15"
2006,2,189403422.656733,"NMFS acoustic-trawl",0.5,"2","NMFS acoustic-trawl.2"
2006,3,254211747.890018,"NMFS acoustic-trawl",0.5,"3","NMFS acoustic-trawl.3"
2006,4,570923848.292848,"NMFS acoustic-trawl",0.5,"4","NMFS acoustic-trawl.4"
2006,5,683764324.509994,"NMFS acoustic-trawl",0.5,"5","NMFS acoustic-trawl.5"
2006,6,574816245.132805,"NMFS acoustic-trawl",0.5,"6","NMFS acoustic-trawl.6"
2006,7,340583548.649494,"NMFS acoustic-trawl",0.5,"7","NMFS acoustic-trawl.7"
2006,8,126465307.093599,"NMFS acoustic-trawl",0.5,"8","NMFS acoustic-trawl.8"
2006,9,65284749.580387,"NMFS acoustic-trawl",0.5,"9","NMFS acoustic-trawl.9"
2006,10,51108363.7687704,"NMFS acoustic-trawl",0.5,"10","NMFS acoustic-trawl.10"
2006,11,28650999.5942441,"NMFS acoustic-trawl",0.5,"11","NMFS acoustic-trawl.11"
2006,12,18957462.7665284,"NMFS acoustic-trawl",0.5,"12","NMFS acoustic-trawl.12"
2006,13,14395629.4095037,"NMFS acoustic-trawl",0.5,"13","NMFS acoustic-trawl.13"
2006,14,17277177.01695,"NMFS acoustic-trawl",0.5,"14","NMFS acoustic-trawl.14"
2006,15,19241912.0644213,"NMFS acoustic-trawl",0.5,"15","NMFS acoustic-trawl.15"
2007,2,929185910.270545,"NMFS acoustic-trawl",0.5,"2","NMFS acoustic-trawl.2"
2007,3,308152719.861692,"NMFS acoustic-trawl",0.5,"3","NMFS acoustic-trawl.3"
2007,4,426651645.118033,"NMFS acoustic-trawl",0.5,"4","NMFS acoustic-trawl.4"
2007,5,708719016.166803,"NMFS acoustic-trawl",0.5,"5","NMFS acoustic-trawl.5"
2007,6,651352246.835606,"NMFS acoustic-trawl",0.5,"6","NMFS acoustic-trawl.6"
2007,7,363328213.693719,"NMFS acoustic-trawl",0.5,"7","NMFS acoustic-trawl.7"
2007,8,215012026.460086,"NMFS acoustic-trawl",0.5,"8","NMFS acoustic-trawl.8"
2007,9,87228955.5466133,"NMFS acoustic-trawl",0.5,"9","NMFS acoustic-trawl.9"
2007,10,35058419.775779,"NMFS acoustic-trawl",0.5,"10","NMFS acoustic-trawl.10"
2007,11,33253586.9246814,"NMFS acoustic-trawl",0.5,"11","NMFS acoustic-trawl.11"
2007,12,16802028.7627568,"NMFS acoustic-trawl",0.5,"12","NMFS acoustic-trawl.12"
2007,13,8190188.6564994,"NMFS acoustic-trawl",0.5,"13","NMFS acoustic-trawl.13"
2007,14,8552948.58482168,"NMFS acoustic-trawl",0.5,"14","NMFS acoustic-trawl.14"
2007,15,18770749.5309424,"NMFS acoustic-trawl",0.5,"15","NMFS acoustic-trawl.15"
2008,2,2085445686.2353,"NMFS acoustic-trawl",0.5,"2","NMFS acoustic-trawl.2"
2008,3,749087259.814747,"NMFS acoustic-trawl",0.5,"3","NMFS acoustic-trawl.3"
2008,4,118794482.03735,"NMFS acoustic-trawl",0.5,"4","NMFS acoustic-trawl.4"
2008,5,115075909.875016,"NMFS acoustic-trawl",0.5,"5","NMFS acoustic-trawl.5"
2008,6,205748402.909529,"NMFS acoustic-trawl",0.5,"6","NMFS acoustic-trawl.6"
2008,7,168069791.040091,"NMFS acoustic-trawl",0.5,"7","NMFS acoustic-trawl.7"
2008,8,97367605.5890903,"NMFS acoustic-trawl",0.5,"8","NMFS acoustic-trawl.8"
2008,9,72869524.5911418,"NMFS acoustic-trawl",0.5,"9","NMFS acoustic-trawl.9"
2008,10,22892141.8947237,"NMFS acoustic-trawl",0.5,"10","NMFS acoustic-trawl.10"
2008,11,21561233.270468,"NMFS acoustic-trawl",0.5,"11","NMFS acoustic-trawl.11"
2008,12,13594124.585343,"NMFS acoustic-trawl",0.5,"12","NMFS acoustic-trawl.12"
2008,13,7779350.12390163,"NMFS acoustic-trawl",0.5,"13","NMFS acoustic-trawl.13"
2008,14,4022995.51804879,"NMFS acoustic-trawl",0.5,"14","NMFS acoustic-trawl.14"
2008,15,16077532.1362551,"NMFS acoustic-trawl",0.5,"15","NMFS acoustic-trawl.15"
2009,2,677057994.941064,"NMFS acoustic-trawl",0.5,"2","NMFS acoustic-trawl.2"
2009,3,1439159582.73915,"NMFS acoustic-trawl",0.5,"3","NMFS acoustic-trawl.3"
2009,4,233424086.12338,"NMFS acoustic-trawl",0.5,"4","NMFS acoustic-trawl.4"
2009,5,63648922.1102353,"NMFS acoustic-trawl",0.5,"5","NMFS acoustic-trawl.5"
2009,6,78097642.9263369,"NMFS acoustic-trawl",0.5,"6","NMFS acoustic-trawl.6"
2009,7,106955499.389624,"NMFS acoustic-trawl",0.5,"7","NMFS acoustic-trawl.7"
2009,8,91922559.6511449,"NMFS acoustic-trawl",0.5,"8","NMFS acoustic-trawl.8"
2009,9,63670425.5416895,"NMFS acoustic-trawl",0.5,"9","NMFS acoustic-trawl.9"
2009,10,36703173.9383864,"NMFS acoustic-trawl",0.5,"10","NMFS acoustic-trawl.10"
2009,11,20892129.8520351,"NMFS acoustic-trawl",0.5,"11","NMFS acoustic-trawl.11"
2009,12,9368931.2742557,"NMFS acoustic-trawl",0.5,"12","NMFS acoustic-trawl.12"
2009,13,8345322.34721111,"NMFS acoustic-trawl",0.5,"13","NMFS acoustic-trawl.13"
2009,14,4564548.53655533,"NMFS acoustic-trawl",0.5,"14","NMFS acoustic-trawl.14"
2009,15,15095532.1377602,"NMFS acoustic-trawl",0.5,"15","NMFS acoustic-trawl.15"
2010,2,5379551026.57615,"NMFS acoustic-trawl",0.5,"2","NMFS acoustic-trawl.2"
2010,3,826199230.051514,"NMFS acoustic-trawl",0.5,"3","NMFS acoustic-trawl.3"
2010,4,1927741854.25493,"NMFS acoustic-trawl",0.5,"4","NMFS acoustic-trawl.4"
2010,5,374540935.989554,"NMFS acoustic-trawl",0.5,"5","NMFS acoustic-trawl.5"
2010,6,61390633.8587685,"NMFS acoustic-trawl",0.5,"6","NMFS acoustic-trawl.6"
2010,7,27927451.1554421,"NMFS acoustic-trawl",0.5,"7","NMFS acoustic-trawl.7"
2010,8,30985813.6482488,"NMFS acoustic-trawl",0.5,"8","NMFS acoustic-trawl.8"
2010,9,31712882.7092091,"NMFS acoustic-trawl",0.5,"9","NMFS acoustic-trawl.9"
2010,10,24303425.9847454,"NMFS acoustic-trawl",0.5,"10","NMFS acoustic-trawl.10"
2010,11,21803450.1359797,"NMFS acoustic-trawl",0.5,"11","NMFS acoustic-trawl.11"
2010,12,11041087.8273531,"NMFS acoustic-trawl",0.5,"12","NMFS acoustic-trawl.12"
2010,13,6742117.74402296,"NMFS acoustic-trawl",0.5,"13","NMFS acoustic-trawl.13"
2010,14,4108156.73426227,"NMFS acoustic-trawl",0.5,"14","NMFS acoustic-trawl.14"
2010,15,8208139.04738784,"NMFS acoustic-trawl",0.5,"15","NMFS acoustic-trawl.15"
2012,2,1676907460.34999,"NMFS acoustic-trawl",0.5,"2","NMFS acoustic-trawl.2"
2012,3,1427505119.12921,"NMFS acoustic-trawl",0.5,"3","NMFS acoustic-trawl.3"
2012,4,2285358779.57309,"NMFS acoustic-trawl",0.5,"4","NMFS acoustic-trawl.4"
2012,5,235841186.537664,"NMFS acoustic-trawl",0.5,"5","NMFS acoustic-trawl.5"
2012,6,309187562.986125,"NMFS acoustic-trawl",0.5,"6","NMFS acoustic-trawl.6"
2012,7,95403886.290134,"NMFS acoustic-trawl",0.5,"7","NMFS acoustic-trawl.7"
2012,8,30092801.6412124,"NMFS acoustic-trawl",0.5,"8","NMFS acoustic-trawl.8"
2012,9,20991986.692162,"NMFS acoustic-trawl",0.5,"9","NMFS acoustic-trawl.9"
2012,10,24236441.6666421,"NMFS acoustic-trawl",0.5,"10","NMFS acoustic-trawl.10"
2012,11,21128606.753735,"NMFS acoustic-trawl",0.5,"11","NMFS acoustic-trawl.11"
2012,12,15089207.4167742,"NMFS acoustic-trawl",0.5,"12","NMFS acoustic-trawl.12"
2012,13,13634558.8387691,"NMFS acoustic-trawl",0.5,"13","NMFS acoustic-trawl.13"
2012,14,4280193.96988611,"NMFS acoustic-trawl",0.5,"14","NMFS acoustic-trawl.14"
2012,15,8352407.59219032,"NMFS acoustic-trawl",0.5,"15","NMFS acoustic-trawl.15"
2014,2,7160922966.17589,"NMFS acoustic-trawl",0.5,"2","NMFS acoustic-trawl.2"
2014,3,802095419.556307,"NMFS acoustic-trawl",0.5,"3","NMFS acoustic-trawl.3"
2014,4,960608305.453343,"NMFS acoustic-trawl",0.5,"4","NMFS acoustic-trawl.4"
2014,5,925565185.402192,"NMFS acoustic-trawl",0.5,"5","NMFS acoustic-trawl.5"
2014,6,1464113499.916,"NMFS acoustic-trawl",0.5,"6","NMFS acoustic-trawl.6"
2014,7,612346919.13268,"NMFS acoustic-trawl",0.5,"7","NMFS acoustic-trawl.7"
2014,8,140772534.862679,"NMFS acoustic-trawl",0.5,"8","NMFS acoustic-trawl.8"
2014,9,65204427.0324691,"NMFS acoustic-trawl",0.5,"9","NMFS acoustic-trawl.9"
2014,10,26078421.5571498,"NMFS acoustic-trawl",0.5,"10","NMFS acoustic-trawl.10"
2014,11,10408152.1111086,"NMFS acoustic-trawl",0.5,"11","NMFS acoustic-trawl.11"
2014,12,11475481.4367694,"NMFS acoustic-trawl",0.5,"12","NMFS acoustic-trawl.12"
2014,13,11632468.4932447,"NMFS acoustic-trawl",0.5,"13","NMFS acoustic-trawl.13"
2014,14,6373642.01480075,"NMFS acoustic-trawl",0.5,"14","NMFS acoustic-trawl.14"
2014,15,15778149.8354309,"NMFS acoustic-trawl",0.5,"15","NMFS acoustic-trawl.15"
2016,2,1028356067.29235,"NMFS acoustic-trawl",0.5,"2","NMFS acoustic-trawl.2"
2016,3,4454854751.78955,"NMFS acoustic-trawl",0.5,"3","NMFS acoustic-trawl.3"
2016,4,4435373717.20597,"NMFS acoustic-trawl",0.5,"4","NMFS acoustic-trawl.4"
2016,5,708908298.865359,"NMFS acoustic-trawl",0.5,"5","NMFS acoustic-trawl.5"
2016,6,344908614.703852,"NMFS acoustic-trawl",0.5,"6","NMFS acoustic-trawl.6"
2016,7,388601438.470813,"NMFS acoustic-trawl",0.5,"7","NMFS acoustic-trawl.7"
2016,8,416434981.250638,"NMFS acoustic-trawl",0.5,"8","NMFS acoustic-trawl.8"
2016,9,94790313.4242124,"NMFS acoustic-trawl",0.5,"9","NMFS acoustic-trawl.9"
2016,10,30461725.5039796,"NMFS acoustic-trawl",0.5,"10","NMFS acoustic-trawl.10"
2016,11,17817849.8585621,"NMFS acoustic-trawl",0.5,"11","NMFS acoustic-trawl.11"
2016,12,5789955.20214211,"NMFS acoustic-trawl",0.5,"12","NMFS acoustic-trawl.12"
2016,13,3519449.13909441,"NMFS acoustic-trawl",0.5,"13","NMFS acoustic-trawl.13"
2016,14,2226919.76440619,"NMFS acoustic-trawl",0.5,"14","NMFS acoustic-trawl.14"
2016,15,3434358.6340775,"NMFS acoustic-trawl",0.5,"15","NMFS acoustic-trawl.15"
2018,2,477216935.348076,"NMFS acoustic-trawl",0.5,"2","NMFS acoustic-trawl.2"
2018,3,229682713.192764,"NMFS acoustic-trawl",0.5,"3","NMFS acoustic-trawl.3"
2018,4,573815493.012445,"NMFS acoustic-trawl",0.5,"4","NMFS acoustic-trawl.4"
2018,5,2094637231.76517,"NMFS acoustic-trawl",0.5,"5","NMFS acoustic-trawl.5"
2018,6,872113815.245553,"NMFS acoustic-trawl",0.5,"6","NMFS acoustic-trawl.6"
2018,7,183251753.369341,"NMFS acoustic-trawl",0.5,"7","NMFS acoustic-trawl.7"
2018,8,103232052.873476,"NMFS acoustic-trawl",0.5,"8","NMFS acoustic-trawl.8"
2018,9,99124838.5992463,"NMFS acoustic-trawl",0.5,"9","NMFS acoustic-trawl.9"
2018,10,69198794.7271343,"NMFS acoustic-trawl",0.5,"10","NMFS acoustic-trawl.10"
2018,11,18220105.3036661,"NMFS acoustic-trawl",0.5,"11","NMFS acoustic-trawl.11"
2018,12,5086600.92943167,"NMFS acoustic-trawl",0.5,"12","NMFS acoustic-trawl.12"
2018,13,2636223.95947428,"NMFS acoustic-trawl",0.5,"13","NMFS acoustic-trawl.13"
2018,14,0,"NMFS acoustic-trawl",0.5,"14","NMFS acoustic-trawl.14"
2018,15,1274430.90988364,"NMFS acoustic-trawl",0.5,"15","NMFS acoustic-trawl.15"
2020,2,669378757.553345,"NMFS acoustic-trawl",0.5,"2","NMFS acoustic-trawl.2"
2020,3,2581079107.51502,"NMFS acoustic-trawl",0.5,"3","NMFS acoustic-trawl.3"
2020,4,2518679392.82784,"NMFS acoustic-trawl",0.5,"4","NMFS acoustic-trawl.4"
2020,5,675051458.888543,"NMFS acoustic-trawl",0.5,"5","NMFS acoustic-trawl.5"
2020,6,277962365.424694,"NMFS acoustic-trawl",0.5,"6","NMFS acoustic-trawl.6"
2020,7,317671274.771079,"NMFS acoustic-trawl",0.5,"7","NMFS acoustic-trawl.7"
2020,8,368725586.787859,"NMFS acoustic-trawl",0.5,"8","NMFS acoustic-trawl.8"
2020,9,73745117.3575718,"NMFS acoustic-trawl",0.5,"9","NMFS acoustic-trawl.9"
2020,10,34036208.011187,"NMFS acoustic-trawl",0.5,"10","NMFS acoustic-trawl.10"
2020,11,17018104.0055935,"NMFS acoustic-trawl",0.5,"11","NMFS acoustic-trawl.11"
2020,12,5672701.33519784,"NMFS acoustic-trawl",0.5,"12","NMFS acoustic-trawl.12"
2020,13,5672701.33519784,"NMFS acoustic-trawl",0.5,"13","NMFS acoustic-trawl.13"
2020,14,0,"NMFS acoustic-trawl",0.5,"14","NMFS acoustic-trawl.14"
2020,15,5672701.33519784,"NMFS acoustic-trawl",0.5,"15","NMFS acoustic-trawl.15"
2022,2,281911963.007525,"NMFS acoustic-trawl",0.5,"2","NMFS acoustic-trawl.2"
2022,3,827301689.943505,"NMFS acoustic-trawl",0.5,"3","NMFS acoustic-trawl.3"
2022,4,5580016503.89942,"NMFS acoustic-trawl",0.5,"4","NMFS acoustic-trawl.4"
2022,5,695132237.124721,"NMFS acoustic-trawl",0.5,"5","NMFS acoustic-trawl.5"
2022,6,179025501.522523,"NMFS acoustic-trawl",0.5,"6","NMFS acoustic-trawl.6"
2022,7,112805226.604964,"NMFS acoustic-trawl",0.5,"7","NMFS acoustic-trawl.7"
2022,8,202852272.439704,"NMFS acoustic-trawl",0.5,"8","NMFS acoustic-trawl.8"
2022,9,141033762.918727,"NMFS acoustic-trawl",0.5,"9","NMFS acoustic-trawl.9"
2022,10,28723385.6581154,"NMFS acoustic-trawl",0.5,"10","NMFS acoustic-trawl.10"
2022,11,14189216.7694005,"NMFS acoustic-trawl",0.5,"11","NMFS acoustic-trawl.11"
2022,12,15183036.2473793,"NMFS acoustic-trawl",0.5,"12","NMFS acoustic-trawl.12"
2022,13,5579204.48889291,"NMFS acoustic-trawl",0.5,"13","NMFS acoustic-trawl.13"
2022,14,1814573.95968285,"NMFS acoustic-trawl",0.5,"14","NMFS acoustic-trawl.14"
2022,15,1328914.89863565,"NMFS acoustic-trawl",0.5,"15","NMFS acoustic-trawl.15"
2024,2,908172074.936958,"NMFS acoustic-trawl",0.5,"2","NMFS acoustic-trawl.2"
2024,3,539170690.174913,"NMFS acoustic-trawl",0.5,"3","NMFS acoustic-trawl.3"
2024,4,300525819.423918,"NMFS acoustic-trawl",0.5,"4","NMFS acoustic-trawl.4"
2024,5,649716907.834256,"NMFS acoustic-trawl",0.5,"5","NMFS acoustic-trawl.5"
2024,6,1968675950.02323,"NMFS acoustic-trawl",0.5,"6","NMFS acoustic-trawl.6"
2024,7,356462947.861557,"NMFS acoustic-trawl",0.5,"7","NMFS acoustic-trawl.7"
2024,8,86988296.396133,"NMFS acoustic-trawl",0.5,"8","NMFS acoustic-trawl.8"
2024,9,68180330.0595303,"NMFS acoustic-trawl",0.5,"9","NMFS acoustic-trawl.9"
2024,10,55230525.8597482,"NMFS acoustic-trawl",0.5,"10","NMFS acoustic-trawl.10"
2024,11,29915110.6737968,"NMFS acoustic-trawl",0.5,"11","NMFS acoustic-trawl.11"
2024,12,11003379.9684729,"NMFS acoustic-trawl",0.5,"12","NMFS acoustic-trawl.12"
2024,13,2690820.1965695,"NMFS acoustic-trawl",0.5,"13","NMFS acoustic-trawl.13"
2024,14,867867.740630993,"NMFS acoustic-trawl",0.5,"14","NMFS acoustic-trawl.14"
2024,15,559429.621856701,"NMFS acoustic-trawl",0.5,"15","NMFS acoustic-trawl.15"
