"component","setting","value","tinyam_support","source_reference","audit_notes"
"assessment","assessment_type","Full assessment","not_checked","DFO 2026/030, p. 2","Review the source description against the current tinyAM model before fitting."
"model","model_name","xteNCAM","not_checked","DFO Research Document 2026/026, p. 10","Review the source description against the current tinyAM model before fitting."
"model","framework_approved_year","2023","not_checked","DFO 2026/030, p. 2","Review the source description against the current tinyAM model before fitting."
"model","model_structure","Ecosystem-informed state-space age-structured model with Capelin-informed mortality rates","not_checked","DFO 2026/030, p. 2","Review the source description against the current tinyAM model before fitting."
"model","data_terminal_year","2025","not_checked","DFO 2026/030, p. 2","Review the source description against the current tinyAM model before fitting."
"model","time_series_start_year","1954","not_checked","DFO 2026/030, p. 2","Review the source description against the current tinyAM model before fitting."
"catch","partial_reporting","Model estimates catch with bounds to account for partial reporting; reported landings are not treated as exact total catch.","not_checked","DFO 2026/030, p. 2","Review the source description against the current tinyAM model before fitting."
"F","fishing_mortality","Age- and time-varying F is estimated.","not_checked","DFO 2026/030, p. 2","Review the source description against the current tinyAM model before fitting."
"M","natural_mortality","Age- and time-varying M is estimated.","not_checked","DFO 2026/030, p. 2","Review the source description against the current tinyAM model before fitting."
"M","baseline_and_capelin_effect","The selected xteNCAM formulation uses constant baseline M and an age-invariant Capelin effect.","not_checked","DFO Research Document 2026/026, p. 10","Review the source description against the current tinyAM model before fitting."
"data","fishery_data","Fishery landings and catch-at-age are listed through 2025.","not_checked","DFO 2026/030, p. 2","Review the source description against the current tinyAM model before fitting."
"data","tagging_data","Tagging data through 2019 are used; data from 2020 onward were excluded to improve retrospective stability.","not_checked","DFO 2026/030, pp. 2-3","Review the source description against the current tinyAM model before fitting."
"data","rv_survey","1983-2003, 2005-2020, 2023-2025; 2025 survey incomplete.","not_checked","DFO 2026/030, p. 2","Review the source description against the current tinyAM model before fitting."
"data","sentinel_survey","1995-2025","not_checked","DFO 2026/030, p. 2","Review the source description against the current tinyAM model before fitting."
"data","smith_sound_survey","1995, 1997-2004, 2006-2009","not_checked","DFO 2026/030, p. 2","Review the source description against the current tinyAM model before fitting."
"data","juvenile_surveys","Fleming: 1959-1964, 1992-1997, 2001, 2020-2021, 2024; Newman Sound: 1996, 1998-2025.","not_checked","DFO 2026/030, p. 2","Review the source description against the current tinyAM model before fitting."
"stock structure","assessment_area","NAFO Divisions 2J3KL are assessed collectively; mixing with adjacent areas is assumed negligible.","not_checked","DFO 2026/030, p. 2","Review the source description against the current tinyAM model before fitting."
"reference point","LRP","40% BMSY","not_checked","DFO 2026/030, p. 2","Review the source description against the current tinyAM model before fitting."
"reference point","USR","80% BMSY","not_checked","DFO 2026/030, p. 2","Review the source description against the current tinyAM model before fitting."
