"year","age","survey","samp_time","obs","q_block","q_key"
1986,2,"DFO September RV survey",0.75,24.719999999965,"2","DFO September RV survey.2"
1986,3,"DFO September RV survey",0.75,35.3500000000375,"3","DFO September RV survey.3"
1986,4,"DFO September RV survey",0.75,36.8499999998759,"4","DFO September RV survey.4"
1986,5,"DFO September RV survey",0.75,37.1300000000023,"5","DFO September RV survey.5"
1986,6,"DFO September RV survey",0.75,44.3200000000059,"6","DFO September RV survey.6"
1986,7,"DFO September RV survey",0.75,32.0400000000434,"7","DFO September RV survey.7"
1986,8,"DFO September RV survey",0.75,9.52000000000697,"8","DFO September RV survey.8"
1986,9,"DFO September RV survey",0.75,2.01000000000021,"9","DFO September RV survey.9"
1986,10,"DFO September RV survey",0.75,2.76000000000069,"10","DFO September RV survey.10"
1986,11,"DFO September RV survey",0.75,1.08999999999847,"11","DFO September RV survey.11"
1987,2,"DFO September RV survey",0.75,12.749999999996,"2","DFO September RV survey.2"
1987,3,"DFO September RV survey",0.75,25.02999999992,"3","DFO September RV survey.3"
1987,4,"DFO September RV survey",0.75,23.100000000052,"4","DFO September RV survey.4"
1987,5,"DFO September RV survey",0.75,31.7099999999896,"5","DFO September RV survey.5"
1987,6,"DFO September RV survey",0.75,23.9400000000539,"6","DFO September RV survey.6"
1987,7,"DFO September RV survey",0.75,31.0399999999608,"7","DFO September RV survey.7"
1987,8,"DFO September RV survey",0.75,11.1100000000032,"8","DFO September RV survey.8"
1987,9,"DFO September RV survey",0.75,2.49000000000561,"9","DFO September RV survey.9"
1987,10,"DFO September RV survey",0.75,1.75999999999306,"10","DFO September RV survey.10"
1987,11,"DFO September RV survey",0.75,0.65999999999985,"11","DFO September RV survey.11"
1988,2,"DFO September RV survey",0.75,19.0500000000214,"2","DFO September RV survey.2"
1988,3,"DFO September RV survey",0.75,70.0199999999681,"3","DFO September RV survey.3"
1988,4,"DFO September RV survey",0.75,64.5599999999855,"4","DFO September RV survey.4"
1988,5,"DFO September RV survey",0.75,51.2599999999673,"5","DFO September RV survey.5"
1988,6,"DFO September RV survey",0.75,35.8499999999244,"6","DFO September RV survey.6"
1988,7,"DFO September RV survey",0.75,19.3500000000234,"7","DFO September RV survey.7"
1988,8,"DFO September RV survey",0.75,20.9300000000318,"8","DFO September RV survey.8"
1988,9,"DFO September RV survey",0.75,12.1700000000276,"9","DFO September RV survey.9"
1988,10,"DFO September RV survey",0.75,2.38000000000279,"10","DFO September RV survey.10"
1988,11,"DFO September RV survey",0.75,0.540000000000583,"11","DFO September RV survey.11"
1989,2,"DFO September RV survey",0.75,27.0100000000801,"2","DFO September RV survey.2"
1989,3,"DFO September RV survey",0.75,34.6299999999125,"3","DFO September RV survey.3"
1989,4,"DFO September RV survey",0.75,32.4900000000932,"4","DFO September RV survey.4"
1989,5,"DFO September RV survey",0.75,29.4600000000481,"5","DFO September RV survey.5"
1989,6,"DFO September RV survey",0.75,30.9299999999484,"6","DFO September RV survey.6"
1989,7,"DFO September RV survey",0.75,16.9799999999968,"7","DFO September RV survey.7"
1989,8,"DFO September RV survey",0.75,10.8399999999889,"8","DFO September RV survey.8"
1989,9,"DFO September RV survey",0.75,10.6200000000041,"9","DFO September RV survey.9"
1989,10,"DFO September RV survey",0.75,6.98999999999309,"10","DFO September RV survey.10"
1989,11,"DFO September RV survey",0.75,1.3300000000002,"11","DFO September RV survey.11"
1990,2,"DFO September RV survey",0.75,6.62000000000221,"2","DFO September RV survey.2"
1990,3,"DFO September RV survey",0.75,35.3999999999663,"3","DFO September RV survey.3"
1990,4,"DFO September RV survey",0.75,26.3500000000233,"4","DFO September RV survey.4"
1990,5,"DFO September RV survey",0.75,19.3099999999892,"5","DFO September RV survey.5"
1990,6,"DFO September RV survey",0.75,13.6400000000194,"6","DFO September RV survey.6"
1990,7,"DFO September RV survey",0.75,9.40999999999882,"7","DFO September RV survey.7"
1990,8,"DFO September RV survey",0.75,5.31000000000117,"8","DFO September RV survey.8"
1990,9,"DFO September RV survey",0.75,3.12999999999811,"9","DFO September RV survey.9"
1990,10,"DFO September RV survey",0.75,3.60999999999365,"10","DFO September RV survey.10"
1990,11,"DFO September RV survey",0.75,1.68999999999906,"11","DFO September RV survey.11"
1991,2,"DFO September RV survey",0.75,7.69999999999614,"2","DFO September RV survey.2"
1991,3,"DFO September RV survey",0.75,15.8900000000228,"3","DFO September RV survey.3"
1991,4,"DFO September RV survey",0.75,33.2399999999582,"4","DFO September RV survey.4"
1991,5,"DFO September RV survey",0.75,26.3700000000159,"5","DFO September RV survey.5"
1991,6,"DFO September RV survey",0.75,10.1800000000002,"6","DFO September RV survey.6"
1991,7,"DFO September RV survey",0.75,5.85000000000068,"7","DFO September RV survey.7"
1991,8,"DFO September RV survey",0.75,3.97000000000379,"8","DFO September RV survey.8"
1991,9,"DFO September RV survey",0.75,1.66000000000067,"9","DFO September RV survey.9"
1991,10,"DFO September RV survey",0.75,1.04999999999977,"10","DFO September RV survey.10"
1991,11,"DFO September RV survey",0.75,1.07999999999799,"11","DFO September RV survey.11"
1992,2,"DFO September RV survey",0.75,4.6899999999964,"2","DFO September RV survey.2"
1992,3,"DFO September RV survey",0.75,9.81000000001727,"3","DFO September RV survey.3"
1992,4,"DFO September RV survey",0.75,13.7800000000023,"4","DFO September RV survey.4"
1992,5,"DFO September RV survey",0.75,12.2400000000063,"5","DFO September RV survey.5"
1992,6,"DFO September RV survey",0.75,6.57999999999246,"6","DFO September RV survey.6"
1992,7,"DFO September RV survey",0.75,2.54999999999956,"7","DFO September RV survey.7"
1992,8,"DFO September RV survey",0.75,1.20000000000163,"8","DFO September RV survey.8"
1992,9,"DFO September RV survey",0.75,0.749999999997113,"9","DFO September RV survey.9"
1992,10,"DFO September RV survey",0.75,0.319999999999741,"10","DFO September RV survey.10"
1992,11,"DFO September RV survey",0.75,0.200000000000099,"11","DFO September RV survey.11"
1993,2,"DFO September RV survey",0.75,6.50999999997394,"2","DFO September RV survey.2"
1993,3,"DFO September RV survey",0.75,9.17000000000707,"3","DFO September RV survey.3"
1993,4,"DFO September RV survey",0.75,14.0100000000231,"4","DFO September RV survey.4"
1993,5,"DFO September RV survey",0.75,16.4499999999821,"5","DFO September RV survey.5"
1993,6,"DFO September RV survey",0.75,10.7999999999985,"6","DFO September RV survey.6"
1993,7,"DFO September RV survey",0.75,4.94000000000336,"7","DFO September RV survey.7"
1993,8,"DFO September RV survey",0.75,1.61000000000168,"8","DFO September RV survey.8"
1993,9,"DFO September RV survey",0.75,0.649999999998232,"9","DFO September RV survey.9"
1993,10,"DFO September RV survey",0.75,0.370000000000187,"10","DFO September RV survey.10"
1993,11,"DFO September RV survey",0.75,0.110000000000248,"11","DFO September RV survey.11"
1994,2,"DFO September RV survey",0.75,1.78999999999898,"2","DFO September RV survey.2"
1994,3,"DFO September RV survey",0.75,7.61000000002524,"3","DFO September RV survey.3"
1994,4,"DFO September RV survey",0.75,9.07000000002517,"4","DFO September RV survey.4"
1994,5,"DFO September RV survey",0.75,9.72999999998118,"5","DFO September RV survey.5"
1994,6,"DFO September RV survey",0.75,12.0299999999825,"6","DFO September RV survey.6"
1994,7,"DFO September RV survey",0.75,7.76000000001046,"7","DFO September RV survey.7"
1994,8,"DFO September RV survey",0.75,2.78999999999865,"8","DFO September RV survey.8"
1994,9,"DFO September RV survey",0.75,1.11999999999836,"9","DFO September RV survey.9"
1994,10,"DFO September RV survey",0.75,0.410000000000284,"10","DFO September RV survey.10"
1994,11,"DFO September RV survey",0.75,0.2999999999999,"11","DFO September RV survey.11"
1995,2,"DFO September RV survey",0.75,4.16999999999782,"2","DFO September RV survey.2"
1995,3,"DFO September RV survey",0.75,5.85999999998296,"3","DFO September RV survey.3"
1995,4,"DFO September RV survey",0.75,10.2299999999707,"4","DFO September RV survey.4"
1995,5,"DFO September RV survey",0.75,10.1099999999734,"5","DFO September RV survey.5"
1995,6,"DFO September RV survey",0.75,8.01000000001983,"6","DFO September RV survey.6"
1995,7,"DFO September RV survey",0.75,10.3900000000235,"7","DFO September RV survey.7"
1995,8,"DFO September RV survey",0.75,4.82000000000033,"8","DFO September RV survey.8"
1995,9,"DFO September RV survey",0.75,1.81999999999914,"9","DFO September RV survey.9"
1995,10,"DFO September RV survey",0.75,0.56999999999865,"10","DFO September RV survey.10"
1995,11,"DFO September RV survey",0.75,0.300000000000119,"11","DFO September RV survey.11"
1996,2,"DFO September RV survey",0.75,2.20000000000143,"2","DFO September RV survey.2"
1996,3,"DFO September RV survey",0.75,7.20000000002543,"3","DFO September RV survey.3"
1996,4,"DFO September RV survey",0.75,12.4900000000045,"4","DFO September RV survey.4"
1996,5,"DFO September RV survey",0.75,11.0300000000152,"5","DFO September RV survey.5"
1996,6,"DFO September RV survey",0.75,9.7000000000184,"6","DFO September RV survey.6"
1996,7,"DFO September RV survey",0.75,7.41999999997865,"7","DFO September RV survey.7"
1996,8,"DFO September RV survey",0.75,8.05999999998091,"8","DFO September RV survey.8"
1996,9,"DFO September RV survey",0.75,3.81000000000553,"9","DFO September RV survey.9"
1996,10,"DFO September RV survey",0.75,1.10999999999916,"10","DFO September RV survey.10"
1996,11,"DFO September RV survey",0.75,0.380000000000708,"11","DFO September RV survey.11"
1997,2,"DFO September RV survey",0.75,4.7000000000024,"2","DFO September RV survey.2"
1997,3,"DFO September RV survey",0.75,5.53999999998244,"3","DFO September RV survey.3"
1997,4,"DFO September RV survey",0.75,6.16999999999021,"4","DFO September RV survey.4"
1997,5,"DFO September RV survey",0.75,10.3700000000101,"5","DFO September RV survey.5"
1997,6,"DFO September RV survey",0.75,7.02999999998333,"6","DFO September RV survey.6"
1997,7,"DFO September RV survey",0.75,5.04000000001427,"7","DFO September RV survey.7"
1997,8,"DFO September RV survey",0.75,3.38000000000026,"8","DFO September RV survey.8"
1997,9,"DFO September RV survey",0.75,3.8399999999997,"9","DFO September RV survey.9"
1997,10,"DFO September RV survey",0.75,1.42000000000056,"10","DFO September RV survey.10"
1997,11,"DFO September RV survey",0.75,0.390000000000067,"11","DFO September RV survey.11"
1998,2,"DFO September RV survey",0.75,5.2300000000235,"2","DFO September RV survey.2"
1998,3,"DFO September RV survey",0.75,7.93000000000431,"3","DFO September RV survey.3"
1998,4,"DFO September RV survey",0.75,7.38000000001178,"4","DFO September RV survey.4"
1998,5,"DFO September RV survey",0.75,5.84999999999054,"5","DFO September RV survey.5"
1998,6,"DFO September RV survey",0.75,7.58999999998353,"6","DFO September RV survey.6"
1998,7,"DFO September RV survey",0.75,4.88000000000636,"7","DFO September RV survey.7"
1998,8,"DFO September RV survey",0.75,3.29000000000213,"8","DFO September RV survey.8"
1998,9,"DFO September RV survey",0.75,2.80000000000223,"9","DFO September RV survey.9"
1998,10,"DFO September RV survey",0.75,2.46000000000072,"10","DFO September RV survey.10"
1998,11,"DFO September RV survey",0.75,0.769999999999167,"11","DFO September RV survey.11"
1999,2,"DFO September RV survey",0.75,6.38999999997105,"2","DFO September RV survey.2"
1999,3,"DFO September RV survey",0.75,8.69999999999219,"3","DFO September RV survey.3"
1999,4,"DFO September RV survey",0.75,12.8800000000215,"4","DFO September RV survey.4"
1999,5,"DFO September RV survey",0.75,12.2499999999761,"5","DFO September RV survey.5"
1999,6,"DFO September RV survey",0.75,5.47000000000068,"6","DFO September RV survey.6"
1999,7,"DFO September RV survey",0.75,6.61000000000868,"7","DFO September RV survey.7"
1999,8,"DFO September RV survey",0.75,3.65000000000102,"8","DFO September RV survey.8"
1999,9,"DFO September RV survey",0.75,3.37000000000299,"9","DFO September RV survey.9"
1999,10,"DFO September RV survey",0.75,1.30999999999968,"10","DFO September RV survey.10"
1999,11,"DFO September RV survey",0.75,1.69999999999783,"11","DFO September RV survey.11"
2000,2,"DFO September RV survey",0.75,2.45000000000196,"2","DFO September RV survey.2"
2000,3,"DFO September RV survey",0.75,6.86000000002074,"3","DFO September RV survey.3"
2000,4,"DFO September RV survey",0.75,9.32999999998614,"4","DFO September RV survey.4"
2000,5,"DFO September RV survey",0.75,9.92999999998448,"5","DFO September RV survey.5"
2000,6,"DFO September RV survey",0.75,8.22999999999712,"6","DFO September RV survey.6"
2000,7,"DFO September RV survey",0.75,3.34000000000348,"7","DFO September RV survey.7"
2000,8,"DFO September RV survey",0.75,4.01000000000242,"8","DFO September RV survey.8"
2000,9,"DFO September RV survey",0.75,1.50000000000062,"9","DFO September RV survey.9"
2000,10,"DFO September RV survey",0.75,1.13000000000085,"10","DFO September RV survey.10"
2000,11,"DFO September RV survey",0.75,0.840000000002442,"11","DFO September RV survey.11"
2001,2,"DFO September RV survey",0.75,1.99999999999906,"2","DFO September RV survey.2"
2001,3,"DFO September RV survey",0.75,4.38000000001809,"3","DFO September RV survey.3"
2001,4,"DFO September RV survey",0.75,7.76999999998821,"4","DFO September RV survey.4"
2001,5,"DFO September RV survey",0.75,8.74999999999077,"5","DFO September RV survey.5"
2001,6,"DFO September RV survey",0.75,7.59999999999151,"6","DFO September RV survey.6"
2001,7,"DFO September RV survey",0.75,4.98000000000883,"7","DFO September RV survey.7"
2001,8,"DFO September RV survey",0.75,2.43000000000126,"8","DFO September RV survey.8"
2001,9,"DFO September RV survey",0.75,1.49000000000081,"9","DFO September RV survey.9"
2001,10,"DFO September RV survey",0.75,0.929999999999928,"10","DFO September RV survey.10"
2001,11,"DFO September RV survey",0.75,0.480000000000753,"11","DFO September RV survey.11"
2002,2,"DFO September RV survey",0.75,2.82999999999471,"2","DFO September RV survey.2"
2002,3,"DFO September RV survey",0.75,4.80999999999784,"3","DFO September RV survey.3"
2002,4,"DFO September RV survey",0.75,15.4199999999607,"4","DFO September RV survey.4"
2002,5,"DFO September RV survey",0.75,21.1000000000122,"5","DFO September RV survey.5"
2002,6,"DFO September RV survey",0.75,14.5199999999975,"6","DFO September RV survey.6"
2002,7,"DFO September RV survey",0.75,9.17000000002939,"7","DFO September RV survey.7"
2002,8,"DFO September RV survey",0.75,5.60999999999486,"8","DFO September RV survey.8"
2002,9,"DFO September RV survey",0.75,1.33999999999787,"9","DFO September RV survey.9"
2002,10,"DFO September RV survey",0.75,1.11999999999583,"10","DFO September RV survey.10"
2002,11,"DFO September RV survey",0.75,0.549999999999766,"11","DFO September RV survey.11"
2004,2,"DFO September RV survey",0.75,11.3700000000111,"2","DFO September RV survey.2"
2004,3,"DFO September RV survey",0.75,12.9199999999966,"3","DFO September RV survey.3"
2004,4,"DFO September RV survey",0.75,11.7400000000228,"4","DFO September RV survey.4"
2004,5,"DFO September RV survey",0.75,9.41999999999377,"5","DFO September RV survey.5"
2004,6,"DFO September RV survey",0.75,5.51999999999809,"6","DFO September RV survey.6"
2004,7,"DFO September RV survey",0.75,5.66999999999542,"7","DFO September RV survey.7"
2004,8,"DFO September RV survey",0.75,4.3999999999998,"8","DFO September RV survey.8"
2004,9,"DFO September RV survey",0.75,2.42000000000119,"9","DFO September RV survey.9"
2004,10,"DFO September RV survey",0.75,1.45000000000023,"10","DFO September RV survey.10"
2004,11,"DFO September RV survey",0.75,0.210000000000168,"11","DFO September RV survey.11"
2005,2,"DFO September RV survey",0.75,0.96999999999907,"2","DFO September RV survey.2"
2005,3,"DFO September RV survey",0.75,6.27000000000061,"3","DFO September RV survey.3"
2005,4,"DFO September RV survey",0.75,9.87999999999072,"4","DFO September RV survey.4"
2005,5,"DFO September RV survey",0.75,6.81999999999042,"5","DFO September RV survey.5"
2005,6,"DFO September RV survey",0.75,3.14000000001055,"6","DFO September RV survey.6"
2005,7,"DFO September RV survey",0.75,1.20999999999909,"7","DFO September RV survey.7"
2005,8,"DFO September RV survey",0.75,0.96999999999907,"8","DFO September RV survey.8"
2005,9,"DFO September RV survey",0.75,0.750000000000073,"9","DFO September RV survey.9"
2005,10,"DFO September RV survey",0.75,0.410000000001064,"10","DFO September RV survey.10"
2005,11,"DFO September RV survey",0.75,0.300000000000029,"11","DFO September RV survey.11"
2006,2,"DFO September RV survey",0.75,2.74000000000091,"2","DFO September RV survey.2"
2006,3,"DFO September RV survey",0.75,2.75000000000172,"3","DFO September RV survey.3"
2006,4,"DFO September RV survey",0.75,6.09999999998692,"4","DFO September RV survey.4"
2006,5,"DFO September RV survey",0.75,12.2500000000139,"5","DFO September RV survey.5"
2006,6,"DFO September RV survey",0.75,7.0999999999954,"6","DFO September RV survey.6"
2006,7,"DFO September RV survey",0.75,2.97000000000142,"7","DFO September RV survey.7"
2006,8,"DFO September RV survey",0.75,0.789999999998778,"8","DFO September RV survey.8"
2006,9,"DFO September RV survey",0.75,0.770000000000768,"9","DFO September RV survey.9"
2006,10,"DFO September RV survey",0.75,0.360000000000172,"10","DFO September RV survey.10"
2006,11,"DFO September RV survey",0.75,0.170000000000001,"11","DFO September RV survey.11"
2007,2,"DFO September RV survey",0.75,1.59999999999983,"2","DFO September RV survey.2"
2007,3,"DFO September RV survey",0.75,4.10999999999384,"3","DFO September RV survey.3"
2007,4,"DFO September RV survey",0.75,5.75000000000177,"4","DFO September RV survey.4"
2007,5,"DFO September RV survey",0.75,4.80999999999169,"5","DFO September RV survey.5"
2007,6,"DFO September RV survey",0.75,7.36000000001194,"6","DFO September RV survey.6"
2007,7,"DFO September RV survey",0.75,4.0799999999961,"7","DFO September RV survey.7"
2007,8,"DFO September RV survey",0.75,1.53000000000005,"8","DFO September RV survey.8"
2007,9,"DFO September RV survey",0.75,0.539999999998771,"9","DFO September RV survey.9"
2007,10,"DFO September RV survey",0.75,0.370000000001456,"10","DFO September RV survey.10"
2007,11,"DFO September RV survey",0.75,0.110000000000007,"11","DFO September RV survey.11"
2008,2,"DFO September RV survey",0.75,1.86999999999687,"2","DFO September RV survey.2"
2008,3,"DFO September RV survey",0.75,3.7300000000105,"3","DFO September RV survey.3"
2008,4,"DFO September RV survey",0.75,2.50999999999585,"4","DFO September RV survey.4"
2008,5,"DFO September RV survey",0.75,5.71000000000317,"5","DFO September RV survey.5"
2008,6,"DFO September RV survey",0.75,3.17000000001101,"6","DFO September RV survey.6"
2008,7,"DFO September RV survey",0.75,7.15999999999576,"7","DFO September RV survey.7"
2008,8,"DFO September RV survey",0.75,4.3899999999977,"8","DFO September RV survey.8"
2008,9,"DFO September RV survey",0.75,1.76999999999674,"9","DFO September RV survey.9"
2008,10,"DFO September RV survey",0.75,0.450000000000593,"10","DFO September RV survey.10"
2008,11,"DFO September RV survey",0.75,0.309999999999787,"11","DFO September RV survey.11"
2009,2,"DFO September RV survey",0.75,1.69000000000025,"2","DFO September RV survey.2"
2009,3,"DFO September RV survey",0.75,10.3900000000175,"3","DFO September RV survey.3"
2009,4,"DFO September RV survey",0.75,15.2399999999795,"4","DFO September RV survey.4"
2009,5,"DFO September RV survey",0.75,5.17999999997739,"5","DFO September RV survey.5"
2009,6,"DFO September RV survey",0.75,5.4300000000204,"6","DFO September RV survey.6"
2009,7,"DFO September RV survey",0.75,1.98999999999789,"7","DFO September RV survey.7"
2009,8,"DFO September RV survey",0.75,3.2900000000012,"8","DFO September RV survey.8"
2009,9,"DFO September RV survey",0.75,1.19999999999959,"9","DFO September RV survey.9"
2009,10,"DFO September RV survey",0.75,0.520000000000422,"10","DFO September RV survey.10"
2009,11,"DFO September RV survey",0.75,0.0400000000000013,"11","DFO September RV survey.11"
2010,2,"DFO September RV survey",0.75,3.04000000000912,"2","DFO September RV survey.2"
2010,3,"DFO September RV survey",0.75,3.29000000000312,"3","DFO September RV survey.3"
2010,4,"DFO September RV survey",0.75,3.17000000000356,"4","DFO September RV survey.4"
2010,5,"DFO September RV survey",0.75,5.05999999999152,"5","DFO September RV survey.5"
2010,6,"DFO September RV survey",0.75,1.17000000000077,"6","DFO September RV survey.6"
2010,7,"DFO September RV survey",0.75,1.65999999999998,"7","DFO September RV survey.7"
2010,8,"DFO September RV survey",0.75,0.869999999999844,"8","DFO September RV survey.8"
2010,9,"DFO September RV survey",0.75,1.30000000000131,"9","DFO September RV survey.9"
2010,10,"DFO September RV survey",0.75,0.599999999999822,"10","DFO September RV survey.10"
2010,11,"DFO September RV survey",0.75,0.16000000000002,"11","DFO September RV survey.11"
2011,2,"DFO September RV survey",0.75,1.09000000000173,"2","DFO September RV survey.2"
2011,3,"DFO September RV survey",0.75,3.89000000000099,"3","DFO September RV survey.3"
2011,4,"DFO September RV survey",0.75,2.60999999999777,"4","DFO September RV survey.4"
2011,5,"DFO September RV survey",0.75,1.99999999999758,"5","DFO September RV survey.5"
2011,6,"DFO September RV survey",0.75,2.14999999999806,"6","DFO September RV survey.6"
2011,7,"DFO September RV survey",0.75,0.350000000000239,"7","DFO September RV survey.7"
2011,8,"DFO September RV survey",0.75,0.580000000001417,"8","DFO September RV survey.8"
2011,9,"DFO September RV survey",0.75,0.180000000000577,"9","DFO September RV survey.9"
2011,10,"DFO September RV survey",0.75,0.320000000000142,"10","DFO September RV survey.10"
2011,11,"DFO September RV survey",0.75,0.0800000000001681,"11","DFO September RV survey.11"
2012,2,"DFO September RV survey",0.75,1.75000000000203,"2","DFO September RV survey.2"
2012,3,"DFO September RV survey",0.75,2.66999999999892,"3","DFO September RV survey.3"
2012,4,"DFO September RV survey",0.75,5.61000000000067,"4","DFO September RV survey.4"
2012,5,"DFO September RV survey",0.75,1.10999999999939,"5","DFO September RV survey.5"
2012,6,"DFO September RV survey",0.75,1.08000000000031,"6","DFO September RV survey.6"
2012,7,"DFO September RV survey",0.75,1.05999999999953,"7","DFO September RV survey.7"
2012,8,"DFO September RV survey",0.75,0.130000000000052,"8","DFO September RV survey.8"
2012,9,"DFO September RV survey",0.75,0.220000000000216,"9","DFO September RV survey.9"
2012,10,"DFO September RV survey",0.75,0.0999999999999977,"10","DFO September RV survey.10"
2012,11,"DFO September RV survey",0.75,0.0800000000000534,"11","DFO September RV survey.11"
2013,2,"DFO September RV survey",0.75,12.9599999999924,"2","DFO September RV survey.2"
2013,3,"DFO September RV survey",0.75,20.7800000000298,"3","DFO September RV survey.3"
2013,4,"DFO September RV survey",0.75,11.8099999999907,"4","DFO September RV survey.4"
2013,5,"DFO September RV survey",0.75,10.2299999999834,"5","DFO September RV survey.5"
2013,6,"DFO September RV survey",0.75,3.98000000000694,"6","DFO September RV survey.6"
2013,7,"DFO September RV survey",0.75,2.43000000000101,"7","DFO September RV survey.7"
2013,8,"DFO September RV survey",0.75,1.93000000000056,"8","DFO September RV survey.8"
2013,9,"DFO September RV survey",0.75,0.370000000000202,"9","DFO September RV survey.9"
2013,10,"DFO September RV survey",0.75,0.270000000000112,"10","DFO September RV survey.10"
2013,11,"DFO September RV survey",0.75,0.0899999999998213,"11","DFO September RV survey.11"
2014,2,"DFO September RV survey",0.75,3.84000000001481,"2","DFO September RV survey.2"
2014,3,"DFO September RV survey",0.75,16.0399999999995,"3","DFO September RV survey.3"
2014,4,"DFO September RV survey",0.75,9.35999999999347,"4","DFO September RV survey.4"
2014,5,"DFO September RV survey",0.75,4.16999999999417,"5","DFO September RV survey.5"
2014,6,"DFO September RV survey",0.75,2.83000000000424,"6","DFO September RV survey.6"
2014,7,"DFO September RV survey",0.75,0.470000000001616,"7","DFO September RV survey.7"
2014,8,"DFO September RV survey",0.75,0.599999999998998,"8","DFO September RV survey.8"
2014,9,"DFO September RV survey",0.75,0.389999999999728,"9","DFO September RV survey.9"
2014,10,"DFO September RV survey",0.75,0.130000000000036,"10","DFO September RV survey.10"
2014,11,"DFO September RV survey",0.75,0.0700000000001358,"11","DFO September RV survey.11"
2015,2,"DFO September RV survey",0.75,1.91000000000099,"2","DFO September RV survey.2"
2015,3,"DFO September RV survey",0.75,4.20999999999196,"3","DFO September RV survey.3"
2015,4,"DFO September RV survey",0.75,8.32999999999859,"4","DFO September RV survey.4"
2015,5,"DFO September RV survey",0.75,5.1800000000034,"5","DFO September RV survey.5"
2015,6,"DFO September RV survey",0.75,3.10999999999279,"6","DFO September RV survey.6"
2015,7,"DFO September RV survey",0.75,2.76000000000522,"7","DFO September RV survey.7"
2015,8,"DFO September RV survey",0.75,0.549999999999586,"8","DFO September RV survey.8"
2015,9,"DFO September RV survey",0.75,0.369999999999478,"9","DFO September RV survey.9"
2015,10,"DFO September RV survey",0.75,0.280000000000762,"10","DFO September RV survey.10"
2015,11,"DFO September RV survey",0.75,0.0600000000001251,"11","DFO September RV survey.11"
2016,2,"DFO September RV survey",0.75,0.699999999999196,"2","DFO September RV survey.2"
2016,3,"DFO September RV survey",0.75,2.45999999999868,"3","DFO September RV survey.3"
2016,4,"DFO September RV survey",0.75,3.30000000000172,"4","DFO September RV survey.4"
2016,5,"DFO September RV survey",0.75,2.6799999999988,"5","DFO September RV survey.5"
2016,6,"DFO September RV survey",0.75,2.18000000000243,"6","DFO September RV survey.6"
2016,7,"DFO September RV survey",0.75,1.21999999999999,"7","DFO September RV survey.7"
2016,8,"DFO September RV survey",0.75,1.06999999999965,"8","DFO September RV survey.8"
2016,9,"DFO September RV survey",0.75,0.289999999999891,"9","DFO September RV survey.9"
2016,10,"DFO September RV survey",0.75,0.269999999999751,"10","DFO September RV survey.10"
2016,11,"DFO September RV survey",0.75,0.109999999999914,"11","DFO September RV survey.11"
2017,2,"DFO September RV survey",0.75,1.10999999999792,"2","DFO September RV survey.2"
2017,3,"DFO September RV survey",0.75,1.37000000000141,"3","DFO September RV survey.3"
2017,4,"DFO September RV survey",0.75,2.64000000000347,"4","DFO September RV survey.4"
2017,5,"DFO September RV survey",0.75,2.06999999999683,"5","DFO September RV survey.5"
2017,6,"DFO September RV survey",0.75,0.699999999999742,"6","DFO September RV survey.6"
2017,7,"DFO September RV survey",0.75,0.370000000000172,"7","DFO September RV survey.7"
2017,8,"DFO September RV survey",0.75,0.230000000000224,"8","DFO September RV survey.8"
2017,9,"DFO September RV survey",0.75,0.130000000000014,"9","DFO September RV survey.9"
2017,10,"DFO September RV survey",0.75,0.0199999999999556,"10","DFO September RV survey.10"
2017,11,"DFO September RV survey",0.75,0,"11","DFO September RV survey.11"
2018,2,"DFO September RV survey",0.75,0.909999999999784,"2","DFO September RV survey.2"
2018,3,"DFO September RV survey",0.75,3.93999999999901,"3","DFO September RV survey.3"
2018,4,"DFO September RV survey",0.75,2.32000000000485,"4","DFO September RV survey.4"
2018,5,"DFO September RV survey",0.75,1.72999999999819,"5","DFO September RV survey.5"
2018,6,"DFO September RV survey",0.75,1.29999999999633,"6","DFO September RV survey.6"
2018,7,"DFO September RV survey",0.75,0.740000000000715,"7","DFO September RV survey.7"
2018,8,"DFO September RV survey",0.75,0.359999999999618,"8","DFO September RV survey.8"
2018,9,"DFO September RV survey",0.75,0.170000000000244,"9","DFO September RV survey.9"
2018,10,"DFO September RV survey",0.75,0.260000000000442,"10","DFO September RV survey.10"
2018,11,"DFO September RV survey",0.75,0.0199999999999526,"11","DFO September RV survey.11"
2003,2,"Mobile Sentinel August survey",0.625,8.65999999997608,"2","Mobile Sentinel August survey.2"
2003,3,"Mobile Sentinel August survey",0.625,8.52000000000391,"3","Mobile Sentinel August survey.3"
2003,4,"Mobile Sentinel August survey",0.625,8.11000000000019,"4","Mobile Sentinel August survey.4"
2003,5,"Mobile Sentinel August survey",0.625,6.5199999999788,"5","Mobile Sentinel August survey.5"
2003,6,"Mobile Sentinel August survey",0.625,5.16000000000371,"6","Mobile Sentinel August survey.6"
2003,7,"Mobile Sentinel August survey",0.625,4.82000000000994,"7","Mobile Sentinel August survey.7"
2003,8,"Mobile Sentinel August survey",0.625,3.39000000000105,"8","Mobile Sentinel August survey.8"
2003,9,"Mobile Sentinel August survey",0.625,1.61999999999839,"9","Mobile Sentinel August survey.9"
2003,10,"Mobile Sentinel August survey",0.625,0.420000000000025,"10","Mobile Sentinel August survey.10"
2003,11,"Mobile Sentinel August survey",0.625,0.500000000001506,"11","Mobile Sentinel August survey.11"
2004,2,"Mobile Sentinel August survey",0.625,5.95999999998433,"2","Mobile Sentinel August survey.2"
2004,3,"Mobile Sentinel August survey",0.625,9.10000000000487,"3","Mobile Sentinel August survey.3"
2004,4,"Mobile Sentinel August survey",0.625,9.78000000001091,"4","Mobile Sentinel August survey.4"
2004,5,"Mobile Sentinel August survey",0.625,7.32999999999037,"5","Mobile Sentinel August survey.5"
2004,6,"Mobile Sentinel August survey",0.625,2.91999999999923,"6","Mobile Sentinel August survey.6"
2004,7,"Mobile Sentinel August survey",0.625,2.73000000000146,"7","Mobile Sentinel August survey.7"
2004,8,"Mobile Sentinel August survey",0.625,1.93999999999934,"8","Mobile Sentinel August survey.8"
2004,9,"Mobile Sentinel August survey",0.625,1.080000000002,"9","Mobile Sentinel August survey.9"
2004,10,"Mobile Sentinel August survey",0.625,0.66999999999958,"10","Mobile Sentinel August survey.10"
2004,11,"Mobile Sentinel August survey",0.625,0.149999999999838,"11","Mobile Sentinel August survey.11"
2005,2,"Mobile Sentinel August survey",0.625,0.469999999998623,"2","Mobile Sentinel August survey.2"
2005,3,"Mobile Sentinel August survey",0.625,4.13000000000547,"3","Mobile Sentinel August survey.3"
2005,4,"Mobile Sentinel August survey",0.625,7.8899999999995,"4","Mobile Sentinel August survey.4"
2005,5,"Mobile Sentinel August survey",0.625,6.27999999999138,"5","Mobile Sentinel August survey.5"
2005,6,"Mobile Sentinel August survey",0.625,3.14000000000832,"6","Mobile Sentinel August survey.6"
2005,7,"Mobile Sentinel August survey",0.625,1.35000000000002,"7","Mobile Sentinel August survey.7"
2005,8,"Mobile Sentinel August survey",0.625,0.949999999998238,"8","Mobile Sentinel August survey.8"
2005,9,"Mobile Sentinel August survey",0.625,0.469999999998623,"9","Mobile Sentinel August survey.9"
2005,10,"Mobile Sentinel August survey",0.625,0.340000000000884,"10","Mobile Sentinel August survey.10"
2005,11,"Mobile Sentinel August survey",0.625,0.229999999999826,"11","Mobile Sentinel August survey.11"
2006,2,"Mobile Sentinel August survey",0.625,2.03000000001107,"2","Mobile Sentinel August survey.2"
2006,3,"Mobile Sentinel August survey",0.625,1.81000000000142,"3","Mobile Sentinel August survey.3"
2006,4,"Mobile Sentinel August survey",0.625,3.44999999999814,"4","Mobile Sentinel August survey.4"
2006,5,"Mobile Sentinel August survey",0.625,6.1100000000029,"5","Mobile Sentinel August survey.5"
2006,6,"Mobile Sentinel August survey",0.625,3.87999999999223,"6","Mobile Sentinel August survey.6"
2006,7,"Mobile Sentinel August survey",0.625,1.89000000000126,"7","Mobile Sentinel August survey.7"
2006,8,"Mobile Sentinel August survey",0.625,0.500000000001017,"8","Mobile Sentinel August survey.8"
2006,9,"Mobile Sentinel August survey",0.625,0.270000000000468,"9","Mobile Sentinel August survey.9"
2006,10,"Mobile Sentinel August survey",0.625,0.150000000000103,"10","Mobile Sentinel August survey.10"
2006,11,"Mobile Sentinel August survey",0.625,0.0900000000000216,"11","Mobile Sentinel August survey.11"
2007,2,"Mobile Sentinel August survey",0.625,1.16999999999971,"2","Mobile Sentinel August survey.2"
2007,3,"Mobile Sentinel August survey",0.625,9.10999999999129,"3","Mobile Sentinel August survey.3"
2007,4,"Mobile Sentinel August survey",0.625,10.0000000000142,"4","Mobile Sentinel August survey.4"
2007,5,"Mobile Sentinel August survey",0.625,5.26999999998804,"5","Mobile Sentinel August survey.5"
2007,6,"Mobile Sentinel August survey",0.625,5.01000000000638,"6","Mobile Sentinel August survey.6"
2007,7,"Mobile Sentinel August survey",0.625,1.98000000000082,"7","Mobile Sentinel August survey.7"
2007,8,"Mobile Sentinel August survey",0.625,0.960000000000813,"8","Mobile Sentinel August survey.8"
2007,9,"Mobile Sentinel August survey",0.625,0.409999999998491,"9","Mobile Sentinel August survey.9"
2007,10,"Mobile Sentinel August survey",0.625,0.280000000000123,"10","Mobile Sentinel August survey.10"
2007,11,"Mobile Sentinel August survey",0.625,0.0799999999998393,"11","Mobile Sentinel August survey.11"
2008,2,"Mobile Sentinel August survey",0.625,3.4400000000109,"2","Mobile Sentinel August survey.2"
2008,3,"Mobile Sentinel August survey",0.625,6.39999999998541,"3","Mobile Sentinel August survey.3"
2008,4,"Mobile Sentinel August survey",0.625,4.84999999999348,"4","Mobile Sentinel August survey.4"
2008,5,"Mobile Sentinel August survey",0.625,7.32000000001181,"5","Mobile Sentinel August survey.5"
2008,6,"Mobile Sentinel August survey",0.625,2.65999999999996,"6","Mobile Sentinel August survey.6"
2008,7,"Mobile Sentinel August survey",0.625,3.71999999999898,"7","Mobile Sentinel August survey.7"
2008,8,"Mobile Sentinel August survey",0.625,1.37000000000046,"8","Mobile Sentinel August survey.8"
2008,9,"Mobile Sentinel August survey",0.625,0.589999999998703,"9","Mobile Sentinel August survey.9"
2008,10,"Mobile Sentinel August survey",0.625,0.139999999999853,"10","Mobile Sentinel August survey.10"
2008,11,"Mobile Sentinel August survey",0.625,0.10999999999995,"11","Mobile Sentinel August survey.11"
2009,2,"Mobile Sentinel August survey",0.625,3.07000000000124,"2","Mobile Sentinel August survey.2"
2009,3,"Mobile Sentinel August survey",0.625,10.4099999999905,"3","Mobile Sentinel August survey.3"
2009,4,"Mobile Sentinel August survey",0.625,9.84999999999433,"4","Mobile Sentinel August survey.4"
2009,5,"Mobile Sentinel August survey",0.625,2.54000000000041,"5","Mobile Sentinel August survey.5"
2009,6,"Mobile Sentinel August survey",0.625,4.06000000000687,"6","Mobile Sentinel August survey.6"
2009,7,"Mobile Sentinel August survey",0.625,1.27000000000021,"7","Mobile Sentinel August survey.7"
2009,8,"Mobile Sentinel August survey",0.625,2.38999999999946,"8","Mobile Sentinel August survey.8"
2009,9,"Mobile Sentinel August survey",0.625,0.919999999999135,"9","Mobile Sentinel August survey.9"
2009,10,"Mobile Sentinel August survey",0.625,0.269999999999981,"10","Mobile Sentinel August survey.10"
2009,11,"Mobile Sentinel August survey",0.625,0.080000000000046,"11","Mobile Sentinel August survey.11"
2010,2,"Mobile Sentinel August survey",0.625,1.32999999999953,"2","Mobile Sentinel August survey.2"
2010,3,"Mobile Sentinel August survey",0.625,4.38999999999626,"3","Mobile Sentinel August survey.3"
2010,4,"Mobile Sentinel August survey",0.625,4.14000000000625,"4","Mobile Sentinel August survey.4"
2010,5,"Mobile Sentinel August survey",0.625,4.94999999999729,"5","Mobile Sentinel August survey.5"
2010,6,"Mobile Sentinel August survey",0.625,1.32999999999953,"6","Mobile Sentinel August survey.6"
2010,7,"Mobile Sentinel August survey",0.625,1.61000000000005,"7","Mobile Sentinel August survey.7"
2010,8,"Mobile Sentinel August survey",0.625,0.539999999999882,"8","Mobile Sentinel August survey.8"
2010,9,"Mobile Sentinel August survey",0.625,0.620000000000587,"9","Mobile Sentinel August survey.9"
2010,10,"Mobile Sentinel August survey",0.625,0.390000000000023,"10","Mobile Sentinel August survey.10"
2010,11,"Mobile Sentinel August survey",0.625,0.199999999999812,"11","Mobile Sentinel August survey.11"
2011,2,"Mobile Sentinel August survey",0.625,1.10999999999999,"2","Mobile Sentinel August survey.2"
2011,3,"Mobile Sentinel August survey",0.625,5.53000000000655,"3","Mobile Sentinel August survey.3"
2011,4,"Mobile Sentinel August survey",0.625,3.52999999999213,"4","Mobile Sentinel August survey.4"
2011,5,"Mobile Sentinel August survey",0.625,4.9799999999962,"5","Mobile Sentinel August survey.5"
2011,6,"Mobile Sentinel August survey",0.625,5.38000000000373,"6","Mobile Sentinel August survey.6"
2011,7,"Mobile Sentinel August survey",0.625,0.799999999998801,"7","Mobile Sentinel August survey.7"
2011,8,"Mobile Sentinel August survey",0.625,0.890000000000496,"8","Mobile Sentinel August survey.8"
2011,9,"Mobile Sentinel August survey",0.625,0.390000000000374,"9","Mobile Sentinel August survey.9"
2011,10,"Mobile Sentinel August survey",0.625,0.530000000000687,"10","Mobile Sentinel August survey.10"
2011,11,"Mobile Sentinel August survey",0.625,0.0900000000000684,"11","Mobile Sentinel August survey.11"
2012,2,"Mobile Sentinel August survey",0.625,0.739999999999824,"2","Mobile Sentinel August survey.2"
2012,3,"Mobile Sentinel August survey",0.625,1.87999999999655,"3","Mobile Sentinel August survey.3"
2012,4,"Mobile Sentinel August survey",0.625,3.78000000000653,"4","Mobile Sentinel August survey.4"
2012,5,"Mobile Sentinel August survey",0.625,0.870000000000669,"5","Mobile Sentinel August survey.5"
2012,6,"Mobile Sentinel August survey",0.625,1.15000000000035,"6","Mobile Sentinel August survey.6"
2012,7,"Mobile Sentinel August survey",0.625,1.09999999999765,"7","Mobile Sentinel August survey.7"
2012,8,"Mobile Sentinel August survey",0.625,0.200000000000509,"8","Mobile Sentinel August survey.8"
2012,9,"Mobile Sentinel August survey",0.625,0.299999999999734,"9","Mobile Sentinel August survey.9"
2012,10,"Mobile Sentinel August survey",0.625,0.109999999999765,"10","Mobile Sentinel August survey.10"
2012,11,"Mobile Sentinel August survey",0.625,0.160000000000407,"11","Mobile Sentinel August survey.11"
2013,2,"Mobile Sentinel August survey",0.625,1.2400000000017,"2","Mobile Sentinel August survey.2"
2013,3,"Mobile Sentinel August survey",0.625,1.50999999999787,"3","Mobile Sentinel August survey.3"
2013,4,"Mobile Sentinel August survey",0.625,2.16999999999777,"4","Mobile Sentinel August survey.4"
2013,5,"Mobile Sentinel August survey",0.625,3.5100000000023,"5","Mobile Sentinel August survey.5"
2013,6,"Mobile Sentinel August survey",0.625,0.939999999999475,"6","Mobile Sentinel August survey.6"
2013,7,"Mobile Sentinel August survey",0.625,0.579999999999721,"7","Mobile Sentinel August survey.7"
2013,8,"Mobile Sentinel August survey",0.625,0.230000000000249,"8","Mobile Sentinel August survey.8"
2013,9,"Mobile Sentinel August survey",0.625,0.150000000000071,"9","Mobile Sentinel August survey.9"
2013,10,"Mobile Sentinel August survey",0.625,0.0600000000000286,"10","Mobile Sentinel August survey.10"
2013,11,"Mobile Sentinel August survey",0.625,0.0300000000000143,"11","Mobile Sentinel August survey.11"
2014,2,"Mobile Sentinel August survey",0.625,0.490000000000032,"2","Mobile Sentinel August survey.2"
2014,3,"Mobile Sentinel August survey",0.625,2.28999999999415,"3","Mobile Sentinel August survey.3"
2014,4,"Mobile Sentinel August survey",0.625,4.94999999999433,"4","Mobile Sentinel August survey.4"
2014,5,"Mobile Sentinel August survey",0.625,3.24000000000621,"5","Mobile Sentinel August survey.5"
2014,6,"Mobile Sentinel August survey",0.625,1.85999999999812,"6","Mobile Sentinel August survey.6"
2014,7,"Mobile Sentinel August survey",0.625,0.529999999999435,"7","Mobile Sentinel August survey.7"
2014,8,"Mobile Sentinel August survey",0.625,0.310000000000621,"8","Mobile Sentinel August survey.8"
2014,9,"Mobile Sentinel August survey",0.625,0.240000000000616,"9","Mobile Sentinel August survey.9"
2014,10,"Mobile Sentinel August survey",0.625,0.0399999999999626,"10","Mobile Sentinel August survey.10"
2014,11,"Mobile Sentinel August survey",0.625,0.0500000000000233,"11","Mobile Sentinel August survey.11"
2015,2,"Mobile Sentinel August survey",0.625,0.099999999999699,"2","Mobile Sentinel August survey.2"
2015,3,"Mobile Sentinel August survey",0.625,0.610000000002028,"3","Mobile Sentinel August survey.3"
2015,4,"Mobile Sentinel August survey",0.625,1.57999999999984,"4","Mobile Sentinel August survey.4"
2015,5,"Mobile Sentinel August survey",0.625,1.45000000000151,"5","Mobile Sentinel August survey.5"
2015,6,"Mobile Sentinel August survey",0.625,0.899999999997851,"6","Mobile Sentinel August survey.6"
2015,7,"Mobile Sentinel August survey",0.625,0.710000000001167,"7","Mobile Sentinel August survey.7"
2015,8,"Mobile Sentinel August survey",0.625,0.099999999999699,"8","Mobile Sentinel August survey.8"
2015,9,"Mobile Sentinel August survey",0.625,0.0799999999998712,"9","Mobile Sentinel August survey.9"
2015,10,"Mobile Sentinel August survey",0.625,0.0600000000000434,"10","Mobile Sentinel August survey.10"
2015,11,"Mobile Sentinel August survey",0.625,0.0099999999999699,"11","Mobile Sentinel August survey.11"
2016,2,"Mobile Sentinel August survey",0.625,0.0800000000001753,"2","Mobile Sentinel August survey.2"
2016,3,"Mobile Sentinel August survey",0.625,0.879999999999664,"3","Mobile Sentinel August survey.3"
2016,4,"Mobile Sentinel August survey",0.625,1.82999999999892,"4","Mobile Sentinel August survey.4"
2016,5,"Mobile Sentinel August survey",0.625,1.35999999999845,"5","Mobile Sentinel August survey.5"
2016,6,"Mobile Sentinel August survey",0.625,0.770000000001121,"6","Mobile Sentinel August survey.6"
2016,7,"Mobile Sentinel August survey",0.625,0.370000000000245,"7","Mobile Sentinel August survey.7"
2016,8,"Mobile Sentinel August survey",0.625,0.249999999999982,"8","Mobile Sentinel August survey.8"
2016,9,"Mobile Sentinel August survey",0.625,0.0700000000001533,"9","Mobile Sentinel August survey.9"
2016,10,"Mobile Sentinel August survey",0.625,0.0300000000000091,"10","Mobile Sentinel August survey.10"
2016,11,"Mobile Sentinel August survey",0.625,0.0199999999999872,"11","Mobile Sentinel August survey.11"
2017,2,"Mobile Sentinel August survey",0.625,0.120000000000081,"2","Mobile Sentinel August survey.2"
2017,3,"Mobile Sentinel August survey",0.625,0.190000000000107,"3","Mobile Sentinel August survey.3"
2017,4,"Mobile Sentinel August survey",0.625,0.549999999999838,"4","Mobile Sentinel August survey.4"
2017,5,"Mobile Sentinel August survey",0.625,0.659999999999291,"5","Mobile Sentinel August survey.5"
2017,6,"Mobile Sentinel August survey",0.625,0.519999999999753,"6","Mobile Sentinel August survey.6"
2017,7,"Mobile Sentinel August survey",0.625,0.240000000000163,"7","Mobile Sentinel August survey.7"
2017,8,"Mobile Sentinel August survey",0.625,0.179999999999994,"8","Mobile Sentinel August survey.8"
2017,9,"Mobile Sentinel August survey",0.625,0.0800000000001399,"9","Mobile Sentinel August survey.9"
2017,10,"Mobile Sentinel August survey",0.625,0.0200000000000221,"10","Mobile Sentinel August survey.10"
2017,11,"Mobile Sentinel August survey",0.625,0.0100000000000111,"11","Mobile Sentinel August survey.11"
2018,2,"Mobile Sentinel August survey",0.625,0.919999999999973,"2","Mobile Sentinel August survey.2"
2018,3,"Mobile Sentinel August survey",0.625,1.55999999999887,"3","Mobile Sentinel August survey.3"
2018,4,"Mobile Sentinel August survey",0.625,0.790000000002147,"4","Mobile Sentinel August survey.4"
2018,5,"Mobile Sentinel August survey",0.625,0.939999999999159,"5","Mobile Sentinel August survey.5"
2018,6,"Mobile Sentinel August survey",0.625,0.589999999999684,"6","Mobile Sentinel August survey.6"
2018,7,"Mobile Sentinel August survey",0.625,0.650000000001609,"7","Mobile Sentinel August survey.7"
2018,8,"Mobile Sentinel August survey",0.625,0.409999999999527,"8","Mobile Sentinel August survey.8"
2018,9,"Mobile Sentinel August survey",0.625,0.150000000000131,"9","Mobile Sentinel August survey.9"
2018,10,"Mobile Sentinel August survey",0.625,0.20999999999956,"10","Mobile Sentinel August survey.10"
2018,11,"Mobile Sentinel August survey",0.625,0.0199999999999967,"11","Mobile Sentinel August survey.11"
1995,5,"Longline Sentinel survey",0.67,2.26463579132332,"5","Longline Sentinel survey.5"
1995,6,"Longline Sentinel survey",0.67,3.32618381849495,"6","Longline Sentinel survey.6"
1995,7,"Longline Sentinel survey",0.67,8.32510998287978,"7","Longline Sentinel survey.7"
1995,8,"Longline Sentinel survey",0.67,5.95110257663541,"8","Longline Sentinel survey.8"
1995,9,"Longline Sentinel survey",0.67,3.35191831612403,"9","Longline Sentinel survey.9"
1995,10,"Longline Sentinel survey",0.67,1.26099038380452,"10","Longline Sentinel survey.10"
1995,11,"Longline Sentinel survey",0.67,0.720565933604022,"11","Longline Sentinel survey.11"
1996,5,"Longline Sentinel survey",0.67,5.11569164477199,"5","Longline Sentinel survey.5"
1996,6,"Longline Sentinel survey",0.67,7.51237238487062,"6","Longline Sentinel survey.6"
1996,7,"Longline Sentinel survey",0.67,6.26464271541506,"7","Longline Sentinel survey.7"
1996,8,"Longline Sentinel survey",0.67,10.8136571352815,"8","Longline Sentinel survey.8"
1996,9,"Longline Sentinel survey",0.67,7.73592395063286,"9","Longline Sentinel survey.9"
1996,10,"Longline Sentinel survey",0.67,3.06733543741473,"10","Longline Sentinel survey.10"
1996,11,"Longline Sentinel survey",0.67,1.46608236161133,"11","Longline Sentinel survey.11"
1997,5,"Longline Sentinel survey",0.67,3.57163345915294,"5","Longline Sentinel survey.5"
1997,6,"Longline Sentinel survey",0.67,5.86261918915217,"6","Longline Sentinel survey.6"
1997,7,"Longline Sentinel survey",0.67,8.05611616468793,"7","Longline Sentinel survey.7"
1997,8,"Longline Sentinel survey",0.67,7.96749002424698,"8","Longline Sentinel survey.8"
1997,9,"Longline Sentinel survey",0.67,10.3914149649206,"9","Longline Sentinel survey.9"
1997,10,"Longline Sentinel survey",0.67,5.54356508361655,"10","Longline Sentinel survey.10"
1997,11,"Longline Sentinel survey",0.67,1.77695411553237,"11","Longline Sentinel survey.11"
1998,5,"Longline Sentinel survey",0.67,1.48900671809182,"5","Longline Sentinel survey.5"
1998,6,"Longline Sentinel survey",0.67,3.13187746372795,"6","Longline Sentinel survey.6"
1998,7,"Longline Sentinel survey",0.67,3.14676753090944,"7","Longline Sentinel survey.7"
1998,8,"Longline Sentinel survey",0.67,2.63057853529004,"8","Longline Sentinel survey.8"
1998,9,"Longline Sentinel survey",0.67,2.23847343287219,"9","Longline Sentinel survey.9"
1998,10,"Longline Sentinel survey",0.67,2.81422269720071,"10","Longline Sentinel survey.10"
1998,11,"Longline Sentinel survey",0.67,1.38973960355248,"11","Longline Sentinel survey.11"
1999,5,"Longline Sentinel survey",0.67,3.94806342733474,"5","Longline Sentinel survey.5"
1999,6,"Longline Sentinel survey",0.67,3.88637493627621,"6","Longline Sentinel survey.6"
1999,7,"Longline Sentinel survey",0.67,7.93725251533298,"7","Longline Sentinel survey.7"
1999,8,"Longline Sentinel survey",0.67,5.59308985536188,"8","Longline Sentinel survey.8"
1999,9,"Longline Sentinel survey",0.67,5.01218989797577,"9","Longline Sentinel survey.9"
1999,10,"Longline Sentinel survey",0.67,3.40314842302128,"10","Longline Sentinel survey.10"
1999,11,"Longline Sentinel survey",0.67,1.86607685431969,"11","Longline Sentinel survey.11"
2000,5,"Longline Sentinel survey",0.67,4.04411597762345,"5","Longline Sentinel survey.5"
2000,6,"Longline Sentinel survey",0.67,6.27984504256045,"6","Longline Sentinel survey.6"
2000,7,"Longline Sentinel survey",0.67,5.97757864218072,"7","Longline Sentinel survey.7"
2000,8,"Longline Sentinel survey",0.67,9.96436823349851,"8","Longline Sentinel survey.8"
2000,9,"Longline Sentinel survey",0.67,4.47666961954159,"9","Longline Sentinel survey.9"
2000,10,"Longline Sentinel survey",0.67,3.48127509413283,"10","Longline Sentinel survey.10"
2000,11,"Longline Sentinel survey",0.67,3.61677382533884,"11","Longline Sentinel survey.11"
2001,5,"Longline Sentinel survey",0.67,2.6461603714408,"5","Longline Sentinel survey.5"
2001,6,"Longline Sentinel survey",0.67,3.98213607555055,"6","Longline Sentinel survey.6"
2001,7,"Longline Sentinel survey",0.67,7.68057074672687,"7","Longline Sentinel survey.7"
2001,8,"Longline Sentinel survey",0.67,5.22526404730714,"8","Longline Sentinel survey.8"
2001,9,"Longline Sentinel survey",0.67,3.66748542708287,"9","Longline Sentinel survey.9"
2001,10,"Longline Sentinel survey",0.67,2.18707991713807,"10","Longline Sentinel survey.10"
2001,11,"Longline Sentinel survey",0.67,1.57841144963159,"11","Longline Sentinel survey.11"
2002,5,"Longline Sentinel survey",0.67,3.8566725796458,"5","Longline Sentinel survey.5"
2002,6,"Longline Sentinel survey",0.67,4.83997688623608,"6","Longline Sentinel survey.6"
2002,7,"Longline Sentinel survey",0.67,6.98322699156679,"7","Longline Sentinel survey.7"
2002,8,"Longline Sentinel survey",0.67,6.24133272432032,"8","Longline Sentinel survey.8"
2002,9,"Longline Sentinel survey",0.67,2.64962238296989,"9","Longline Sentinel survey.9"
2002,10,"Longline Sentinel survey",0.67,1.57799733030184,"10","Longline Sentinel survey.10"
2002,11,"Longline Sentinel survey",0.67,0.830215013329631,"11","Longline Sentinel survey.11"
2003,5,"Longline Sentinel survey",0.67,3.19773842573062,"5","Longline Sentinel survey.5"
2003,6,"Longline Sentinel survey",0.67,4.75784717282975,"6","Longline Sentinel survey.6"
2003,7,"Longline Sentinel survey",0.67,5.43131026554607,"7","Longline Sentinel survey.7"
2003,8,"Longline Sentinel survey",0.67,5.96426666982093,"8","Longline Sentinel survey.8"
2003,9,"Longline Sentinel survey",0.67,4.40900298094767,"9","Longline Sentinel survey.9"
2003,10,"Longline Sentinel survey",0.67,1.72484072661017,"10","Longline Sentinel survey.10"
2003,11,"Longline Sentinel survey",0.67,1.67639014440311,"11","Longline Sentinel survey.11"
2004,5,"Longline Sentinel survey",0.67,3.41767665782719,"5","Longline Sentinel survey.5"
2004,6,"Longline Sentinel survey",0.67,4.68528854234234,"6","Longline Sentinel survey.6"
2004,7,"Longline Sentinel survey",0.67,6.31368227089381,"7","Longline Sentinel survey.7"
2004,8,"Longline Sentinel survey",0.67,5.75300778351503,"8","Longline Sentinel survey.8"
2004,9,"Longline Sentinel survey",0.67,5.91877241458173,"9","Longline Sentinel survey.9"
2004,10,"Longline Sentinel survey",0.67,3.41280122751509,"10","Longline Sentinel survey.10"
2004,11,"Longline Sentinel survey",0.67,0.867826597854532,"11","Longline Sentinel survey.11"
2005,5,"Longline Sentinel survey",0.67,1.29107518294812,"5","Longline Sentinel survey.5"
2005,6,"Longline Sentinel survey",0.67,2.74857802619206,"6","Longline Sentinel survey.6"
2005,7,"Longline Sentinel survey",0.67,3.84800923666888,"7","Longline Sentinel survey.7"
2005,8,"Longline Sentinel survey",0.67,4.01948015941855,"8","Longline Sentinel survey.8"
2005,9,"Longline Sentinel survey",0.67,3.63114895203741,"9","Longline Sentinel survey.9"
2005,10,"Longline Sentinel survey",0.67,2.13834327175238,"10","Longline Sentinel survey.10"
2005,11,"Longline Sentinel survey",0.67,1.46254610568248,"11","Longline Sentinel survey.11"
2006,5,"Longline Sentinel survey",0.67,1.9444627071518,"5","Longline Sentinel survey.5"
2006,6,"Longline Sentinel survey",0.67,2.85706387104502,"6","Longline Sentinel survey.6"
2006,7,"Longline Sentinel survey",0.67,3.16299267030969,"7","Longline Sentinel survey.7"
2006,8,"Longline Sentinel survey",0.67,2.74298872556439,"8","Longline Sentinel survey.8"
2006,9,"Longline Sentinel survey",0.67,2.64965451562277,"9","Longline Sentinel survey.9"
2006,10,"Longline Sentinel survey",0.67,1.59186680292435,"10","Longline Sentinel survey.10"
2006,11,"Longline Sentinel survey",0.67,1.11482528543552,"11","Longline Sentinel survey.11"
2007,5,"Longline Sentinel survey",0.67,0.697459775879919,"5","Longline Sentinel survey.5"
2007,6,"Longline Sentinel survey",0.67,2.20862262361379,"6","Longline Sentinel survey.6"
2007,7,"Longline Sentinel survey",0.67,2.58905522864569,"7","Longline Sentinel survey.7"
2007,8,"Longline Sentinel survey",0.67,2.12408204471894,"8","Longline Sentinel survey.8"
2007,9,"Longline Sentinel survey",0.67,0.9193787954771,"9","Longline Sentinel survey.9"
2007,10,"Longline Sentinel survey",0.67,1.05147344999634,"10","Longline Sentinel survey.10"
2007,11,"Longline Sentinel survey",0.67,0.618202983166129,"11","Longline Sentinel survey.11"
2008,5,"Longline Sentinel survey",0.67,0.862862826592787,"5","Longline Sentinel survey.5"
2008,6,"Longline Sentinel survey",0.67,1.53336769821165,"6","Longline Sentinel survey.6"
2008,7,"Longline Sentinel survey",0.67,2.50614935621876,"7","Longline Sentinel survey.7"
2008,8,"Longline Sentinel survey",0.67,1.91808360816132,"8","Longline Sentinel survey.8"
2008,9,"Longline Sentinel survey",0.67,1.2310909118298,"9","Longline Sentinel survey.9"
2008,10,"Longline Sentinel survey",0.67,0.758439936749958,"10","Longline Sentinel survey.10"
2008,11,"Longline Sentinel survey",0.67,0.324260552668732,"11","Longline Sentinel survey.11"
2009,5,"Longline Sentinel survey",0.67,0.386137022828987,"5","Longline Sentinel survey.5"
2009,6,"Longline Sentinel survey",0.67,1.91523963322822,"6","Longline Sentinel survey.6"
2009,7,"Longline Sentinel survey",0.67,0.926728854787624,"7","Longline Sentinel survey.7"
2009,8,"Longline Sentinel survey",0.67,1.86890319048849,"8","Longline Sentinel survey.8"
2009,9,"Longline Sentinel survey",0.67,0.885540905690273,"9","Longline Sentinel survey.9"
2009,10,"Longline Sentinel survey",0.67,0.736234590193277,"10","Longline Sentinel survey.10"
2009,11,"Longline Sentinel survey",0.67,0.226533720059737,"11","Longline Sentinel survey.11"
2010,5,"Longline Sentinel survey",0.67,0.915345727396109,"5","Longline Sentinel survey.5"
2010,6,"Longline Sentinel survey",0.67,0.771306552022297,"6","Longline Sentinel survey.6"
2010,7,"Longline Sentinel survey",0.67,1.44039175377202,"7","Longline Sentinel survey.7"
2010,8,"Longline Sentinel survey",0.67,0.775952977034174,"8","Longline Sentinel survey.8"
2010,9,"Longline Sentinel survey",0.67,0.985042102579902,"9","Longline Sentinel survey.9"
2010,10,"Longline Sentinel survey",0.67,0.566863851482795,"10","Longline Sentinel survey.10"
2010,11,"Longline Sentinel survey",0.67,0.19514985051123,"11","Longline Sentinel survey.11"
2011,5,"Longline Sentinel survey",0.67,1.33362188661046,"5","Longline Sentinel survey.5"
2011,6,"Longline Sentinel survey",0.67,1.43322850054752,"6","Longline Sentinel survey.6"
2011,7,"Longline Sentinel survey",0.67,0.630841888271315,"7","Longline Sentinel survey.7"
2011,8,"Longline Sentinel survey",0.67,0.664044092920273,"8","Longline Sentinel survey.8"
2011,9,"Longline Sentinel survey",0.67,0.442696061945376,"9","Longline Sentinel survey.9"
2011,10,"Longline Sentinel survey",0.67,0.326488345684819,"10","Longline Sentinel survey.10"
2011,11,"Longline Sentinel survey",0.67,0.0774718108402077,"11","Longline Sentinel survey.11"
2012,5,"Longline Sentinel survey",0.67,2.03192088199024,"5","Longline Sentinel survey.5"
2012,6,"Longline Sentinel survey",0.67,2.65670938848282,"6","Longline Sentinel survey.6"
2012,7,"Longline Sentinel survey",0.67,1.91782906776304,"7","Longline Sentinel survey.7"
2012,8,"Longline Sentinel survey",0.67,0.744313264258911,"8","Longline Sentinel survey.8"
2012,9,"Longline Sentinel survey",0.67,0.679117941842256,"9","Longline Sentinel survey.9"
2012,10,"Longline Sentinel survey",0.67,0.358574273292905,"10","Longline Sentinel survey.10"
2012,11,"Longline Sentinel survey",0.67,0.287946007340589,"11","Longline Sentinel survey.11"
2013,5,"Longline Sentinel survey",0.67,0.725288363936057,"5","Longline Sentinel survey.5"
2013,6,"Longline Sentinel survey",0.67,1.00424542699158,"6","Longline Sentinel survey.6"
2013,7,"Longline Sentinel survey",0.67,1.42014504826757,"7","Longline Sentinel survey.7"
2013,8,"Longline Sentinel survey",0.67,1.46072062107758,"8","Longline Sentinel survey.8"
2013,9,"Longline Sentinel survey",0.67,0.491978820293286,"9","Longline Sentinel survey.9"
2013,10,"Longline Sentinel survey",0.67,0.603561645511935,"10","Longline Sentinel survey.10"
2013,11,"Longline Sentinel survey",0.67,0.228237597043002,"11","Longline Sentinel survey.11"
2014,5,"Longline Sentinel survey",0.67,1.60992617843412,"5","Longline Sentinel survey.5"
2014,6,"Longline Sentinel survey",0.67,1.20567158737161,"6","Longline Sentinel survey.6"
2014,7,"Longline Sentinel survey",0.67,0.921984155050401,"7","Longline Sentinel survey.7"
2014,8,"Longline Sentinel survey",0.67,0.723402952421934,"8","Longline Sentinel survey.8"
2014,9,"Longline Sentinel survey",0.67,0.212765574242201,"9","Longline Sentinel survey.9"
2014,10,"Longline Sentinel survey",0.67,0.354609290403324,"10","Longline Sentinel survey.10"
2014,11,"Longline Sentinel survey",0.67,0.14184371616164,"11","Longline Sentinel survey.11"
2015,5,"Longline Sentinel survey",0.67,0.729684760376472,"5","Longline Sentinel survey.5"
2015,6,"Longline Sentinel survey",0.67,1.03668627541183,"6","Longline Sentinel survey.6"
2015,7,"Longline Sentinel survey",0.67,1.04113557273159,"7","Longline Sentinel survey.7"
2015,8,"Longline Sentinel survey",0.67,0.458277623895177,"8","Longline Sentinel survey.8"
2015,9,"Longline Sentinel survey",0.67,0.36929167750719,"9","Longline Sentinel survey.9"
2015,10,"Longline Sentinel survey",0.67,0.315900109674884,"10","Longline Sentinel survey.10"
2015,11,"Longline Sentinel survey",0.67,0.0978845410258949,"11","Longline Sentinel survey.11"
2016,5,"Longline Sentinel survey",0.67,1.5023095727709,"5","Longline Sentinel survey.5"
2016,6,"Longline Sentinel survey",0.67,2.19166048432307,"6","Longline Sentinel survey.6"
2016,7,"Longline Sentinel survey",0.67,1.83509966799944,"7","Longline Sentinel survey.7"
2016,8,"Longline Sentinel survey",0.67,0.950828843524775,"8","Longline Sentinel survey.8"
2016,9,"Longline Sentinel survey",0.67,0.389839825845011,"9","Longline Sentinel survey.9"
2016,10,"Longline Sentinel survey",0.67,0.280494508839882,"10","Longline Sentinel survey.10"
2016,11,"Longline Sentinel survey",0.67,0.180657480269854,"11","Longline Sentinel survey.11"
2017,5,"Longline Sentinel survey",0.67,2.09228964942923,"5","Longline Sentinel survey.5"
2017,6,"Longline Sentinel survey",0.67,2.78332109327595,"6","Longline Sentinel survey.6"
2017,7,"Longline Sentinel survey",0.67,1.88114115269646,"7","Longline Sentinel survey.7"
2017,8,"Longline Sentinel survey",0.67,1.31807849474868,"8","Longline Sentinel survey.8"
2017,9,"Longline Sentinel survey",0.67,1.02375028718207,"9","Longline Sentinel survey.9"
2017,10,"Longline Sentinel survey",0.67,0.15356254307684,"10","Longline Sentinel survey.10"
2017,11,"Longline Sentinel survey",0.67,0.15356254307684,"11","Longline Sentinel survey.11"
