"year","age","obs","M_assumption"
1986,2,0.14,0.65
1987,2,0.12,0.65
1988,2,0.16,0.65
1989,2,0.13,0.65
1990,2,0.18,0.65
1991,2,0.15,0.65
1992,2,0.17,0.65
1993,2,0.14,0.65
1994,2,0.14,0.65
1995,2,0.14,0.65
1996,2,0.19,0.65
1997,2,0.13,0.65
1998,2,0.13,0.65
1999,2,0.15,0.65
2000,2,0.15,0.65
2001,2,0.1,0.65
2002,2,0.11,0.65
2003,2,0.12,0.65
2004,2,0.12,0.65
2005,2,0.14,0.65
2006,2,0.16,0.65
2007,2,0.08,0.65
2008,2,0.09,0.65
2009,2,0.16,0.65
2010,2,0.06,0.65
2011,2,0.1,0.65
2012,2,0.08,0.65
2013,2,0.11,0.65
2014,2,0.13,0.65
2015,2,0.08,0.65
2016,2,0.09,0.65
2017,2,0.11,0.65
2018,2,0.1,0.65
1986,3,0.27,0.65
1987,3,0.25,0.65
1988,3,0.3,0.65
1989,3,0.28,0.65
1990,3,0.33,0.65
1991,3,0.27,0.65
1992,3,0.3,0.65
1993,3,0.3,0.65
1994,3,0.31,0.65
1995,3,0.25,0.65
1996,3,0.34,0.65
1997,3,0.22,0.65
1998,3,0.3,0.65
1999,3,0.28,0.65
2000,3,0.32,0.65
2001,3,0.32,0.65
2002,3,0.27,0.65
2003,3,0.26,0.65
2004,3,0.21,0.65
2005,3,0.3,0.65
2006,3,0.24,0.65
2007,3,0.33,0.65
2008,3,0.21,0.65
2009,3,0.26,0.65
2010,3,0.26,0.65
2011,3,0.17,0.65
2012,3,0.23,0.65
2013,3,0.19,0.65
2014,3,0.21,0.65
2015,3,0.21,0.65
2016,3,0.22,0.65
2017,3,0.21,0.65
2018,3,0.17,0.65
1986,4,0.51,0.65
1987,4,0.42,0.65
1988,4,0.47,0.65
1989,4,0.49,0.65
1990,4,0.54,0.65
1991,4,0.48,0.65
1992,4,0.43,0.65
1993,4,0.45,0.65
1994,4,0.46,0.65
1995,4,0.5,0.65
1996,4,0.45,0.65
1997,4,0.56,0.65
1998,4,0.45,0.65
1999,4,0.49,0.65
2000,4,0.47,0.65
2001,4,0.54,0.65
2002,4,0.48,0.65
2003,4,0.41,0.65
2004,4,0.37,0.65
2005,4,0.37,0.65
2006,4,0.53,0.65
2007,4,0.47,0.65
2008,4,0.43,0.65
2009,4,0.4,0.65
2010,4,0.41,0.65
2011,4,0.33,0.65
2012,4,0.35,0.65
2013,4,0.32,0.65
2014,4,0.36,0.65
2015,4,0.36,0.65
2016,4,0.41,0.65
2017,4,0.37,0.65
2018,4,0.3,0.65
1986,5,0.65,0.15
1987,5,0.65,0.15
1988,5,0.66,0.15
1989,5,0.7,0.15
1990,5,0.76,0.15
1991,5,0.69,0.15
1992,5,0.72,0.15
1993,5,0.64,0.15
1994,5,0.66,0.15
1995,5,0.67,0.15
1996,5,0.77,0.15
1997,5,0.77,0.15
1998,5,0.79,0.15
1999,5,0.74,0.15
2000,5,0.79,0.15
2001,5,0.78,0.15
2002,5,0.67,0.15
2003,5,0.78,0.15
2004,5,0.67,0.15
2005,5,0.6,0.15
2006,5,0.65,0.15
2007,5,0.71,0.15
2008,5,0.61,0.15
2009,5,0.56,0.15
2010,5,0.6,0.15
2011,5,0.62,0.15
2012,5,0.69,0.15
2013,5,0.54,0.15
2014,5,0.6,0.15
2015,5,0.59,0.15
2016,5,0.62,0.15
2017,5,0.49,0.15
2018,5,0.47,0.15
1986,6,0.81,0.15
1987,6,0.79,0.15
1988,6,0.85,0.15
1989,6,0.89,0.15
1990,6,0.96,0.15
1991,6,0.93,0.15
1992,6,0.93,0.15
1993,6,0.91,0.15
1994,6,0.83,0.15
1995,6,0.84,0.15
1996,6,0.93,0.15
1997,6,1.09,0.15
1998,6,1.05,0.15
1999,6,0.99,0.15
2000,6,1.03,0.15
2001,6,1.05,0.15
2002,6,0.89,0.15
2003,6,1.07,0.15
2004,6,0.96,0.15
2005,6,0.88,0.15
2006,6,0.88,0.15
2007,6,0.89,0.15
2008,6,0.86,0.15
2009,6,0.82,0.15
2010,6,0.91,0.15
2011,6,0.86,0.15
2012,6,0.91,0.15
2013,6,0.72,0.15
2014,6,0.85,0.15
2015,6,0.91,0.15
2016,6,0.87,0.15
2017,6,0.72,0.15
2018,6,0.62,0.15
1986,7,1.04,0.15
1987,7,0.93,0.15
1988,7,0.94,0.15
1989,7,1.06,0.15
1990,7,1.14,0.15
1991,7,1.08,0.15
1992,7,1.1,0.15
1993,7,1.06,0.15
1994,7,1.12,0.15
1995,7,1.03,0.15
1996,7,1.11,0.15
1997,7,1.28,0.15
1998,7,1.36,0.15
1999,7,1.25,0.15
2000,7,1.3,0.15
2001,7,1.34,0.15
2002,7,1.13,0.15
2003,7,1.25,0.15
2004,7,1.23,0.15
2005,7,1.18,0.15
2006,7,1.12,0.15
2007,7,1.06,0.15
2008,7,1.04,0.15
2009,7,0.98,0.15
2010,7,1.13,0.15
2011,7,1.13,0.15
2012,7,1.19,0.15
2013,7,0.97,0.15
2014,7,1.24,0.15
2015,7,1.17,0.15
2016,7,1.22,0.15
2017,7,0.95,0.15
2018,7,0.83,0.15
1986,8,1.32,0.15
1987,8,1.13,0.15
1988,8,1.06,0.15
1989,8,1.11,0.15
1990,8,1.24,0.15
1991,8,1.24,0.15
1992,8,1.25,0.15
1993,8,1.26,0.15
1994,8,1.34,0.15
1995,8,1.25,0.15
1996,8,1.29,0.15
1997,8,1.55,0.15
1998,8,1.49,0.15
1999,8,1.53,0.15
2000,8,1.48,0.15
2001,8,1.56,0.15
2002,8,1.43,0.15
2003,8,1.49,0.15
2004,8,1.52,0.15
2005,8,1.42,0.15
2006,8,1.41,0.15
2007,8,1.27,0.15
2008,8,1.31,0.15
2009,8,1.24,0.15
2010,8,1.38,0.15
2011,8,1.3,0.15
2012,8,1.37,0.15
2013,8,1.4,0.15
2014,8,1.52,0.15
2015,8,1.59,0.15
2016,8,1.52,0.15
2017,8,1.44,0.15
2018,8,0.95,0.15
1986,9,2.29,0.15
1987,9,1.49,0.15
1988,9,1.27,0.15
1989,9,1.17,0.15
1990,9,1.27,0.15
1991,9,1.4,0.15
1992,9,1.49,0.15
1993,9,1.41,0.15
1994,9,1.49,0.15
1995,9,1.6,0.15
1996,9,1.58,0.15
1997,9,1.63,0.15
1998,9,1.76,0.15
1999,9,1.61,0.15
2000,9,1.78,0.15
2001,9,1.89,0.15
2002,9,1.55,0.15
2003,9,1.79,0.15
2004,9,1.69,0.15
2005,9,1.63,0.15
2006,9,1.58,0.15
2007,9,1.51,0.15
2008,9,1.46,0.15
2009,9,1.44,0.15
2010,9,1.57,0.15
2011,9,1.54,0.15
2012,9,1.72,0.15
2013,9,1.93,0.15
2014,9,1.96,0.15
2015,9,1.98,0.15
2016,9,1.82,0.15
2017,9,1.86,0.15
2018,9,2.3,0.15
1986,10,1.79,0.15
1987,10,1.79,0.15
1988,10,2.4,0.15
1989,10,1.29,0.15
1990,10,1.35,0.15
1991,10,1.36,0.15
1992,10,1.89,0.15
1993,10,2.21,0.15
1994,10,1.58,0.15
1995,10,2.33,0.15
1996,10,2.36,0.15
1997,10,1.97,0.15
1998,10,1.83,0.15
1999,10,1.77,0.15
2000,10,1.61,0.15
2001,10,2.05,0.15
2002,10,1.91,0.15
2003,10,1.97,0.15
2004,10,2.09,0.15
2005,10,1.93,0.15
2006,10,1.94,0.15
2007,10,1.65,0.15
2008,10,1.71,0.15
2009,10,1.68,0.15
2010,10,1.63,0.15
2011,10,2.05,0.15
2012,10,1.78,0.15
2013,10,2.37,0.15
2014,10,2.42,0.15
2015,10,2.52,0.15
2016,10,2.97,0.15
2017,10,2.75,0.15
2018,10,2.55,0.15
1986,11,2.73,0.15
1987,11,2.36,0.15
1988,11,2.48,0.15
1989,11,2.03,0.15
1990,11,1.44,0.15
1991,11,1.37,0.15
1992,11,1.98,0.15
1993,11,1.49,0.15
1994,11,2.42,0.15
1995,11,2.54,0.15
1996,11,2.59,0.15
1997,11,2.25,0.15
1998,11,2.32,0.15
1999,11,1.69,0.15
2000,11,1.74,0.15
2001,11,2.13,0.15
2002,11,2.12,0.15
2003,11,1.98,0.15
2004,11,2.37,0.15
2005,11,2.03,0.15
2006,11,1.91,0.15
2007,11,2.27,0.15
2008,11,1.74,0.15
2009,11,2.55,0.15
2010,11,1.79,0.15
2011,11,1.64,0.15
2012,11,2.01,0.15
2013,11,1.7,0.15
2014,11,2.84,0.15
2015,11,2.66,0.15
2016,11,2.6,0.15
2017,11,2.75,0.15
2018,11,1.26,0.15
